{"stats":{"minecraft:broken":{"slashblade:slashblade":1},"minecraft:crafted":{"minecraft:chest":1,"minecraft:wheat":279,"minecraft:crimson_planks":24,"minecraft:crafting_table":2,"minecraft:smithing_table":1,"minecraft:bread":92},"minecraft:mined":{"biomesoplenty:burning_blossom":1,"biomesoplenty:bush":1,"minecraft:grass_block":1,"biomesoplenty:dead_grass":1,"minecraft:crimson_stem":13,"minecraft:hay_block":31,"minecraft:fire":2,"minecraft:azure_bluet":1,"minecraft:vine":2,"minecraft:stripped_mangrove_wood":5,"minecraft:soul_fire":1,"minecraft:crafting_table":2,"minecraft:chest":1,"minecraft:rose_bush":1,"minecraft:tall_grass":3,"biomesoplenty:sprout":3,"biomesoplenty:huge_clover_petal":3,"minecraft:lilac":3,"minecraft:wither_rose":1,"minecraft:grass":16,"biomesoplenty:clover":24,"minecraft:oak_log":1,"minecraft:sand":4,"minecraft:dirt":5,"minecraft:dark_oak_planks":1},"minecraft:dropped":{"sophisticatedbackpacks:iron_backpack":1,"minecraft:porkchop":1,"minecraft:wheat_seeds":1,"minecraft:lilac":3,"minecraft:crafting_table":1,"minecraft:iron_helmet":1,"minecraft:stone_button":2,"minecraft:diamond_helmet":1,"minecraft:fermented_spider_eye":1,"minecraft:nether_wart":2,"minecraft:cobblestone_wall":7,"minecraft:rotten_flesh":1,"minecraft:azure_bluet":1,"minecraft:diamond_sword":1,"minecraft:turtle_helmet":1,"minecraft:shield":2,"minecraft:spruce_trapdoor":3,"minecraft:iron_chestplate":2,"slashblade:slashblade":2,"apotheosis:gem":2,"minecraft:oak_sapling":2,"minecraft:spruce_slab":2,"minecraft:iron_bars":4,"minecraft:arrow":3,"minecraft:stone_brick_stairs":9,"darkestsouls:soul_fragment":12,"slashblade:proudsoul_tiny":1},"minecraft:picked_up":{"sophisticatedbackpacks:gold_backpack":1,"minecraft:crafting_table":4,"minecraft:iron_chestplate":2,"biomesoplenty:burning_blossom":1,"minecraft:azure_bluet":1,"minecraft:chicken":1,"minecraft:nether_wart":2,"minecraft:flower_pot":3,"minecraft:turtle_helmet":1,"minecraft:diamond_sword":1,"minecraft:stone_brick_wall":2,"minecraft:wither_rose":8,"minecraft:stone_brick_stairs":9,"minecraft:shield":2,"darkestsouls:beast_blood_clump":3,"minecraft:cornflower":1,"minecraft:string":4,"minecraft:flint_and_steel":1,"minecraft:beetroot_soup":1,"minecraft:item_frame":2,"darkestsouls:rune_fragment":4,"knighys_additions:wither_bone":1,"alexsmobs:dropbear_claw":1,"minecraft:bucket":1,"minecraft:spruce_planks":3,"minecraft:iron_nugget":5,"minecraft:spruce_slab":2,"minecraft:chest":1,"minecraft:spruce_trapdoor":3,"minecraft:golden_helmet":1,"minecraft:stick":2,"minecraft:stripped_mangrove_wood":4,"apotheosis:gem":13,"darkestsouls:soul_fragment":17,"minecraft:porkchop":4,"minecraft:stone_button":3,"minecraft:dark_oak_planks":1,"minecraft:rotten_flesh":16,"slashblade:proudsoul":1,"minecraft:arrow":9,"minecraft:hay_block":31,"darkestsouls:titanite_fragment":1,"minecraft:mutton":2,"minecraft:iron_bars":4,"minecraft:white_wool":1,"minecraft:cobblestone":2,"minecraft:feather":1,"minecraft:lilac":3,"minecraft:crimson_stem":13,"minecraft:golden_boots":1,"minecraft:gunpowder":2,"minecraft:cobblestone_wall":15,"minecraft:mangrove_slab":1,"minecraft:dirt":10,"minecraft:bone":5,"minecraft:stone_bricks":36,"minecraft:bow":1,"minecraft:wheat_seeds":1,"minecraft:iron_ingot":2,"minecraft:diamond_helmet":1,"slashblade:slashblade":2,"minecraft:iron_sword":1,"minecraft:soul_sand":9,"minecraft:book":6,"slashblade:proudsoul_tiny":2,"minecraft:birch_boat":2,"minecraft:sand":12,"sophisticatedbackpacks:iron_backpack":1,"minecraft:white_bed":1,"minecraft:fermented_spider_eye":1,"minecraft:iron_helmet":1,"minecraft:golden_apple":1,"darkestsouls:small_soul_fragment":1,"minecraft:oak_sapling":2},"minecraft:used":{"minecraft:iron_sword":9,"slashblade:slashblade":2709,"minecraft:stone_bricks":5,"biomesoplenty:burning_blossom":1,"minecraft:birch_boat":1,"minecraft:sand":12,"minecraft:crafting_table":4,"minecraft:white_bed":1,"minecraft:bread":31,"minecraft:stone_button":1,"minecraft:smithing_table":1},"minecraft:killed":{"darkestsouls:hollow_axe":1,"darkestsouls:gravetender_hollow_longsword":2,"alexsmobs:dropbear":1,"darkestsouls:church_doctor":1,"minecraft:zombified_piglin":26,"darkestsouls:church_doctor_scythe":2,"darkestsouls:church_doctor_flamesprayer":1,"knighys_additions:auge":2,"minecraft:horse":1,"minecraft:skeleton":9,"arphex:sun_scorpion_tiny":1,"darkestsouls:hollow_broken_straightsword":1,"valarian_conquest:valarian_archer":1,"darkestsouls:beast_patient":3,"darkestsouls:church_doctor_lantern":1,"darkestsouls:hollow_assassin":1,"darkestsouls:hollow_longsword":7,"minecraft:husk":14,"arphex:spider_larvae_tiny":7,"minecraft:pig":1,"minecraft:creeper":2,"arphex:centipede_evictor_larvae":4,"minecraft:sheep":1,"minecraft:zombie":3,"arphex:spider_larvae":7,"minecraft:wither_skeleton":1,"apollyon:the_damned":4},"minecraft:custom":{"minecraft:interact_with_anvil":4,"minecraft:mob_kills":116,"minecraft:interact_with_crafting_table":16,"minecraft:open_barrel":3,"minecraft:damage_dealt_resisted":319,"minecraft:eat_cake_slice":8,"minecraft:leave_game":1,"minecraft:time_since_death":32216,"minecraft:climb_one_cm":2141,"minecraft:damage_resisted":0,"minecraft:sprint_one_cm":114698,"minecraft:walk_one_cm":527226,"minecraft:drop":50,"minecraft:damage_dealt_absorbed":82,"minecraft:talked_to_villager":2,"minecraft:play_time":142026,"minecraft:deaths":7,"minecraft:sneak_time":15250,"minecraft:walk_under_water_one_cm":12453,"minecraft:boat_one_cm":54134,"minecraft:jump":1337,"minecraft:walk_on_water_one_cm":16208,"minecraft:total_world_time":142026,"minecraft:time_since_rest":32257,"minecraft:damage_taken":4811,"minecraft:trigger_trapped_chest":1,"minecraft:damage_dealt":23812,"minecraft:swim_one_cm":52917,"minecraft:fly_one_cm":157156,"minecraft:player_kills":2,"minecraft:open_chest":8,"minecraft:crouch_one_cm":38252,"minecraft:fall_one_cm":49331,"minecraft:interact_with_smithing_table":5,"minecraft:horse_one_cm":20825},"minecraft:killed_by":{"minecraft:ghast":1,"minecraft:husk":1,"darkestsouls:church_doctor":1,"minecraft:zombified_piglin":1,"minecraft:hoglin":1}},"DataVersion":3465}