{"stats":{"minecraft:broken":{"slashblade:slashblade":1},"minecraft:dropped":{"minecraft:stone_button":1,"slashblade:proudsoul_tiny":1},"minecraft:picked_up":{"slashblade:proudsoul_tiny":1,"slashblade:proudsoul":1,"alexsmobs:dropbear_claw":1,"minecraft:stone_button":1},"minecraft:used":{"slashblade:slashblade":131},"minecraft:killed":{"alexsmobs:dropbear":1,"minecraft:zombified_piglin":8},"minecraft:custom":{"minecraft:time_since_rest":16295,"minecraft:crouch_one_cm":1322,"minecraft:walk_one_cm":18582,"minecraft:play_time":16295,"minecraft:damage_taken":386,"minecraft:sneak_time":525,"minecraft:mob_kills":9,"minecraft:drop":2,"minecraft:damage_dealt_resisted":0,"minecraft:jump":22,"minecraft:damage_dealt":1160,"minecraft:time_since_death":16295,"minecraft:total_world_time":16295,"minecraft:fly_one_cm":1282,"minecraft:fall_one_cm":2749}},"DataVersion":3465}