{"stats":{"minecraft:broken":{"slashblade:slashblade":1},"minecraft:mined":{"gravestone:gravestone":3,"biomesoplenty:bramble":13,"minecraft:soul_sand":1,"minecraft:nether_quartz_ore":4,"minecraft:fire":2,"minecraft:basalt":5,"biomesoplenty:sprout":1,"biomesoplenty:rose_quartz_cluster":1,"biomesoplenty:large_rose_quartz_bud":2,"minecraft:netherrack":709,"biomesoplenty:willow_vine":119,"biomesoplenty:bramble_leaves":2,"minecraft:nether_gold_ore":18},"minecraft:dropped":{"gravestone:obituary":5},"minecraft:picked_up":{"biomesoplenty:bramble":3,"slashblade:proudsoul":1,"minecraft:arrow":1,"minecraft:bone":2,"biomesoplenty:rose_quartz_chunk":1,"minecraft:netherrack":282,"minecraft:basalt":3,"minecraft:soul_sand":1},"minecraft:used":{"slashblade:slashblade":143,"minecraft:netherrack":9},"minecraft:killed":{"minecraft:skeleton":2},"minecraft:custom":{"minecraft:time_since_rest":2312,"minecraft:crouch_one_cm":1953,"minecraft:sprint_one_cm":62239,"minecraft:play_time":36966,"minecraft:deaths":6,"minecraft:damage_taken":2786,"minecraft:walk_one_cm":113174,"minecraft:sneak_time":543,"minecraft:mob_kills":2,"minecraft:drop":5,"minecraft:damage_dealt_resisted":24,"minecraft:jump":343,"minecraft:damage_dealt":752,"minecraft:leave_game":1,"minecraft:time_since_death":2276,"minecraft:total_world_time":36966,"minecraft:damage_resisted":0,"minecraft:fall_one_cm":22101,"minecraft:fly_one_cm":51116},"minecraft:killed_by":{"apollyon:the_damned":1}},"DataVersion":3465}