{"stats":{"minecraft:broken":{"minecraft:iron_axe":1,"minecraft:leather_boots":1,"minecraft:stone_axe":1,"minecraft:wooden_axe":1,"minecraft:fishing_rod":2,"minecraft:stone_shovel":1},"minecraft:mined":{"minecraft:spruce_planks":2,"minecraft:oak_door":1,"farmersdelight:wild_carrots":17,"minecraft:ladder":9,"gravestone:gravestone":17,"minecraft:grass_block":62,"minecraft:spruce_fence":1,"minecraft:blue_wool":6,"minecraft:large_fern":2,"minecraft:hay_block":16,"minecraft:furnace":4,"minecraft:iron_ore":17,"minecraft:azure_bluet":3,"minecraft:dirt_path":4,"minecraft:oak_stairs":16,"minecraft:stone":148,"minecraft:orange_bed":2,"minecraft:podzol":1,"minecraft:oak_slab":7,"minecraft:glass_pane":8,"minecraft:kelp_plant":1,"minecraft:crafting_table":8,"minecraft:emerald_ore":3,"minecraft:oak_wood":3,"world:pf_2":1,"minecraft:rose_bush":1,"minecraft:cobblestone":2,"minecraft:glass":2,"minecraft:oak_planks":7,"minecraft:wall_torch":1,"minecraft:blue_bed":2,"minecraft:pink_petals":1,"minecraft:white_carpet":2,"minecraft:spruce_log":9,"minecraft:grass":12,"minecraft:oak_log":36,"minecraft:coal_ore":34,"minecraft:sand":1,"minecraft:dirt":58,"minecraft:oak_leaves":5},"minecraft:crafted":{"minecraft:oak_door":3,"minecraft:oak_planks":260,"minecraft:barrel":6,"minecraft:fishing_rod":2,"minecraft:furnace":2,"minecraft:bone_meal":3,"minecraft:white_carpet":42,"minecraft:glass_pane":32,"minecraft:oak_trapdoor":2,"minecraft:glass":24,"minecraft:iron_axe":3,"minecraft:ladder":9,"minecraft:chest":2,"minecraft:spruce_boat":1,"minecraft:stone_hoe":1,"minecraft:wheat":135,"minecraft:cooked_cod":18,"minecraft:oak_slab":72,"minecraft:cooked_porkchop":6,"minecraft:crafting_table":5,"minecraft:spruce_planks":36,"minecraft:blue_bed":2,"minecraft:cooked_salmon":5,"minecraft:bucket":1,"minecraft:bread":45,"minecraft:air":0,"minecraft:oak_boat":2,"minecraft:shield":2,"minecraft:stick":36,"minecraft:iron_ingot":21,"minecraft:iron_pickaxe":2,"minecraft:oak_stairs":48,"minecraft:wooden_axe":1,"minecraft:torch":8,"minecraft:shears":1},"minecraft:custom":{"minecraft:mob_kills":76,"minecraft:interact_with_crafting_table":43,"minecraft:open_barrel":5,"minecraft:interact_with_campfire":54,"minecraft:bell_ring":2,"minecraft:damage_dealt_resisted":18,"minecraft:time_since_death":19480,"minecraft:climb_one_cm":6012,"minecraft:sprint_one_cm":414761,"minecraft:walk_one_cm":849949,"minecraft:damage_blocked_by_shield":200,"minecraft:drop":115,"minecraft:talked_to_villager":28,"minecraft:play_time":296159,"minecraft:deaths":17,"minecraft:sneak_time":6592,"minecraft:walk_under_water_one_cm":42688,"minecraft:boat_one_cm":369253,"minecraft:jump":2074,"minecraft:walk_on_water_one_cm":38250,"minecraft:total_world_time":296159,"minecraft:interact_with_furnace":31,"minecraft:traded_with_villager":2,"minecraft:sleep_in_bed":12,"minecraft:time_since_rest":19501,"minecraft:damage_taken":10006563,"minecraft:damage_dealt":19752,"minecraft:swim_one_cm":97380,"minecraft:fly_one_cm":155333,"minecraft:open_chest":100,"minecraft:crouch_one_cm":11878,"minecraft:fish_caught":92,"minecraft:fall_one_cm":31877,"minecraft:horse_one_cm":21576},"minecraft:killed_by":{"darkestsouls:cloaked_beast_patient":4,"minecraft:iron_golem":2,"valarian_conquest:valarian_raider":1,"bwrtherain:vapor":1,"apollyon:the_damned":3,"darkestsouls:hollow_assassin":1,"minecraft:zombie":1,"valarian_conquest:valarian_ranger":1,"darkestsouls:beast_patient":2},"minecraft:dropped":{"minecraft:stone_hoe":1,"minecraft:wheat_seeds":4,"minecraft:cooked_porkchop":1,"minecraft:prismarine_crystals":2,"minecraft:stick":1,"minecraft:pufferfish":1,"minecraft:red_mushroom":1,"minecraft:emerald":2,"minecraft:dirt":1,"minecraft:cooked_cod":19,"minecraft:cooked_salmon":8,"gravestone:obituary":22,"minecraft:wither_rose":3,"minecraft:iron_axe":1,"minecraft:iron_pickaxe":1,"minecraft:fermented_spider_eye":1,"minecraft:pink_petals":4,"chiselsandbits:block_bit":804,"minecraft:bowl":1,"minecraft:oak_planks":3,"darkestsouls:beast_blood_clump":4,"minecraft:azure_bluet":24,"minecraft:spruce_fence":3,"minecraft:glass_pane":8,"chiselsandbits:chisel_stone":1,"minecraft:cobblestone_slab":1,"minecraft:shield":1,"alexsmobs:lobster_tail":1,"valarian_conquest:valarian_battle_axe":16,"arphex:fly_appendage":1},"minecraft:picked_up":{"minecraft:fishing_rod":1,"minecraft:crafting_table":8,"minecraft:azure_bluet":30,"minecraft:ladder":9,"valarian_conquest:valarian_battle_axe":23,"minecraft:oak_stairs":18,"minecraft:wither_rose":3,"minecraft:potion":1,"gravestone:obituary":5,"darkestsouls:beast_blood_clump":13,"minecraft:string":4,"minecraft:iron_axe":1,"minecraft:cooked_salmon":11,"minecraft:white_carpet":2,"minecraft:pufferfish":14,"darkestsouls:rune_fragment":5,"minecraft:glass_pane":7,"minecraft:spruce_planks":2,"minecraft:oak_boat":14,"minecraft:cobblestone_slab":1,"minecraft:iron_nugget":4,"minecraft:poppy":2,"minecraft:iron_pickaxe":1,"minecraft:furnace":5,"minecraft:blue_wool":6,"minecraft:stick":26,"minecraft:raw_iron":17,"darkestsouls:soul_fragment":6,"minecraft:oak_door":3,"minecraft:bowl":3,"minecraft:torch":78,"valarian_conquest:valarian_shield_item":3,"minecraft:spruce_fence":3,"minecraft:porkchop":6,"minecraft:carrot":17,"minecraft:orange_bed":3,"minecraft:cooked_cod":45,"minecraft:stone_shovel":1,"minecraft:rotten_flesh":15,"minecraft:tropical_fish":2,"minecraft:hay_block":15,"chiselsandbits:chisel_stone":1,"minecraft:saddle":2,"darkestsouls:titanite_fragment":3,"minecraft:end_rod":1,"minecraft:gold_ingot":2,"minecraft:white_wool":42,"minecraft:cod":67,"minecraft:cobblestone":148,"alexsmobs:lobster_tail":1,"minecraft:stripped_oak_log":3,"minecraft:pink_petals":4,"minecraft:tripwire_hook":2,"minecraft:salmon":21,"minecraft:leather":2,"minecraft:red_mushroom":1,"minecraft:potato":1,"darkestsouls:cinnabar":2,"minecraft:oak_log":35,"minecraft:yellow_bed":1,"minecraft:dirt":129,"minecraft:blue_bed":2,"minecraft:leather_boots":1,"minecraft:bone":1,"chiselsandbits:chiseled_block":1,"minecraft:bow":1,"minecraft:wheat_seeds":11,"arphex:burning_glands":5,"minecraft:iron_ingot":8,"minecraft:stone_pickaxe":1,"darkestsouls:blood_stone_fragment":1,"minecraft:oak_planks":39,"minecraft:oak_slab":9,"minecraft:sand":1,"minecraft:spruce_log":9,"minecraft:fermented_spider_eye":1,"minecraft:diamond_shovel":1,"minecraft:oak_wood":53,"arphex:fly_appendage":1,"minecraft:diamond":1,"minecraft:stone_axe":1,"minecraft:spruce_boat":6,"minecraft:emerald":12,"minecraft:oak_sapling":1,"minecraft:coal":37},"minecraft:used":{"minecraft:oak_trapdoor":2,"chiselsandbits:chiseled_block":1,"minecraft:stone_shovel":126,"minecraft:ladder":17,"minecraft:chest":2,"minecraft:spruce_planks":2,"minecraft:shield":8,"minecraft:stone_hoe":17,"minecraft:oak_door":5,"minecraft:orange_bed":3,"minecraft:torch":5,"minecraft:dirt":90,"minecraft:white_carpet":44,"minecraft:carrot":26,"minecraft:glass":12,"minecraft:spruce_boat":6,"minecraft:wooden_axe":32,"minecraft:oak_stairs":57,"minecraft:iron_axe":251,"minecraft:barrel":6,"minecraft:tripwire_hook":2,"minecraft:furnace":7,"minecraft:oak_sapling":1,"minecraft:cooked_cod":1,"minecraft:potato":1,"minecraft:water_bucket":19,"minecraft:stone_pickaxe":38,"minecraft:oak_planks":77,"minecraft:blue_bed":3,"minecraft:leather_boots":1,"minecraft:sand":1,"minecraft:oak_slab":56,"minecraft:crafting_table":12,"minecraft:oak_log":26,"minecraft:bread":28,"minecraft:iron_pickaxe":177,"minecraft:stone_axe":84,"minecraft:fishing_rod":189,"minecraft:cobblestone":44,"minecraft:cooked_porkchop":5,"minecraft:bucket":20,"minecraft:glass_pane":31,"minecraft:yellow_bed":1,"minecraft:oak_boat":16,"alexsmobs:animal_dictionary":6,"minecraft:bone_meal":3},"minecraft:killed":{"darkestsouls:hollow_axe":1,"alexsmobs:hummingbird":2,"alexsmobs:lobster":3,"darkestsouls:church_doctor":2,"darkestsouls:ashen_blood_beast_patient":1,"minecraft:spider":1,"valarian_conquest:valarian_knight":2,"minecraft:cod":6,"valarian_conquest:valarian_ranger":3,"minecraft:horse":2,"darkestsouls:beast_patient":4,"minecraft:drowned":3,"valarian_conquest:valarian_nobleman":1,"darkestsouls:hollow_longsword":1,"darkestsouls:hollow_assassin":4,"minecraft:cat":1,"arphex:spider_larvae_tiny":2,"minecraft:pig":2,"world:dragonfly_2":1,"valarian_conquest:valarian_officer":1,"minecraft:salmon":6,"minecraft:iron_golem":1,"valarian_conquest:valarian_raider":8,"minecraft:zombie":7,"darkestsouls:cloaked_beast_patient":8,"arphex:spider_larvae":1,"apollyon:the_damned":1}},"DataVersion":3465}