{"stats":{"minecraft:killed_by":{"valarian_conquest:valarian_knight":1,"darkestsouls:cloaked_beast_patient":3,"knighys_additions:colostula":2,"knighys_additions:spook":1,"darkestsouls:leech":15,"valarian_conquest:mercenary":1,"minecraft:zombie":1,"darkestsouls:church_doctor_scythe":1,"knighys_additions:pritour":2,"minecraft:player":5,"call_of_yucutan:undead_warrior":3,"call_of_yucutan:kukulkan":2,"darkestsouls:skeleton_curved_swords":1,"darkestsouls:ashen_blood_beast_patient":1,"darkestsouls:hollow_axe":1,"darkestsouls:hollow_assassin":2},"minecraft:used":{"minecraft:ladder":4,"knighys_additions:nerium":4,"minecraft:chest":2,"minecraft:shield":4,"minecraft:iron_chestplate":1,"minecraft:mutton":2,"call_of_yucutan:wooden_tecpatl":5,"minecraft:iron_helmet":1,"valarian_conquest:spikes":54,"minecraft:golden_sword":20,"minecraft:furnace":1,"minecraft:egg":1,"minecraft:stone_pickaxe":550,"minecraft:oak_planks":7,"minecraft:leather_chestplate":5,"minecraft:wooden_pickaxe":49,"minecraft:sandstone":21,"minecraft:jungle_boat":1,"minecraft:sand":1,"darkestsouls:broken_straightsword":10,"minecraft:bread":2,"minecraft:melon_slice":29,"minecraft:gravel":3,"minecraft:andesite":1,"minecraft:oak_boat":10,"minecraft:stone_sword":134,"minecraft:acacia_log":3,"minecraft:tropical_fish":1,"minecraft:stone_shovel":217,"call_of_yucutan:ancient_gold":7,"minecraft:wooden_shovel":65,"minecraft:cooked_salmon":9,"minecraft:orange_bed":1,"minecraft:torch":1,"minecraft:dirt":126,"minecraft:oak_wood":4,"minecraft:granite":3,"minecraft:wooden_axe":23,"call_of_yucutan:red_limestone_tiles":8,"minecraft:chipped_anvil":3,"minecraft:iron_axe":4,"world:oak":24,"minecraft:beef":13,"minecraft:cooked_beef":2,"minecraft:acacia_planks":50,"sophisticatedbackpacks:gold_backpack":1,"minecraft:cooked_mutton":2,"minecraft:acacia_boat":9,"minecraft:salmon":4,"minecraft:crafting_table":18,"minecraft:white_bed":18,"minecraft:iron_pickaxe":23,"minecraft:stone_axe":428,"minecraft:cobblestone":81,"minecraft:bucket":1},"minecraft:picked_up":{"minecraft:wooden_axe":2,"call_of_yucutan:wooden_tecpatl":2,"minecraft:seagrass":9,"minecraft:iron_chestplate":1,"minecraft:redstone_block":2,"darkestsouls:beast_blood_clump":9,"minecraft:string":10,"minecraft:raw_copper":35,"minecraft:cooked_salmon":15,"darkestsouls:rune_fragment":8,"minecraft:cobbled_deepslate":14,"minecraft:bucket":1,"minecraft:spruce_planks":1,"call_of_yucutan:red_limestone_tile_slab":1,"knighys_additions:odd_silk":6,"minecraft:iron_pickaxe":1,"minecraft:melon_slice":155,"minecraft:iron_boots":1,"minecraft:blue_wool":1,"minecraft:stick":22,"call_of_yucutan:mossy_limestone_tiles":2,"minecraft:torch":62,"minecraft:acacia_log":35,"call_of_yucutan:red_limestone":4,"minecraft:diorite":60,"minecraft:orange_bed":3,"minecraft:stone_sword":2,"valarian_conquest:mercenary_spawn_block":1,"minecraft:rotten_flesh":13,"minecraft:tropical_fish":2,"darkestsouls:titanite_fragment":14,"minecraft:cobblestone":440,"minecraft:leather_chestplate":5,"minecraft:feather":3,"minecraft:oxidized_copper":1,"knighys_additions:nerium":6,"minecraft:andesite":34,"minecraft:jungle_log":15,"minecraft:flint":3,"minecraft:tuff":2,"call_of_yucutan:mossy_ritual_rocks":1,"minecraft:acacia_boat":7,"minecraft:lapis_lazuli":25,"minecraft:dirt":299,"minecraft:bone":6,"minecraft:chipped_anvil":3,"minecraft:acacia_planks":19,"minecraft:wheat_seeds":32,"call_of_yucutan:golden_torch":17,"minecraft:dark_oak_sign":1,"minecraft:bamboo":12,"minecraft:oak_planks":17,"darkestsouls:bone_fragment":3,"call_of_yucutan:polished_red_limestone_stairs":1,"minecraft:sand":94,"valarian_conquest:mercenary_sword":4,"call_of_yucutan:red_limestone_pressure_plate":1,"minecraft:orange_wool":14,"world:oak":41,"call_of_yucutan:elder_bone":6,"call_of_yucutan:ancient_gold":11,"call_of_yucutan:red_limestone_slab":1,"minecraft:granite":14,"minecraft:bone_meal":1,"minecraft:oak_sapling":1,"sophisticatedbackpacks:gold_backpack":2,"minecraft:cocoa_beans":12,"minecraft:crafting_table":11,"minecraft:clay_ball":132,"minecraft:wooden_pickaxe":2,"minecraft:diamond_horse_armor":1,"call_of_yucutan:ancient_gold_pillar":2,"gravestone:obituary":18,"minecraft:brick":3,"minecraft:shield":2,"darkestsouls:sorcerer_staff_a":2,"minecraft:beef":25,"minecraft:oak_boat":6,"minecraft:iron_nugget":7,"minecraft:light_gray_wool":22,"minecraft:chest":1,"minecraft:piston":1,"minecraft:egg":1,"minecraft:sandstone":21,"minecraft:raw_iron":22,"darkestsouls:soul_fragment":12,"minecraft:copper_ingot":26,"sophisticatedbackpacks:backpack":1,"minecraft:spruce_fence":2,"valarian_conquest:spikes":40,"minecraft:stone_shovel":1,"minecraft:arrow":8,"minecraft:saddle":2,"minecraft:mutton":12,"minecraft:white_wool":7,"minecraft:rail":13,"minecraft:salmon":25,"call_of_yucutan:flint_spear":2,"minecraft:leather":28,"minecraft:filled_map":1,"call_of_yucutan:ritual_rocks":2,"minecraft:oak_log":15,"darkestsouls:firebomb":3,"minecraft:gunpowder":7,"valarian_conquest:mercenary_shield":1,"minecraft:kelp":10,"minecraft:iron_ingot":3,"minecraft:stone_pickaxe":5,"minecraft:cooked_chicken":1,"darkestsouls:blood_stone_fragment":1,"minecraft:acacia_sapling":16,"world:crystal_10":2,"minecraft:gravel":9,"minecraft:white_bed":20,"call_of_yucutan:red_limestone_tiles":14,"minecraft:spruce_door":1,"darkestsouls:broken_straightsword":1,"minecraft:spider_eye":5,"minecraft:oak_wood":29,"minecraft:stone_axe":7,"darkestsouls:small_soul_fragment":7,"minecraft:coal":51,"darkestsouls:throwing_knife":2},"minecraft:custom":{"minecraft:interact_with_crafting_table":94,"minecraft:leave_game":15,"minecraft:time_since_death":39213,"minecraft:sprint_one_cm":606152,"minecraft:damage_blocked_by_shield":140,"minecraft:drop":110,"minecraft:play_time":370940,"minecraft:deaths":52,"minecraft:jump":3034,"minecraft:walk_on_water_one_cm":103104,"minecraft:interact_with_furnace":24,"minecraft:sleep_in_bed":17,"minecraft:damage_dealt":20225,"minecraft:player_kills":2,"minecraft:crouch_one_cm":34580,"minecraft:inspect_dispenser":1,"minecraft:horse_one_cm":1079274,"minecraft:mob_kills":102,"minecraft:interact_with_anvil":3,"minecraft:interact_with_campfire":7,"minecraft:climb_one_cm":12230,"minecraft:walk_one_cm":1107417,"minecraft:damage_dealt_absorbed":460,"minecraft:sneak_time":12884,"minecraft:walk_under_water_one_cm":80176,"minecraft:boat_one_cm":1022379,"minecraft:total_world_time":370940,"minecraft:time_since_rest":21997,"minecraft:damage_taken":15499,"minecraft:swim_one_cm":137926,"minecraft:fly_one_cm":246031,"minecraft:open_chest":62,"minecraft:fall_one_cm":50809},"minecraft:dropped":{"call_of_yucutan:red_limestone_tile_slab":1,"sophisticatedbackpacks:gold_backpack":1,"minecraft:dirt":1,"world:oak":17,"minecraft:seagrass":9,"gravestone:obituary":56,"call_of_yucutan:red_limestone":4,"minecraft:gold_ingot":11,"minecraft:stone_axe":3,"minecraft:wheat":1,"minecraft:rotten_flesh":7,"knighys_additions:nerium":1,"darkestsouls:beast_blood_clump":1,"call_of_yucutan:mossy_limestone_tiles":2,"call_of_yucutan:ancient_gold_pillar":2,"minecraft:arrow":5,"minecraft:wheat_seeds":7,"call_of_yucutan:mossy_ritual_rocks":1,"minecraft:cobblestone":3,"minecraft:copper_ingot":26,"call_of_yucutan:polished_red_limestone_stairs":1,"call_of_yucutan:red_limestone_slab":1,"minecraft:melon_slice":4,"minecraft:bucket":1,"minecraft:string":1,"call_of_yucutan:red_limestone_pressure_plate":1,"call_of_yucutan:red_limestone_tiles":6,"minecraft:stone_sword":1,"call_of_yucutan:ancient_gold":4,"valarian_conquest:valarian_spear":1,"minecraft:filled_map":3,"call_of_yucutan:flint_spear":2,"minecraft:shield":1,"minecraft:bamboo":5,"minecraft:stone_pickaxe":4,"minecraft:brick":3},"minecraft:broken":{"minecraft:wooden_shovel":1,"minecraft:stone_pickaxe":2,"minecraft:stone_axe":4,"minecraft:stone_shovel":1,"minecraft:leather_chestplate":1},"minecraft:mined":{"minecraft:spruce_planks":1,"minecraft:white_bed":16,"sophisticatedbackpacks:gold_backpack":1,"minecraft:jungle_leaves":3,"minecraft:orange_wool":8,"minecraft:granite":11,"minecraft:acacia_log":28,"minecraft:grass_block":86,"call_of_yucutan:golden_torch_wall":6,"minecraft:jungle_log":15,"world:oak":44,"minecraft:blue_wool":1,"minecraft:tall_seagrass":1,"call_of_yucutan:red_limestone_slab":1,"minecraft:iron_ore":21,"minecraft:orange_bed":2,"call_of_yucutan:golden_torch_ground":6,"minecraft:kelp_plant":2,"minecraft:clay":35,"minecraft:oxidized_copper":1,"minecraft:melon":24,"minecraft:cobblestone":12,"minecraft:oak_planks":6,"call_of_yucutan:mystic_vine_block":4,"minecraft:seagrass":3,"call_of_yucutan:red_limestone_tile_slab":1,"call_of_yucutan:polished_red_limestone_stairs":1,"call_of_yucutan:red_limestone":4,"minecraft:light_gray_wool":10,"minecraft:grass":86,"minecraft:oak_log":13,"minecraft:sand":59,"minecraft:dirt":206,"minecraft:piston":1,"minecraft:oak_leaves":24,"minecraft:deepslate":14,"knighys_additions:nerium":5,"gravestone:gravestone":43,"call_of_yucutan:overgrown_chest":11,"minecraft:spruce_fence":1,"minecraft:decorated_pot":1,"valarian_conquest:spikes":45,"minecraft:acacia_slab":2,"minecraft:kelp":1,"minecraft:sandstone":24,"call_of_yucutan:kukulkan_idol":1,"minecraft:andesite":37,"call_of_yucutan:ancient_gold_pillar":2,"minecraft:deepslate_iron_ore":4,"minecraft:vine":4,"minecraft:rail":2,"call_of_yucutan:mossy_limestone_tiles":2,"minecraft:bamboo":2,"minecraft:stone":310,"sophisticatedbackpacks:backpack":1,"minecraft:podzol":1,"call_of_yucutan:ancient_gold":11,"minecraft:acacia_leaves":3,"minecraft:redstone_block":2,"world:plantforestbig_1":3,"call_of_yucutan:red_limestone_tiles":23,"minecraft:crafting_table":8,"minecraft:oak_wood":30,"minecraft:tall_grass":18,"minecraft:copper_ore":7,"minecraft:lapis_ore":5,"minecraft:diorite":62,"call_of_yucutan:red_limestone_pressure_plate":1,"valarian_conquest:mercenary_spawn_block":1,"minecraft:coal_ore":23,"minecraft:cocoa":1,"minecraft:gravel":4,"minecraft:acacia_planks":9,"minecraft:fern":10},"minecraft:killed":{"darkestsouls:gravetender_hollow_longsword":1,"darkestsouls:skeleton_curved_swords":1,"minecraft:spider":2,"darkestsouls:church_doctor_scythe":1,"darkestsouls:leech":3,"world:dryad":1,"minecraft:skeleton":6,"valarian_conquest:valarian_archer":1,"darkestsouls:beast_patient":6,"minecraft:turtle":4,"valarian_conquest:valarian_nobleman":1,"darkestsouls:hollow_longsword":1,"darkestsouls:hollow_assassin":1,"minecraft:tropical_fish":2,"minecraft:parrot":1,"minecraft:salmon":25,"knighys_additions:cocoon":1,"darkestsouls:gravetender_hollow_broken_straightsword":2,"minecraft:sheep":5,"call_of_yucutan:undead_warrior":4,"minecraft:zombie":6,"minecraft:cow":10,"darkestsouls:hollow_axe":5,"darkestsouls:church_doctor":1,"valarian_conquest:valarian_knight":1,"darkestsouls:hollow_broken_straightsword":1,"minecraft:drowned":1,"world:goblin":2,"valarian_conquest:valarian_officer":1,"knighys_additions:raggy":1,"darkestsouls:cloaked_beast_patient":2},"minecraft:crafted":{"minecraft:oak_planks":156,"minecraft:cooked_mutton":2,"minecraft:chest":2,"minecraft:wooden_shovel":2,"minecraft:crafting_table":11,"minecraft:jungle_boat":1,"minecraft:wooden_pickaxe":4,"minecraft:iron_helmet":1,"minecraft:iron_chestplate":1,"minecraft:shield":2,"minecraft:stick":116,"minecraft:leather_chestplate":1,"minecraft:iron_ingot":31,"minecraft:iron_pickaxe":2,"minecraft:stone_sword":2,"minecraft:gold_ingot":1,"minecraft:stone_shovel":3,"call_of_yucutan:wooden_tecpatl":1,"minecraft:fishing_rod":1,"minecraft:furnace":2,"minecraft:iron_axe":1,"minecraft:ladder":6,"minecraft:stone_pickaxe":10,"sophisticatedbackpacks:iron_backpack":1,"minecraft:cooked_beef":1,"sophisticatedbackpacks:gold_backpack":1,"minecraft:bucket":3,"minecraft:stone_axe":8,"minecraft:acacia_boat":3,"minecraft:bread":2,"minecraft:jungle_planks":60,"minecraft:oak_boat":9,"knighys_additions:stick_grip":1,"minecraft:wooden_axe":2,"minecraft:white_bed":2,"minecraft:acacia_planks":100,"minecraft:torch":56}},"DataVersion":3465}