{"stats":{"minecraft:broken":{"slashblade:slashblade":1},"minecraft:crafted":{"minecraft:crimson_planks":24,"minecraft:crafting_table":2,"minecraft:bread":32,"minecraft:wheat":99},"minecraft:mined":{"minecraft:soul_fire":1,"minecraft:crafting_table":2,"biomesoplenty:burning_blossom":1,"minecraft:tall_grass":3,"biomesoplenty:dead_grass":1,"biomesoplenty:sprout":3,"biomesoplenty:huge_clover_petal":3,"minecraft:crimson_stem":13,"minecraft:hay_block":31,"minecraft:azure_bluet":1,"minecraft:grass":12,"biomesoplenty:clover":18,"minecraft:oak_log":1,"minecraft:vine":2},"minecraft:dropped":{"minecraft:crafting_table":1,"minecraft:iron_helmet":1,"minecraft:diamond_sword":1,"minecraft:stone_button":1,"minecraft:iron_chestplate":2,"slashblade:slashblade":1,"apotheosis:gem":2,"minecraft:diamond_helmet":1,"minecraft:arrow":3,"slashblade:proudsoul_tiny":1},"minecraft:picked_up":{"minecraft:crafting_table":3,"minecraft:iron_chestplate":2,"biomesoplenty:burning_blossom":1,"minecraft:feather":1,"minecraft:chicken":1,"minecraft:nether_wart":2,"minecraft:crimson_stem":13,"minecraft:diamond_sword":1,"minecraft:wither_rose":5,"minecraft:golden_boots":1,"minecraft:shield":1,"minecraft:gunpowder":2,"darkestsouls:beast_blood_clump":2,"minecraft:string":4,"minecraft:flint_and_steel":1,"darkestsouls:rune_fragment":4,"minecraft:bone":1,"knighys_additions:wither_bone":1,"alexsmobs:dropbear_claw":1,"minecraft:wheat_seeds":1,"minecraft:bucket":1,"minecraft:iron_ingot":1,"minecraft:iron_nugget":5,"slashblade:slashblade":1,"minecraft:diamond_helmet":1,"minecraft:iron_sword":1,"minecraft:soul_sand":9,"minecraft:golden_helmet":1,"slashblade:proudsoul_tiny":1,"apotheosis:gem":7,"darkestsouls:soul_fragment":1,"minecraft:porkchop":3,"minecraft:stone_button":2,"sophisticatedbackpacks:iron_backpack":1,"minecraft:white_bed":1,"minecraft:fermented_spider_eye":1,"slashblade:proudsoul":1,"minecraft:arrow":3,"minecraft:rotten_flesh":1,"minecraft:hay_block":31,"minecraft:iron_helmet":1,"darkestsouls:titanite_fragment":1,"minecraft:mutton":2,"minecraft:white_wool":1},"minecraft:used":{"minecraft:iron_sword":9,"minecraft:crafting_table":3,"minecraft:white_bed":1,"minecraft:bread":9,"minecraft:stone_button":1,"slashblade:slashblade":1797,"biomesoplenty:burning_blossom":1},"minecraft:killed":{"darkestsouls:gravetender_hollow_longsword":2,"alexsmobs:dropbear":1,"arphex:spider_larvae_tiny":7,"darkestsouls:church_doctor":1,"minecraft:pig":1,"minecraft:zombified_piglin":24,"darkestsouls:church_doctor_flamesprayer":1,"knighys_additions:auge":2,"minecraft:creeper":1,"arphex:centipede_evictor_larvae":4,"minecraft:sheep":1,"minecraft:horse":1,"minecraft:skeleton":5,"minecraft:zombie":2,"arphex:sun_scorpion_tiny":1,"darkestsouls:beast_patient":2,"darkestsouls:church_doctor_lantern":1,"arphex:spider_larvae":7,"minecraft:wither_skeleton":1,"darkestsouls:hollow_assassin":1,"darkestsouls:hollow_longsword":5,"apollyon:the_damned":3},"minecraft:custom":{"minecraft:mob_kills":84,"minecraft:interact_with_crafting_table":5,"minecraft:damage_dealt_resisted":309,"minecraft:time_since_death":32544,"minecraft:climb_one_cm":906,"minecraft:damage_resisted":0,"minecraft:time_since_rest":32567,"minecraft:sprint_one_cm":64564,"minecraft:damage_taken":2841,"minecraft:walk_one_cm":282204,"minecraft:drop":12,"minecraft:damage_dealt":16009,"minecraft:damage_dealt_absorbed":82,"minecraft:player_kills":2,"minecraft:talked_to_villager":2,"minecraft:fly_one_cm":93014,"minecraft:open_chest":1,"minecraft:crouch_one_cm":28698,"minecraft:play_time":82295,"minecraft:deaths":5,"minecraft:sneak_time":10818,"minecraft:jump":742,"minecraft:walk_on_water_one_cm":1960,"minecraft:total_world_time":82295,"minecraft:fall_one_cm":27595},"minecraft:killed_by":{"minecraft:ghast":1,"minecraft:hoglin":1,"minecraft:zombified_piglin":1}},"DataVersion":3465}