{"stats":{"minecraft:broken":{"slashblade:slashblade":1},"minecraft:crafted":{"minecraft:crimson_planks":24,"minecraft:crafting_table":1},"minecraft:mined":{"biomesoplenty:sprout":3,"biomesoplenty:dead_grass":1,"minecraft:crafting_table":1,"minecraft:crimson_stem":13,"biomesoplenty:burning_blossom":1},"minecraft:dropped":{"minecraft:stone_button":1,"minecraft:crafting_table":1,"slashblade:proudsoul_tiny":1},"minecraft:picked_up":{"biomesoplenty:burning_blossom":1,"minecraft:crafting_table":2,"slashblade:proudsoul_tiny":1,"slashblade:proudsoul":1,"minecraft:nether_wart":2,"minecraft:crimson_stem":13,"alexsmobs:dropbear_claw":1,"minecraft:stone_button":2},"minecraft:used":{"minecraft:crafting_table":1,"minecraft:stone_button":1,"slashblade:slashblade":269,"biomesoplenty:burning_blossom":1},"minecraft:killed":{"alexsmobs:dropbear":1,"knighys_additions:auge":2,"minecraft:zombified_piglin":12},"minecraft:custom":{"minecraft:time_since_rest":3958,"minecraft:sprint_one_cm":11803,"minecraft:crouch_one_cm":1322,"minecraft:deaths":2,"minecraft:walk_one_cm":63202,"minecraft:play_time":34295,"minecraft:damage_taken":1043,"minecraft:sneak_time":525,"minecraft:mob_kills":15,"minecraft:drop":3,"minecraft:damage_dealt_resisted":1,"minecraft:jump":176,"minecraft:damage_dealt":2092,"minecraft:time_since_death":3891,"minecraft:total_world_time":34295,"minecraft:damage_resisted":0,"minecraft:interact_with_crafting_table":1,"minecraft:fly_one_cm":20440,"minecraft:fall_one_cm":8385},"minecraft:killed_by":{"minecraft:hoglin":1,"minecraft:zombified_piglin":1}},"DataVersion":3465}