{"stats":{"minecraft:used":{"minecraft:stone_shovel":26,"minecraft:stone_pickaxe":399,"minecraft:shield":4,"minecraft:chest":1,"minecraft:wooden_pickaxe":16,"minecraft:wooden_shovel":65,"minecraft:jungle_boat":1,"minecraft:iron_chestplate":1,"minecraft:torch":1,"minecraft:dirt":15,"minecraft:crafting_table":8,"minecraft:granite":3,"minecraft:wooden_axe":17,"minecraft:iron_axe":4,"minecraft:melon_slice":14,"minecraft:iron_pickaxe":23,"minecraft:iron_helmet":1,"minecraft:stone_axe":8,"minecraft:cobblestone":55,"minecraft:andesite":1,"minecraft:oak_boat":1},"minecraft:crafted":{"minecraft:oak_planks":52,"minecraft:wooden_shovel":2,"minecraft:stone_shovel":2,"minecraft:crafting_table":4,"minecraft:jungle_boat":1,"minecraft:wooden_pickaxe":2,"minecraft:iron_helmet":1,"minecraft:furnace":1,"minecraft:bucket":1,"minecraft:stone_axe":4,"minecraft:jungle_planks":60,"minecraft:oak_boat":1,"minecraft:iron_chestplate":1,"minecraft:iron_axe":1,"minecraft:stick":64,"minecraft:iron_ingot":31,"minecraft:iron_pickaxe":1,"minecraft:stone_pickaxe":8,"minecraft:wooden_axe":1,"minecraft:chest":1,"minecraft:gold_ingot":1,"minecraft:torch":56},"minecraft:killed":{"darkestsouls:skeleton_curved_swords":1,"minecraft:salmon":14,"minecraft:zombie":1,"darkestsouls:hollow_assassin":1},"minecraft:dropped":{"minecraft:stone_axe":2,"minecraft:copper_ingot":26,"call_of_yucutan:flint_spear":2,"minecraft:melon_slice":4,"minecraft:stone_pickaxe":2},"minecraft:custom":{"minecraft:interact_with_furnace":21,"minecraft:mob_kills":17,"minecraft:interact_with_crafting_table":39,"minecraft:leave_game":1,"minecraft:time_since_death":2377,"minecraft:climb_one_cm":7503,"minecraft:time_since_rest":2500,"minecraft:sprint_one_cm":5042,"minecraft:damage_taken":828,"minecraft:walk_one_cm":133155,"minecraft:damage_blocked_by_shield":140,"minecraft:drop":8,"minecraft:damage_dealt":1209,"minecraft:swim_one_cm":19462,"minecraft:fly_one_cm":3407,"minecraft:open_chest":5,"minecraft:crouch_one_cm":3978,"minecraft:play_time":70612,"minecraft:deaths":2,"minecraft:sneak_time":1399,"minecraft:walk_under_water_one_cm":7921,"minecraft:boat_one_cm":160869,"minecraft:jump":481,"minecraft:walk_on_water_one_cm":11204,"minecraft:total_world_time":70612,"minecraft:fall_one_cm":8521},"minecraft:killed_by":{"darkestsouls:leech":1,"darkestsouls:skeleton_curved_swords":1},"minecraft:picked_up":{"minecraft:cocoa_beans":12,"minecraft:iron_chestplate":1,"minecraft:crafting_table":6,"minecraft:clay_ball":132,"minecraft:salmon":14,"minecraft:jungle_log":15,"minecraft:andesite":34,"call_of_yucutan:flint_spear":2,"minecraft:flint":1,"minecraft:tuff":2,"minecraft:oak_log":13,"minecraft:shield":2,"darkestsouls:beast_blood_clump":2,"minecraft:dirt":78,"minecraft:raw_copper":35,"minecraft:bone":2,"minecraft:cobbled_deepslate":14,"minecraft:bucket":1,"minecraft:iron_ingot":3,"minecraft:iron_nugget":4,"minecraft:iron_pickaxe":1,"minecraft:bamboo":2,"minecraft:melon_slice":37,"minecraft:chest":1,"minecraft:oak_planks":9,"darkestsouls:bone_fragment":3,"minecraft:iron_boots":1,"minecraft:stick":8,"minecraft:raw_iron":22,"darkestsouls:soul_fragment":4,"minecraft:copper_ingot":26,"minecraft:torch":62,"minecraft:diorite":60,"minecraft:granite":14,"darkestsouls:small_soul_fragment":1,"minecraft:coal":51,"minecraft:cobblestone":315},"minecraft:broken":{"minecraft:stone_pickaxe":1,"minecraft:wooden_shovel":1},"minecraft:mined":{"minecraft:podzol":1,"minecraft:jungle_leaves":1,"minecraft:clay":35,"minecraft:crafting_table":5,"minecraft:granite":11,"minecraft:grass_block":7,"minecraft:jungle_log":15,"minecraft:copper_ore":7,"minecraft:cobblestone":6,"minecraft:diorite":62,"minecraft:iron_ore":21,"minecraft:andesite":37,"minecraft:grass":3,"minecraft:oak_log":13,"minecraft:coal_ore":23,"minecraft:cocoa":1,"minecraft:deepslate_iron_ore":4,"minecraft:vine":4,"minecraft:dirt":60,"minecraft:stone":249,"minecraft:oak_leaves":1,"minecraft:deepslate":14,"minecraft:fern":1}},"DataVersion":3465}