{"stats":{"minecraft:mined":{"farmersdelight:wild_carrots":17,"minecraft:crafting_table":2,"gravestone:gravestone":2,"minecraft:oak_wood":3,"minecraft:grass_block":19,"minecraft:spruce_fence":1,"world:pf_2":1,"minecraft:blue_wool":6,"minecraft:pink_petals":1,"minecraft:furnace":1,"minecraft:iron_ore":10,"minecraft:grass":5,"minecraft:coal_ore":11,"minecraft:dirt":23,"minecraft:stone":19,"minecraft:oak_leaves":1},"minecraft:crafted":{"minecraft:oak_planks":12,"minecraft:cooked_porkchop":6,"minecraft:crafting_table":1,"minecraft:furnace":2,"minecraft:blue_bed":2,"minecraft:air":0,"minecraft:oak_boat":2,"minecraft:shield":2,"minecraft:stick":4,"minecraft:iron_ingot":9,"minecraft:iron_pickaxe":2},"minecraft:custom":{"minecraft:interact_with_furnace":10,"minecraft:mob_kills":13,"minecraft:interact_with_crafting_table":8,"minecraft:time_since_death":2502,"minecraft:sleep_in_bed":1,"minecraft:time_since_rest":2528,"minecraft:sprint_one_cm":78212,"minecraft:damage_taken":10000700,"minecraft:walk_one_cm":137625,"minecraft:drop":25,"minecraft:damage_dealt":2355,"minecraft:swim_one_cm":31113,"minecraft:fly_one_cm":23554,"minecraft:open_chest":1,"minecraft:crouch_one_cm":2734,"minecraft:play_time":44159,"minecraft:deaths":2,"minecraft:sneak_time":1841,"minecraft:walk_under_water_one_cm":5134,"minecraft:boat_one_cm":60439,"minecraft:jump":604,"minecraft:walk_on_water_one_cm":6881,"minecraft:total_world_time":44159,"minecraft:fall_one_cm":10087,"minecraft:horse_one_cm":21576},"minecraft:killed_by":{"darkestsouls:cloaked_beast_patient":1,"bwrtherain:vapor":1},"minecraft:dropped":{"minecraft:wheat_seeds":2,"minecraft:cooked_porkchop":1,"minecraft:spruce_fence":3,"minecraft:shield":1,"gravestone:obituary":3,"minecraft:iron_pickaxe":1,"chiselsandbits:block_bit":804,"arphex:fly_appendage":1},"minecraft:picked_up":{"minecraft:pink_petals":4,"minecraft:crafting_table":2,"minecraft:salmon":2,"minecraft:leather":2,"gravestone:obituary":1,"darkestsouls:beast_blood_clump":1,"minecraft:dirt":40,"chiselsandbits:chiseled_block":1,"minecraft:wheat_seeds":2,"minecraft:iron_ingot":1,"minecraft:stone_pickaxe":1,"arphex:burning_glands":4,"minecraft:oak_boat":3,"minecraft:oak_planks":32,"minecraft:furnace":1,"minecraft:blue_wool":6,"minecraft:stick":2,"minecraft:raw_iron":10,"minecraft:torch":23,"minecraft:spruce_fence":3,"minecraft:porkchop":6,"minecraft:carrot":17,"minecraft:oak_wood":3,"arphex:fly_appendage":1,"minecraft:stone_shovel":1,"minecraft:stone_axe":1,"chiselsandbits:chisel_stone":1,"minecraft:saddle":2,"minecraft:oak_sapling":1,"minecraft:coal":11,"minecraft:cobblestone":19},"minecraft:used":{"chiselsandbits:chiseled_block":1,"minecraft:stone_pickaxe":38,"minecraft:stone_shovel":42,"minecraft:blue_bed":1,"minecraft:torch":3,"minecraft:dirt":38,"minecraft:crafting_table":3,"minecraft:iron_pickaxe":10,"minecraft:stone_axe":64,"minecraft:cobblestone":2,"minecraft:furnace":2,"minecraft:cooked_porkchop":5,"alexsmobs:animal_dictionary":2,"minecraft:oak_boat":5},"minecraft:killed":{"alexsmobs:hummingbird":2,"minecraft:pig":2,"world:dragonfly_2":1,"valarian_conquest:valarian_officer":1,"minecraft:salmon":2,"valarian_conquest:valarian_knight":2,"minecraft:horse":2,"valarian_conquest:valarian_nobleman":1}},"DataVersion":3465}