{"stats":{"minecraft:killed_by":{"call_of_yucutan:undead_warrior":1,"minecraft:player":2,"darkestsouls:skeleton_curved_swords":1,"darkestsouls:cloaked_beast_patient":2,"knighys_additions:colostula":2,"darkestsouls:hollow_axe":1,"knighys_additions:spook":1,"darkestsouls:leech":3,"darkestsouls:hollow_assassin":2,"minecraft:zombie":1,"darkestsouls:church_doctor_scythe":1},"minecraft:used":{"minecraft:stone_sword":132,"minecraft:acacia_log":3,"minecraft:tropical_fish":1,"minecraft:stone_shovel":160,"minecraft:ladder":4,"knighys_additions:nerium":4,"minecraft:chest":1,"minecraft:shield":4,"minecraft:wooden_shovel":65,"minecraft:cooked_salmon":9,"minecraft:iron_chestplate":1,"minecraft:torch":1,"minecraft:dirt":83,"minecraft:mutton":2,"minecraft:oak_wood":4,"minecraft:granite":3,"minecraft:wooden_axe":23,"call_of_yucutan:wooden_tecpatl":5,"minecraft:iron_axe":4,"minecraft:iron_helmet":1,"minecraft:golden_sword":19,"valarian_conquest:spikes":54,"world:oak":24,"minecraft:beef":11,"minecraft:furnace":1,"minecraft:cooked_beef":2,"minecraft:acacia_planks":50,"minecraft:cooked_mutton":2,"minecraft:acacia_boat":4,"minecraft:stone_pickaxe":455,"minecraft:oak_planks":7,"minecraft:wooden_pickaxe":49,"minecraft:leather_chestplate":5,"minecraft:jungle_boat":1,"minecraft:salmon":4,"minecraft:crafting_table":15,"darkestsouls:broken_straightsword":10,"minecraft:white_bed":11,"minecraft:melon_slice":14,"minecraft:iron_pickaxe":23,"minecraft:gravel":3,"minecraft:stone_axe":328,"minecraft:cobblestone":65,"minecraft:andesite":1,"minecraft:oak_boat":2},"minecraft:picked_up":{"minecraft:wooden_axe":2,"call_of_yucutan:wooden_tecpatl":2,"minecraft:cocoa_beans":12,"minecraft:crafting_table":11,"minecraft:iron_chestplate":1,"minecraft:clay_ball":132,"minecraft:wooden_pickaxe":2,"gravestone:obituary":3,"minecraft:shield":2,"darkestsouls:beast_blood_clump":6,"minecraft:string":6,"minecraft:raw_copper":35,"minecraft:cooked_salmon":14,"darkestsouls:sorcerer_staff_a":2,"darkestsouls:rune_fragment":1,"minecraft:cobbled_deepslate":14,"minecraft:bucket":1,"minecraft:beef":25,"knighys_additions:odd_silk":6,"minecraft:oak_boat":1,"minecraft:iron_nugget":7,"minecraft:iron_pickaxe":1,"minecraft:light_gray_wool":22,"minecraft:melon_slice":37,"minecraft:chest":1,"minecraft:iron_boots":1,"minecraft:stick":22,"minecraft:raw_iron":22,"darkestsouls:soul_fragment":12,"minecraft:copper_ingot":26,"minecraft:torch":62,"minecraft:acacia_log":35,"call_of_yucutan:red_limestone":1,"minecraft:spruce_fence":2,"minecraft:diorite":60,"valarian_conquest:spikes":40,"minecraft:stone_sword":2,"minecraft:rotten_flesh":7,"minecraft:arrow":8,"minecraft:tropical_fish":2,"darkestsouls:titanite_fragment":13,"minecraft:mutton":12,"minecraft:white_wool":7,"minecraft:cobblestone":428,"minecraft:leather_chestplate":5,"minecraft:oxidized_copper":1,"knighys_additions:nerium":6,"minecraft:andesite":34,"minecraft:salmon":25,"minecraft:jungle_log":15,"call_of_yucutan:flint_spear":2,"minecraft:leather":25,"minecraft:flint":3,"minecraft:tuff":2,"minecraft:oak_log":15,"minecraft:acacia_boat":3,"darkestsouls:firebomb":3,"minecraft:gunpowder":7,"minecraft:dirt":298,"minecraft:bone":6,"minecraft:acacia_planks":19,"minecraft:kelp":10,"minecraft:wheat_seeds":22,"minecraft:stone_pickaxe":5,"minecraft:iron_ingot":3,"darkestsouls:blood_stone_fragment":1,"minecraft:bamboo":2,"minecraft:acacia_sapling":16,"minecraft:oak_planks":16,"darkestsouls:bone_fragment":3,"world:crystal_10":2,"minecraft:gravel":9,"minecraft:white_bed":13,"darkestsouls:broken_straightsword":1,"minecraft:spider_eye":5,"minecraft:orange_wool":14,"world:oak":24,"call_of_yucutan:ancient_gold":1,"minecraft:oak_wood":17,"minecraft:stone_axe":7,"minecraft:granite":14,"minecraft:bone_meal":1,"darkestsouls:small_soul_fragment":7,"minecraft:oak_sapling":1,"minecraft:coal":51,"minecraft:seagrass":6},"minecraft:custom":{"minecraft:mob_kills":87,"minecraft:interact_with_crafting_table":76,"minecraft:interact_with_campfire":7,"minecraft:leave_game":4,"minecraft:time_since_death":253,"minecraft:climb_one_cm":10427,"minecraft:sprint_one_cm":439541,"minecraft:walk_one_cm":721536,"minecraft:damage_blocked_by_shield":140,"minecraft:drop":35,"minecraft:play_time":239158,"minecraft:sneak_time":8845,"minecraft:deaths":21,"minecraft:walk_under_water_one_cm":32563,"minecraft:boat_one_cm":558080,"minecraft:jump":2347,"minecraft:walk_on_water_one_cm":33318,"minecraft:total_world_time":239158,"minecraft:interact_with_furnace":24,"minecraft:sleep_in_bed":9,"minecraft:time_since_rest":305,"minecraft:damage_taken":6909,"minecraft:damage_dealt":15759,"minecraft:swim_one_cm":52979,"minecraft:open_chest":40,"minecraft:fly_one_cm":202874,"minecraft:crouch_one_cm":23791,"minecraft:fall_one_cm":39842,"minecraft:horse_one_cm":112146},"minecraft:dropped":{"minecraft:wheat_seeds":5,"minecraft:copper_ingot":26,"minecraft:melon_slice":4,"minecraft:seagrass":3,"gravestone:obituary":16,"minecraft:stone_axe":3,"minecraft:stone_sword":1,"valarian_conquest:valarian_spear":1,"minecraft:rotten_flesh":3,"knighys_additions:nerium":1,"call_of_yucutan:flint_spear":2,"minecraft:stone_pickaxe":4},"minecraft:broken":{"minecraft:wooden_shovel":1,"minecraft:leather_chestplate":1,"minecraft:stone_pickaxe":1,"minecraft:stone_axe":3,"minecraft:stone_shovel":1},"minecraft:mined":{"knighys_additions:nerium":5,"minecraft:white_bed":9,"minecraft:jungle_leaves":1,"minecraft:orange_wool":8,"gravestone:gravestone":13,"minecraft:granite":11,"call_of_yucutan:overgrown_chest":4,"minecraft:acacia_log":28,"minecraft:grass_block":86,"minecraft:spruce_fence":1,"minecraft:jungle_log":15,"valarian_conquest:spikes":45,"world:oak":27,"minecraft:acacia_slab":2,"minecraft:kelp":1,"minecraft:iron_ore":21,"minecraft:andesite":37,"minecraft:deepslate_iron_ore":4,"minecraft:vine":4,"minecraft:stone":302,"minecraft:podzol":1,"call_of_yucutan:ancient_gold":1,"minecraft:acacia_leaves":3,"world:plantforestbig_1":3,"minecraft:kelp_plant":2,"minecraft:clay":35,"minecraft:crafting_table":8,"minecraft:oak_wood":17,"minecraft:oxidized_copper":1,"minecraft:tall_grass":17,"minecraft:copper_ore":7,"minecraft:cobblestone":8,"minecraft:oak_planks":5,"minecraft:diorite":62,"call_of_yucutan:mystic_vine_block":4,"minecraft:seagrass":3,"call_of_yucutan:red_limestone":1,"minecraft:light_gray_wool":10,"minecraft:grass":65,"minecraft:oak_log":13,"minecraft:coal_ore":23,"minecraft:cocoa":1,"minecraft:gravel":4,"minecraft:dirt":206,"minecraft:acacia_planks":9,"minecraft:oak_leaves":24,"minecraft:deepslate":14,"minecraft:fern":1},"minecraft:killed":{"darkestsouls:gravetender_hollow_longsword":1,"darkestsouls:hollow_axe":5,"darkestsouls:church_doctor":1,"darkestsouls:skeleton_curved_swords":1,"minecraft:spider":2,"darkestsouls:church_doctor_scythe":1,"valarian_conquest:valarian_knight":1,"world:dryad":1,"minecraft:skeleton":6,"darkestsouls:hollow_broken_straightsword":1,"valarian_conquest:valarian_archer":1,"darkestsouls:beast_patient":5,"minecraft:drowned":1,"minecraft:turtle":4,"valarian_conquest:valarian_nobleman":1,"darkestsouls:hollow_longsword":1,"darkestsouls:hollow_assassin":1,"minecraft:tropical_fish":2,"world:goblin":2,"valarian_conquest:valarian_officer":1,"minecraft:salmon":25,"knighys_additions:cocoon":1,"darkestsouls:gravetender_hollow_broken_straightsword":2,"knighys_additions:raggy":1,"minecraft:sheep":5,"minecraft:zombie":3,"darkestsouls:cloaked_beast_patient":1,"minecraft:cow":10},"minecraft:crafted":{"minecraft:oak_planks":100,"call_of_yucutan:wooden_tecpatl":1,"minecraft:stone_shovel":3,"minecraft:furnace":2,"minecraft:cooked_mutton":2,"minecraft:iron_axe":1,"minecraft:ladder":6,"minecraft:stone_pickaxe":10,"minecraft:chest":1,"minecraft:cooked_beef":1,"minecraft:wooden_shovel":2,"minecraft:crafting_table":9,"minecraft:jungle_boat":1,"minecraft:wooden_pickaxe":4,"minecraft:iron_helmet":1,"minecraft:bucket":1,"minecraft:stone_axe":7,"minecraft:acacia_boat":3,"minecraft:jungle_planks":60,"minecraft:oak_boat":1,"minecraft:iron_chestplate":1,"knighys_additions:stick_grip":1,"minecraft:stick":100,"minecraft:iron_ingot":31,"minecraft:leather_chestplate":1,"minecraft:iron_pickaxe":1,"minecraft:wooden_axe":2,"minecraft:stone_sword":1,"minecraft:gold_ingot":1,"minecraft:white_bed":2,"minecraft:acacia_planks":100,"minecraft:torch":56}},"DataVersion":3465}