{"stats":{"minecraft:broken":{"minecraft:wooden_shovel":1,"the_pillager_legion_:legion_armor_boots":1,"minecraft:stone_pickaxe":4,"minecraft:stone_axe":4,"minecraft:stone_shovel":1,"minecraft:leather_chestplate":1},"minecraft:mined":{"minecraft:spruce_planks":1,"minecraft:white_bed":18,"sophisticatedbackpacks:gold_backpack":2,"knighys_additions:deepslate_rayite_ore":4,"minecraft:jungle_leaves":3,"minecraft:orange_wool":8,"minecraft:granite":22,"minecraft:acacia_log":28,"minecraft:grass_block":89,"call_of_yucutan:golden_torch_wall":6,"minecraft:jungle_log":15,"minecraft:light_gray_bed":1,"minecraft:deepslate_bricks":32,"world:oak":44,"minecraft:blue_wool":1,"minecraft:spawner":2,"minecraft:tall_seagrass":1,"call_of_yucutan:red_limestone_slab":1,"minecraft:iron_ore":63,"minecraft:cobbled_deepslate":6,"supplementaries:stick":2,"minecraft:orange_bed":5,"call_of_yucutan:golden_torch_ground":6,"minecraft:kelp_plant":2,"minecraft:clay":35,"the_pillager_legion_:legion_deep":16,"minecraft:oxidized_copper":1,"minecraft:melon":24,"minecraft:cobblestone":44,"minecraft:oak_planks":6,"call_of_yucutan:mystic_vine_block":4,"minecraft:seagrass":3,"call_of_yucutan:red_limestone_tile_slab":1,"the_pillager_legion_:legion_slab_deep":2,"call_of_yucutan:polished_red_limestone_stairs":1,"call_of_yucutan:red_limestone":4,"minecraft:light_gray_wool":10,"minecraft:grass":86,"minecraft:oak_log":19,"minecraft:sand":67,"minecraft:dirt":217,"minecraft:piston":1,"minecraft:oak_leaves":24,"minecraft:deepslate":120,"knighys_additions:nerium":5,"minecraft:deepslate_diamond_ore":3,"gravestone:gravestone":55,"call_of_yucutan:overgrown_chest":11,"minecraft:spruce_fence":1,"minecraft:decorated_pot":1,"the_pillager_legion_:legion_cut_deep_3":14,"valarian_conquest:spikes":45,"minecraft:acacia_slab":2,"minecraft:kelp":1,"minecraft:sandstone":24,"call_of_yucutan:kukulkan_idol":1,"minecraft:oak_trapdoor":4,"minecraft:andesite":41,"minecraft:stripped_spruce_log":4,"call_of_yucutan:ancient_gold_pillar":2,"minecraft:vine":4,"minecraft:rail":4,"minecraft:cobblestone_slab":3,"minecraft:deepslate_iron_ore":21,"call_of_yucutan:mossy_limestone_tiles":2,"minecraft:bamboo":2,"minecraft:stone":638,"sophisticatedbackpacks:backpack":1,"minecraft:podzol":1,"call_of_yucutan:ancient_gold":11,"minecraft:acacia_leaves":3,"minecraft:redstone_block":2,"world:plantforestbig_1":3,"the_pillager_legion_:legion_stone":3,"call_of_yucutan:red_limestone_tiles":23,"minecraft:spruce_door":4,"minecraft:oak_fence":2,"minecraft:crafting_table":10,"minecraft:oak_wood":30,"minecraft:copper_ore":8,"minecraft:tall_grass":18,"minecraft:deepslate_gold_ore":1,"minecraft:lapis_ore":15,"minecraft:blue_bed":1,"minecraft:diorite":82,"call_of_yucutan:red_limestone_pressure_plate":1,"valarian_conquest:mercenary_spawn_block":1,"minecraft:coal_ore":49,"minecraft:cocoa":1,"minecraft:gravel":8,"minecraft:cobweb":46,"minecraft:acacia_planks":9,"minecraft:gold_ore":11,"minecraft:fern":10},"minecraft:crafted":{"minecraft:oak_planks":188,"minecraft:cooked_mutton":2,"minecraft:iron_boots":2,"knighys_additions:rayite_ingot":4,"minecraft:chest":2,"minecraft:wooden_shovel":2,"minecraft:crafting_table":14,"minecraft:spruce_planks":20,"minecraft:jungle_boat":1,"minecraft:wooden_pickaxe":5,"minecraft:iron_helmet":1,"minecraft:iron_chestplate":3,"minecraft:diamond_pickaxe":1,"minecraft:shield":2,"minecraft:stick":140,"minecraft:leather_chestplate":1,"minecraft:iron_ingot":49,"minecraft:iron_pickaxe":2,"minecraft:stone_sword":2,"minecraft:gold_ingot":1,"call_of_yucutan:wooden_tecpatl":1,"minecraft:stone_shovel":3,"minecraft:fishing_rod":1,"minecraft:jukebox":1,"minecraft:furnace":6,"minecraft:oak_trapdoor":8,"minecraft:iron_axe":1,"minecraft:ladder":6,"minecraft:stone_pickaxe":15,"minecraft:dark_oak_planks":4,"sophisticatedbackpacks:iron_backpack":1,"minecraft:cooked_beef":1,"sophisticatedbackpacks:gold_backpack":1,"minecraft:bucket":3,"minecraft:stone_axe":8,"minecraft:acacia_boat":3,"minecraft:bread":2,"minecraft:air":0,"minecraft:jungle_planks":60,"minecraft:oak_boat":9,"knighys_additions:stick_grip":1,"minecraft:wooden_axe":2,"minecraft:white_bed":2,"minecraft:acacia_planks":100,"minecraft:torch":80},"minecraft:custom":{"minecraft:interact_with_crafting_table":129,"minecraft:leave_game":21,"minecraft:time_since_death":47932,"minecraft:sprint_one_cm":787708,"minecraft:damage_blocked_by_shield":280,"minecraft:drop":216,"minecraft:play_time":629163,"minecraft:deaths":67,"minecraft:jump":4257,"minecraft:walk_on_water_one_cm":186677,"minecraft:interact_with_furnace":61,"minecraft:play_record":4,"minecraft:sleep_in_bed":22,"minecraft:damage_dealt":53854,"minecraft:player_kills":4,"minecraft:crouch_one_cm":50642,"minecraft:inspect_dispenser":1,"minecraft:horse_one_cm":1079274,"minecraft:interact_with_anvil":3,"minecraft:mob_kills":289,"minecraft:interact_with_campfire":7,"minecraft:damage_dealt_resisted":17,"minecraft:climb_one_cm":12230,"minecraft:walk_one_cm":1721339,"minecraft:damage_dealt_absorbed":460,"minecraft:sneak_time":25224,"minecraft:walk_under_water_one_cm":207988,"minecraft:boat_one_cm":1196114,"minecraft:interact_with_blast_furnace":1,"minecraft:total_world_time":629163,"minecraft:time_since_rest":47954,"minecraft:damage_taken":23426,"minecraft:swim_one_cm":392996,"minecraft:fly_one_cm":322441,"minecraft:open_chest":146,"minecraft:fish_caught":1,"minecraft:fall_one_cm":74231},"minecraft:killed_by":{"valarian_conquest:valarian_knight":1,"minecraft:creeper":1,"darkestsouls:cloaked_beast_patient":5,"knighys_additions:colostula":2,"knighys_additions:spook":1,"darkestsouls:leech":15,"valarian_conquest:mercenary":1,"the_pillager_legion_:veteran_infantryman_tpl":2,"minecraft:zombie":1,"darkestsouls:church_doctor_scythe":1,"knighys_additions:pritour":2,"call_of_yucutan:undead_warrior":3,"minecraft:player":9,"call_of_yucutan:kukulkan":2,"darkestsouls:skeleton_curved_swords":1,"darkestsouls:ashen_blood_beast_patient":2,"darkestsouls:hollow_axe":1,"apollyon:the_damned":2,"minecraft:skeleton":2,"darkestsouls:hollow_assassin":2},"minecraft:dropped":{"minecraft:moss_block":2,"call_of_yucutan:elder_bone":6,"minecraft:lapis_lazuli":25,"minecraft:leather":3,"minecraft:saddle":2,"minecraft:rail":13,"call_of_yucutan:red_limestone_tile_slab":1,"farmersdelight:rice":6,"sophisticatedbackpacks:gold_backpack":2,"minecraft:dirt":1,"minecraft:coast_armor_trim_smithing_template":2,"world:oak":17,"minecraft:seagrass":9,"the_pillager_legion_:legion_sword_tpl":2,"gravestone:obituary":75,"minecraft:sand":101,"call_of_yucutan:red_limestone":4,"minecraft:gold_ingot":11,"minecraft:bone":5,"minecraft:stone_axe":3,"minecraft:cobbled_deepslate":1,"darkestsouls:titanite_fragment":1,"minecraft:wheat":1,"minecraft:rotten_flesh":12,"knighys_additions:nerium":1,"darkestsouls:beast_blood_clump":4,"minecraft:carrot":7,"call_of_yucutan:mossy_limestone_tiles":2,"minecraft:leather_boots":1,"call_of_yucutan:ancient_gold_pillar":2,"minecraft:arrow":5,"darkestsouls:sorcerer_staff_a":1,"the_pillager_legion_:legion_armor_helmet":9,"the_pillager_legion_:legion_armor_boots":4,"darkestsouls:rune_fragment":7,"call_of_yucutan:mossy_ritual_rocks":1,"minecraft:wheat_seeds":14,"darkestsouls:small_soul_fragment":5,"minecraft:poisonous_potato":4,"minecraft:feather":8,"minecraft:cobblestone":3,"minecraft:granite":4,"valarian_conquest:mercenary_sword":1,"minecraft:copper_ingot":26,"call_of_yucutan:polished_red_limestone_stairs":1,"the_pillager_legion_:legion_stairs_deep":17,"minecraft:stick":4,"minecraft:pufferfish":1,"call_of_yucutan:red_limestone_slab":1,"minecraft:diamond_horse_armor":1,"choups_drakvyrn_mod:intact_geode":1,"minecraft:melon_slice":4,"minecraft:potion":3,"minecraft:heart_of_the_sea":3,"minecraft:paper":7,"minecraft:string":1,"call_of_yucutan:red_limestone_pressure_plate":1,"minecraft:bucket":1,"minecraft:acacia_planks":5,"minecraft:redstone":2,"call_of_yucutan:red_limestone_tiles":6,"minecraft:stone_sword":1,"minecraft:dark_oak_sign":1,"minecraft:raw_copper":4,"call_of_yucutan:ancient_gold":4,"valarian_conquest:valarian_spear":1,"alexsmobs:blobfish":1,"minecraft:iron_boots":1,"minecraft:suspicious_stew":1,"minecraft:filled_map":3,"call_of_yucutan:flint_spear":2,"minecraft:potato":6,"minecraft:shield":2,"minecraft:spruce_planks":1,"minecraft:iron_chestplate":2,"the_pillager_legion_:legion_axe_tpl":4,"minecraft:spider_eye":2,"minecraft:bamboo":10,"knighys_additions:stick_grip":1,"minecraft:bow":1,"minecraft:stone_pickaxe":7,"minecraft:wooden_pickaxe":2,"minecraft:brick":3},"minecraft:picked_up":{"minecraft:wooden_axe":2,"call_of_yucutan:wooden_tecpatl":2,"minecraft:seagrass":9,"minecraft:iron_chestplate":2,"minecraft:wheat":7,"minecraft:redstone_block":2,"choups_drakvyrn_mod:intact_geode":3,"minecraft:potion":2,"darkestsouls:beast_blood_clump":9,"minecraft:string":56,"minecraft:raw_copper":41,"minecraft:cooked_salmon":15,"minecraft:pufferfish":3,"darkestsouls:rune_fragment":34,"minecraft:cobbled_deepslate":155,"minecraft:bucket":1,"minecraft:spruce_planks":1,"call_of_yucutan:red_limestone_tile_slab":1,"knighys_additions:odd_silk":6,"minecraft:cobblestone_slab":67,"minecraft:iron_pickaxe":1,"minecraft:melon_slice":155,"the_pillager_legion_:legion_armor_helmet":13,"minecraft:iron_boots":1,"minecraft:blue_wool":3,"minecraft:stick":24,"call_of_yucutan:mossy_limestone_tiles":2,"minecraft:oak_fence":2,"minecraft:torch":82,"minecraft:acacia_log":35,"call_of_yucutan:red_limestone":4,"choups_drakvyrn_mod:crystal_powder":12,"minecraft:diorite":83,"knighys_additions:stick_grip":1,"darkestsouls:beast_eye":1,"minecraft:orange_bed":6,"minecraft:stone_sword":2,"darkestsouls:quicksilver_bullet":2,"valarian_conquest:mercenary_spawn_block":2,"minecraft:light_gray_bed":2,"minecraft:rotten_flesh":29,"minecraft:tropical_fish":2,"the_pillager_legion_:legion_stone":3,"darkestsouls:titanite_fragment":30,"minecraft:cod":1,"minecraft:cobblestone":813,"minecraft:leather_chestplate":5,"minecraft:feather":8,"minecraft:oxidized_copper":1,"the_pillager_legion_:legion_sword_tpl":2,"knighys_additions:nerium":6,"minecraft:andesite":41,"minecraft:jungle_log":15,"minecraft:flint":3,"minecraft:tuff":2,"call_of_yucutan:mossy_ritual_rocks":1,"minecraft:acacia_boat":7,"minecraft:lapis_lazuli":86,"minecraft:dirt":323,"minecraft:name_tag":1,"minecraft:leather_boots":1,"minecraft:bone":18,"minecraft:chipped_anvil":3,"minecraft:acacia_planks":19,"minecraft:bow":1,"minecraft:wheat_seeds":32,"minecraft:raw_gold":20,"call_of_yucutan:golden_torch":17,"minecraft:dark_oak_sign":1,"minecraft:bamboo":12,"alexsmobs:blobfish":5,"minecraft:oak_planks":20,"darkestsouls:bone_fragment":13,"minecraft:music_disc_13":1,"call_of_yucutan:polished_red_limestone_stairs":1,"minecraft:sand":104,"valarian_conquest:mercenary_sword":9,"minecraft:stripped_spruce_log":5,"the_pillager_legion_:legion_disc_block_ending":1,"call_of_yucutan:red_limestone_pressure_plate":1,"minecraft:orange_wool":14,"world:oak":41,"call_of_yucutan:elder_bone":39,"call_of_yucutan:ancient_gold":20,"valarian_conquest:command_wand":1,"call_of_yucutan:red_limestone_slab":1,"minecraft:diamond":7,"minecraft:deepslate":13,"minecraft:granite":25,"minecraft:bone_meal":1,"minecraft:emerald":15,"minecraft:bread":17,"minecraft:oak_sapling":1,"sophisticatedbackpacks:gold_backpack":5,"minecraft:cocoa_beans":12,"minecraft:crafting_table":14,"minecraft:clay_ball":132,"minecraft:wooden_pickaxe":3,"minecraft:diamond_horse_armor":1,"call_of_yucutan:ancient_gold_pillar":7,"gravestone:obituary":22,"minecraft:brick":20,"minecraft:shield":6,"minecraft:oak_trapdoor":4,"darkestsouls:sorcerer_staff_a":2,"minecraft:beef":48,"minecraft:oak_boat":16,"minecraft:iron_nugget":10,"minecraft:light_gray_wool":22,"minecraft:chest":1,"minecraft:piston":1,"minecraft:egg":1,"minecraft:raw_iron":97,"minecraft:sandstone":21,"darkestsouls:soul_fragment":32,"minecraft:copper_ingot":26,"minecraft:bowl":1,"minecraft:spruce_fence":2,"sophisticatedbackpacks:backpack":1,"valarian_conquest:spikes":40,"minecraft:redstone":2,"minecraft:prismarine_crystals":3,"minecraft:arrow":22,"minecraft:stone_shovel":1,"minecraft:cooked_cod":9,"the_pillager_legion_:legion_disc_blocky_world":2,"minecraft:deepslate_bricks":25,"chiselsandbits:chisel_stone":2,"minecraft:saddle":2,"the_pillager_legion_:legion_armor_boots":11,"minecraft:gold_ingot":5,"alexsmobs:ghostly_pickaxe":1,"minecraft:mutton":17,"minecraft:rail":15,"minecraft:white_wool":10,"minecraft:salmon":25,"call_of_yucutan:flint_spear":2,"minecraft:leather":28,"minecraft:filled_map":1,"call_of_yucutan:ritual_rocks":2,"minecraft:oak_log":21,"darkestsouls:firebomb":3,"minecraft:gunpowder":18,"minecraft:blue_bed":1,"minecraft:paper":24,"valarian_conquest:mercenary_shield":1,"minecraft:coast_armor_trim_smithing_template":2,"minecraft:kelp":10,"minecraft:heart_of_the_sea":1,"minecraft:iron_ingot":5,"minecraft:stone_pickaxe":6,"minecraft:cooked_chicken":1,"the_pillager_legion_:legion_cut_deep_3":14,"the_pillager_legion_:legion_deep":9,"darkestsouls:blood_stone_fragment":8,"minecraft:acacia_sapling":16,"minecraft:book":9,"world:crystal_10":6,"knighys_additions:raw_rayite":4,"minecraft:gravel":13,"minecraft:white_bed":23,"call_of_yucutan:red_limestone_tiles":14,"the_pillager_legion_:legion_axe_tpl":7,"darkestsouls:broken_straightsword":1,"minecraft:spruce_door":5,"minecraft:spider_eye":6,"minecraft:oak_wood":29,"the_pillager_legion_:legion_slab_deep":2,"minecraft:stone_axe":7,"minecraft:painting":1,"darkestsouls:small_soul_fragment":7,"minecraft:coal":148,"darkestsouls:throwing_knife":2},"minecraft:used":{"minecraft:ladder":4,"knighys_additions:nerium":4,"minecraft:chest":2,"minecraft:shield":7,"minecraft:iron_sword":48,"minecraft:iron_chestplate":2,"the_pillager_legion_:legion_disc_block_ending":1,"minecraft:mutton":2,"minecraft:music_disc_13":1,"call_of_yucutan:wooden_tecpatl":5,"minecraft:iron_helmet":1,"valarian_conquest:spikes":54,"minecraft:golden_sword":20,"minecraft:bow":19,"minecraft:furnace":5,"minecraft:cooked_cod":17,"minecraft:egg":1,"minecraft:spruce_door":4,"minecraft:stone_pickaxe":962,"minecraft:oak_planks":7,"minecraft:wooden_pickaxe":49,"minecraft:leather_chestplate":5,"minecraft:redstone_block":2,"minecraft:sandstone":21,"minecraft:blue_bed":1,"minecraft:jungle_boat":1,"the_pillager_legion_:legion_axe_tpl":11,"minecraft:sand":1,"darkestsouls:broken_straightsword":10,"minecraft:melon_slice":76,"minecraft:bread":2,"minecraft:gravel":3,"minecraft:andesite":1,"minecraft:oak_boat":24,"minecraft:tropical_fish_bucket":3,"minecraft:oak_trapdoor":12,"minecraft:acacia_log":3,"minecraft:stone_sword":134,"minecraft:tropical_fish":1,"minecraft:stone_shovel":217,"call_of_yucutan:ancient_gold":7,"minecraft:wooden_shovel":65,"minecraft:cooked_salmon":12,"minecraft:stick":2,"minecraft:orange_bed":4,"minecraft:torch":25,"minecraft:dirt":132,"choups_drakvyrn_mod:intact_geode":2,"the_pillager_legion_:legion_disc_blocky_marsh":1,"minecraft:oak_wood":4,"minecraft:granite":3,"minecraft:wooden_axe":23,"call_of_yucutan:red_limestone_tiles":8,"minecraft:chipped_anvil":3,"minecraft:iron_axe":4,"minecraft:iron_boots":1,"world:oak":24,"minecraft:beef":13,"minecraft:cooked_beef":9,"minecraft:cobbled_deepslate":86,"minecraft:acacia_planks":50,"minecraft:light_gray_bed":1,"alexsmobs:blobfish":1,"sophisticatedbackpacks:gold_backpack":3,"minecraft:cooked_mutton":12,"minecraft:acacia_boat":9,"minecraft:water_bucket":16,"the_pillager_legion_:legion_disc_blocky_world":1,"minecraft:cobblestone_slab":36,"minecraft:salmon":4,"minecraft:tnt":2,"minecraft:crafting_table":23,"the_pillager_legion_:legion_slab_deep":21,"minecraft:white_bed":22,"minecraft:diamond_pickaxe":61,"minecraft:iron_pickaxe":254,"minecraft:stone_axe":439,"minecraft:fishing_rod":5,"minecraft:cobblestone":202,"minecraft:cooked_porkchop":4,"minecraft:bucket":20,"alexsmobs:animal_dictionary":13,"minecraft:jukebox":1},"minecraft:killed":{"darkestsouls:gravetender_hollow_longsword":1,"minecraft:cave_spider":5,"darkestsouls:bonewheel":1,"darkestsouls:skeleton_curved_swords":6,"minecraft:spider":3,"darkestsouls:church_doctor_scythe":1,"darkestsouls:leech":3,"minecraft:pufferfish":1,"world:dryad":1,"minecraft:skeleton":11,"arphex:spider_lurker":1,"valarian_conquest:valarian_archer":1,"darkestsouls:church_doctor_pistol":1,"darkestsouls:beast_patient":8,"minecraft:turtle":4,"valarian_conquest:valarian_nobleman":1,"darkestsouls:hollow_longsword":1,"darkestsouls:hollow_assassin":1,"minecraft:tropical_fish":2,"minecraft:parrot":1,"minecraft:zombie_villager":1,"minecraft:salmon":25,"knighys_additions:cocoon":1,"bwrtherain:spider_skull":6,"minecraft:creeper":2,"darkestsouls:gravetender_hollow_broken_straightsword":2,"minecraft:sheep":5,"gravestone:player_ghost":9,"call_of_yucutan:undead_warrior":4,"darkestsouls:skeleton_spear":4,"minecraft:zombie":11,"minecraft:cow":10,"darkestsouls:hollow_axe":5,"darkestsouls:church_doctor":1,"choups_drakvyrn_mod:drave":3,"valarian_conquest:valarian_knight":1,"darkestsouls:hollow_broken_straightsword":1,"darkestsouls:skeleton_falchion":3,"minecraft:drowned":5,"alexsmobs:underminer":2,"world:goblin":2,"valarian_conquest:valarian_officer":1,"minecraft:bat":1,"knighys_additions:raggy":1,"the_pillager_legion_:veteran_infantryman_tpl":63,"darkestsouls:cloaked_beast_patient":2,"the_pillager_legion_:infantryman_tpl":53,"darkestsouls:skeleton_swordsman_twin_shotels":2}},"DataVersion":3465}