{"stats":{"minecraft:broken":{"minecraft:iron_axe":1,"minecraft:stone_axe":1,"minecraft:wooden_axe":1,"minecraft:stone_shovel":1},"minecraft:mined":{"minecraft:spruce_planks":2,"minecraft:oak_door":1,"farmersdelight:wild_carrots":17,"minecraft:ladder":9,"gravestone:gravestone":12,"minecraft:grass_block":62,"minecraft:spruce_fence":1,"minecraft:blue_wool":6,"minecraft:large_fern":2,"minecraft:hay_block":16,"minecraft:furnace":4,"minecraft:iron_ore":10,"minecraft:azure_bluet":3,"minecraft:dirt_path":4,"minecraft:oak_stairs":16,"minecraft:stone":77,"minecraft:orange_bed":2,"minecraft:podzol":1,"minecraft:oak_slab":7,"minecraft:glass_pane":5,"minecraft:kelp_plant":1,"minecraft:crafting_table":8,"minecraft:emerald_ore":2,"minecraft:oak_wood":3,"world:pf_2":1,"minecraft:rose_bush":1,"minecraft:cobblestone":1,"minecraft:glass":2,"minecraft:oak_planks":7,"minecraft:wall_torch":1,"minecraft:blue_bed":2,"minecraft:pink_petals":1,"minecraft:spruce_log":9,"minecraft:grass":12,"minecraft:oak_log":36,"minecraft:coal_ore":18,"minecraft:sand":1,"minecraft:dirt":58,"minecraft:oak_leaves":5},"minecraft:crafted":{"minecraft:oak_door":3,"minecraft:oak_planks":260,"minecraft:barrel":6,"minecraft:fishing_rod":1,"minecraft:furnace":2,"minecraft:glass_pane":32,"minecraft:oak_trapdoor":2,"minecraft:glass":24,"minecraft:iron_axe":3,"minecraft:ladder":9,"minecraft:chest":2,"minecraft:spruce_boat":1,"minecraft:stone_hoe":1,"minecraft:wheat":135,"minecraft:cooked_cod":6,"minecraft:oak_slab":72,"minecraft:cooked_porkchop":6,"minecraft:crafting_table":5,"minecraft:spruce_planks":36,"minecraft:blue_bed":2,"minecraft:cooked_salmon":5,"minecraft:bucket":1,"minecraft:bread":45,"minecraft:air":0,"minecraft:oak_boat":2,"minecraft:shield":2,"minecraft:stick":36,"minecraft:iron_ingot":20,"minecraft:iron_pickaxe":2,"minecraft:oak_stairs":48,"minecraft:wooden_axe":1,"minecraft:torch":8},"minecraft:custom":{"minecraft:mob_kills":69,"minecraft:interact_with_crafting_table":36,"minecraft:open_barrel":4,"minecraft:damage_dealt_resisted":18,"minecraft:time_since_death":21361,"minecraft:climb_one_cm":6012,"minecraft:sprint_one_cm":342299,"minecraft:walk_one_cm":555254,"minecraft:damage_blocked_by_shield":200,"minecraft:drop":83,"minecraft:talked_to_villager":4,"minecraft:play_time":188159,"minecraft:deaths":12,"minecraft:sneak_time":5056,"minecraft:walk_under_water_one_cm":41632,"minecraft:boat_one_cm":345685,"minecraft:jump":1790,"minecraft:walk_on_water_one_cm":31676,"minecraft:total_world_time":188159,"minecraft:interact_with_furnace":31,"minecraft:sleep_in_bed":9,"minecraft:time_since_rest":21382,"minecraft:damage_taken":10004855,"minecraft:damage_dealt":17799,"minecraft:swim_one_cm":97380,"minecraft:fly_one_cm":134584,"minecraft:open_chest":28,"minecraft:crouch_one_cm":8087,"minecraft:fish_caught":7,"minecraft:fall_one_cm":28805,"minecraft:horse_one_cm":21576},"minecraft:killed_by":{"darkestsouls:cloaked_beast_patient":4,"minecraft:iron_golem":1,"bwrtherain:vapor":1,"darkestsouls:hollow_assassin":1,"minecraft:zombie":1,"valarian_conquest:valarian_ranger":1,"darkestsouls:beast_patient":2},"minecraft:dropped":{"minecraft:stone_hoe":1,"minecraft:wheat_seeds":2,"minecraft:cooked_porkchop":1,"minecraft:prismarine_crystals":2,"minecraft:red_mushroom":1,"minecraft:dirt":1,"minecraft:cooked_salmon":3,"gravestone:obituary":15,"minecraft:wither_rose":2,"minecraft:iron_axe":1,"minecraft:iron_pickaxe":1,"minecraft:fermented_spider_eye":1,"minecraft:pink_petals":4,"chiselsandbits:block_bit":804,"minecraft:oak_planks":3,"darkestsouls:beast_blood_clump":4,"minecraft:azure_bluet":22,"minecraft:spruce_fence":3,"minecraft:glass_pane":8,"chiselsandbits:chisel_stone":1,"minecraft:cobblestone_slab":1,"minecraft:shield":1,"alexsmobs:lobster_tail":1,"valarian_conquest:valarian_battle_axe":1,"arphex:fly_appendage":1},"minecraft:picked_up":{"minecraft:crafting_table":8,"minecraft:azure_bluet":28,"minecraft:ladder":9,"valarian_conquest:valarian_battle_axe":7,"minecraft:oak_stairs":18,"minecraft:wither_rose":2,"gravestone:obituary":3,"darkestsouls:beast_blood_clump":13,"minecraft:string":2,"darkestsouls:rune_fragment":5,"minecraft:glass_pane":7,"minecraft:spruce_planks":2,"minecraft:oak_boat":14,"minecraft:cobblestone_slab":1,"minecraft:iron_nugget":4,"minecraft:poppy":2,"minecraft:furnace":5,"minecraft:blue_wool":6,"minecraft:stick":2,"minecraft:raw_iron":10,"darkestsouls:soul_fragment":6,"minecraft:oak_door":3,"minecraft:torch":77,"valarian_conquest:valarian_shield_item":3,"minecraft:spruce_fence":3,"minecraft:porkchop":6,"minecraft:carrot":17,"minecraft:orange_bed":3,"minecraft:stone_shovel":1,"minecraft:rotten_flesh":10,"minecraft:tropical_fish":1,"minecraft:hay_block":15,"chiselsandbits:chisel_stone":1,"minecraft:saddle":2,"darkestsouls:titanite_fragment":3,"minecraft:end_rod":1,"minecraft:gold_ingot":2,"minecraft:cod":11,"minecraft:cobblestone":84,"alexsmobs:lobster_tail":1,"minecraft:stripped_oak_log":3,"minecraft:pink_petals":4,"minecraft:salmon":6,"minecraft:leather":2,"minecraft:red_mushroom":1,"minecraft:potato":1,"darkestsouls:cinnabar":2,"minecraft:oak_log":35,"minecraft:yellow_bed":1,"minecraft:dirt":129,"minecraft:blue_bed":2,"chiselsandbits:chiseled_block":1,"minecraft:bow":1,"minecraft:wheat_seeds":9,"arphex:burning_glands":5,"minecraft:iron_ingot":8,"minecraft:stone_pickaxe":1,"darkestsouls:blood_stone_fragment":1,"minecraft:oak_planks":39,"minecraft:oak_slab":9,"minecraft:sand":1,"minecraft:spruce_log":9,"minecraft:fermented_spider_eye":1,"minecraft:oak_wood":53,"arphex:fly_appendage":1,"minecraft:diamond":1,"minecraft:stone_axe":1,"minecraft:spruce_boat":6,"minecraft:emerald":8,"minecraft:oak_sapling":1,"minecraft:coal":22},"minecraft:used":{"minecraft:oak_trapdoor":2,"chiselsandbits:chiseled_block":1,"minecraft:stone_shovel":126,"minecraft:ladder":17,"minecraft:chest":2,"minecraft:spruce_planks":2,"minecraft:shield":8,"minecraft:stone_hoe":17,"minecraft:oak_door":5,"minecraft:orange_bed":3,"minecraft:torch":5,"minecraft:dirt":90,"minecraft:carrot":26,"minecraft:glass":12,"minecraft:spruce_boat":6,"minecraft:wooden_axe":32,"minecraft:oak_stairs":57,"minecraft:iron_axe":251,"minecraft:barrel":6,"minecraft:furnace":7,"minecraft:oak_sapling":1,"minecraft:cooked_cod":1,"minecraft:potato":1,"minecraft:water_bucket":19,"minecraft:stone_pickaxe":38,"minecraft:oak_planks":77,"minecraft:blue_bed":3,"minecraft:sand":1,"minecraft:oak_slab":56,"minecraft:crafting_table":12,"minecraft:oak_log":26,"minecraft:bread":20,"minecraft:iron_pickaxe":81,"minecraft:stone_axe":84,"minecraft:fishing_rod":24,"minecraft:cobblestone":7,"minecraft:cooked_porkchop":5,"minecraft:bucket":20,"minecraft:glass_pane":31,"minecraft:yellow_bed":1,"minecraft:oak_boat":16,"alexsmobs:animal_dictionary":6},"minecraft:killed":{"darkestsouls:hollow_axe":1,"alexsmobs:hummingbird":2,"alexsmobs:lobster":3,"darkestsouls:church_doctor":2,"darkestsouls:ashen_blood_beast_patient":1,"valarian_conquest:valarian_knight":2,"minecraft:cod":6,"valarian_conquest:valarian_ranger":3,"minecraft:horse":2,"darkestsouls:beast_patient":4,"minecraft:drowned":3,"valarian_conquest:valarian_nobleman":1,"darkestsouls:hollow_longsword":1,"darkestsouls:hollow_assassin":3,"minecraft:cat":1,"arphex:spider_larvae_tiny":2,"minecraft:pig":2,"world:dragonfly_2":1,"valarian_conquest:valarian_officer":1,"minecraft:salmon":6,"minecraft:iron_golem":1,"valarian_conquest:valarian_raider":7,"minecraft:zombie":4,"darkestsouls:cloaked_beast_patient":7,"arphex:spider_larvae":1,"apollyon:the_damned":1}},"DataVersion":3465}