{"stats":{"minecraft:used":{"minecraft:stone_shovel":5,"minecraft:stone_pickaxe":383,"minecraft:shield":4,"minecraft:chest":1,"minecraft:wooden_pickaxe":16,"minecraft:wooden_shovel":65,"minecraft:iron_chestplate":1,"minecraft:torch":1,"minecraft:dirt":12,"minecraft:crafting_table":7,"minecraft:granite":3,"minecraft:wooden_axe":17,"minecraft:iron_axe":4,"minecraft:melon_slice":14,"minecraft:iron_pickaxe":23,"minecraft:iron_helmet":1,"minecraft:stone_axe":7,"minecraft:cobblestone":55,"minecraft:andesite":1},"minecraft:crafted":{"minecraft:oak_planks":32,"minecraft:wooden_shovel":2,"minecraft:stone_shovel":2,"minecraft:crafting_table":3,"minecraft:wooden_pickaxe":2,"minecraft:iron_helmet":1,"minecraft:bucket":1,"minecraft:stone_axe":4,"minecraft:jungle_planks":60,"minecraft:iron_chestplate":1,"minecraft:iron_axe":1,"minecraft:stick":64,"minecraft:iron_ingot":31,"minecraft:iron_pickaxe":1,"minecraft:stone_pickaxe":8,"minecraft:wooden_axe":1,"minecraft:chest":1,"minecraft:gold_ingot":1,"minecraft:torch":56},"minecraft:killed":{"darkestsouls:skeleton_curved_swords":1,"minecraft:salmon":14,"minecraft:zombie":1,"darkestsouls:hollow_assassin":1},"minecraft:dropped":{"minecraft:stone_axe":2,"call_of_yucutan:flint_spear":2,"minecraft:melon_slice":4,"minecraft:stone_pickaxe":2},"minecraft:custom":{"minecraft:interact_with_furnace":21,"minecraft:mob_kills":17,"minecraft:interact_with_crafting_table":34,"minecraft:leave_game":1,"minecraft:time_since_death":15681,"minecraft:climb_one_cm":7230,"minecraft:time_since_rest":15770,"minecraft:sprint_one_cm":3479,"minecraft:damage_taken":613,"minecraft:walk_one_cm":119358,"minecraft:damage_blocked_by_shield":140,"minecraft:drop":7,"minecraft:damage_dealt":1209,"minecraft:swim_one_cm":19462,"minecraft:fly_one_cm":2175,"minecraft:open_chest":5,"minecraft:crouch_one_cm":2748,"minecraft:play_time":58612,"minecraft:deaths":1,"minecraft:sneak_time":1185,"minecraft:walk_under_water_one_cm":7921,"minecraft:jump":373,"minecraft:walk_on_water_one_cm":11204,"minecraft:total_world_time":58612,"minecraft:fall_one_cm":7511},"minecraft:killed_by":{"darkestsouls:skeleton_curved_swords":1},"minecraft:picked_up":{"minecraft:cocoa_beans":12,"minecraft:iron_chestplate":1,"minecraft:crafting_table":5,"minecraft:clay_ball":80,"minecraft:salmon":14,"minecraft:jungle_log":15,"minecraft:andesite":34,"call_of_yucutan:flint_spear":2,"minecraft:flint":1,"minecraft:tuff":2,"minecraft:oak_log":8,"minecraft:shield":2,"minecraft:dirt":71,"minecraft:raw_copper":22,"minecraft:bone":2,"minecraft:cobbled_deepslate":14,"minecraft:bucket":1,"minecraft:iron_ingot":3,"minecraft:iron_nugget":4,"minecraft:iron_pickaxe":1,"minecraft:bamboo":2,"minecraft:melon_slice":37,"minecraft:oak_planks":9,"darkestsouls:bone_fragment":3,"minecraft:iron_boots":1,"minecraft:stick":8,"minecraft:raw_iron":22,"darkestsouls:soul_fragment":4,"minecraft:torch":62,"minecraft:diorite":47,"minecraft:granite":14,"darkestsouls:small_soul_fragment":1,"minecraft:coal":51,"minecraft:cobblestone":314},"minecraft:broken":{"minecraft:stone_pickaxe":1,"minecraft:wooden_shovel":1},"minecraft:mined":{"minecraft:jungle_leaves":1,"minecraft:clay":21,"minecraft:crafting_table":4,"minecraft:granite":11,"minecraft:grass_block":6,"minecraft:jungle_log":15,"minecraft:copper_ore":7,"minecraft:cobblestone":6,"minecraft:diorite":47,"minecraft:iron_ore":21,"minecraft:andesite":37,"minecraft:grass":3,"minecraft:oak_log":8,"minecraft:coal_ore":23,"minecraft:cocoa":1,"minecraft:deepslate_iron_ore":4,"minecraft:vine":4,"minecraft:dirt":55,"minecraft:stone":248,"minecraft:oak_leaves":1,"minecraft:deepslate":14,"minecraft:fern":1}},"DataVersion":3465}