{"stats":{"minecraft:used":{"minecraft:ladder":4,"knighys_additions:nerium":4,"minecraft:chest":2,"minecraft:shield":13,"minecraft:iron_sword":48,"minecraft:iron_chestplate":2,"the_pillager_legion_:legion_disc_block_ending":1,"minecraft:mutton":2,"minecraft:music_disc_13":1,"call_of_yucutan:wooden_tecpatl":5,"minecraft:iron_helmet":1,"valarian_conquest:spikes":54,"minecraft:golden_sword":20,"minecraft:bow":28,"minecraft:cooked_cod":17,"minecraft:furnace":7,"minecraft:egg":1,"minecraft:spruce_door":4,"minecraft:oak_planks":7,"minecraft:stone_pickaxe":962,"minecraft:wooden_pickaxe":49,"minecraft:leather_chestplate":5,"minecraft:sandstone":21,"minecraft:redstone_block":2,"minecraft:blue_bed":1,"minecraft:jungle_boat":1,"the_pillager_legion_:legion_axe_tpl":11,"minecraft:sand":1,"darkestsouls:broken_straightsword":10,"minecraft:deepslate_iron_ore":8,"minecraft:melon_slice":76,"minecraft:bread":19,"minecraft:cyan_bed":2,"minecraft:gravel":3,"supplementaries:timber_cross_brace":1,"minecraft:andesite":1,"minecraft:oak_boat":39,"minecraft:tropical_fish_bucket":3,"minecraft:oak_trapdoor":12,"minecraft:acacia_log":3,"minecraft:stone_sword":134,"minecraft:tropical_fish":1,"minecraft:stone_shovel":217,"call_of_yucutan:ancient_gold":7,"minecraft:cooked_salmon":12,"minecraft:wooden_shovel":65,"minecraft:stone_hoe":134,"minecraft:oak_door":6,"minecraft:stick":2,"minecraft:orange_bed":6,"minecraft:torch":25,"minecraft:dirt":137,"the_pillager_legion_:legion_disc_blocky_marsh":1,"choups_drakvyrn_mod:intact_geode":8,"minecraft:oak_wood":4,"minecraft:granite":3,"minecraft:wooden_axe":23,"call_of_yucutan:red_limestone_tiles":8,"minecraft:chipped_anvil":3,"minecraft:iron_axe":4,"minecraft:iron_boots":1,"world:oak":24,"minecraft:beef":13,"call_of_yucutan:red_limestone":2,"minecraft:cooked_beef":25,"minecraft:cobbled_deepslate":234,"minecraft:acacia_planks":50,"minecraft:light_gray_bed":1,"alexsmobs:blobfish":1,"sophisticatedbackpacks:gold_backpack":4,"minecraft:cooked_mutton":31,"minecraft:acacia_boat":9,"minecraft:water_bucket":32,"minecraft:iron_ore":6,"the_pillager_legion_:legion_disc_blocky_world":1,"minecraft:cobblestone_slab":36,"minecraft:salmon":4,"minecraft:tnt":2,"minecraft:crafting_table":27,"the_pillager_legion_:legion_slab_deep":21,"minecraft:white_bed":22,"minecraft:diamond_pickaxe":90,"minecraft:iron_pickaxe":821,"minecraft:stone_axe":439,"minecraft:fishing_rod":5,"minecraft:cobblestone":267,"minecraft:cooked_porkchop":6,"minecraft:bucket":37,"alexsmobs:animal_dictionary":23,"minecraft:jukebox":1},"minecraft:mined":{"minecraft:large_amethyst_bud":2,"minecraft:spruce_planks":1,"minecraft:white_bed":18,"sophisticatedbackpacks:gold_backpack":2,"alexsmobs:leafcutter_anthill":1,"knighys_additions:deepslate_rayite_ore":17,"minecraft:jungle_leaves":217,"minecraft:orange_wool":8,"minecraft:granite":22,"minecraft:acacia_log":28,"minecraft:grass_block":105,"call_of_yucutan:golden_torch_wall":6,"minecraft:jungle_log":15,"minecraft:light_gray_bed":1,"minecraft:deepslate_bricks":39,"world:oak":44,"minecraft:blue_wool":1,"minecraft:spawner":5,"minecraft:tall_seagrass":1,"minecraft:raw_iron_block":1,"call_of_yucutan:red_limestone_slab":1,"minecraft:iron_ore":96,"minecraft:cobbled_deepslate":22,"knighys_additions:stiched_wood":1,"supplementaries:stick":2,"minecraft:small_amethyst_bud":4,"minecraft:orange_bed":6,"call_of_yucutan:golden_torch_ground":6,"minecraft:deepslate_redstone_ore":29,"minecraft:amethyst_cluster":4,"minecraft:medium_amethyst_bud":2,"minecraft:kelp_plant":2,"supplementaries:timber_cross_brace":1,"minecraft:clay":35,"the_pillager_legion_:legion_deep":22,"minecraft:melon":24,"minecraft:oxidized_copper":1,"minecraft:cobblestone":47,"minecraft:cyan_bed":1,"minecraft:oak_planks":6,"call_of_yucutan:mystic_vine_block":4,"minecraft:pink_petals":1,"minecraft:seagrass":3,"call_of_yucutan:red_limestone_tile_slab":1,"the_pillager_legion_:legion_slab_deep":2,"call_of_yucutan:polished_red_limestone_stairs":1,"call_of_yucutan:red_limestone":26,"minecraft:light_gray_wool":10,"minecraft:grass":97,"minecraft:oak_log":19,"minecraft:sand":67,"minecraft:dirt":230,"minecraft:piston":1,"minecraft:oak_leaves":84,"minecraft:deepslate":265,"knighys_additions:nerium":5,"minecraft:diamond_ore":1,"knighys_additions:stiched_leaves":1,"minecraft:tuff":2,"minecraft:oak_door":6,"minecraft:deepslate_diamond_ore":23,"knighys_additions:mossy_hovel":6,"gravestone:gravestone":61,"call_of_yucutan:overgrown_chest":11,"minecraft:spruce_fence":1,"minecraft:decorated_pot":1,"the_pillager_legion_:legion_cut_deep_3":24,"knighys_additions:red_stiched_leaves":1,"alexsmobs:leafcutter_ant_chamber":11,"valarian_conquest:spikes":45,"minecraft:acacia_slab":2,"minecraft:kelp":1,"minecraft:sandstone":24,"minecraft:magenta_stained_glass_pane":1,"call_of_yucutan:kukulkan_idol":1,"minecraft:redstone_ore":5,"minecraft:oak_trapdoor":4,"minecraft:andesite":53,"minecraft:stripped_spruce_log":4,"call_of_yucutan:ancient_gold_pillar":2,"minecraft:bookshelf":3,"minecraft:cobblestone_slab":3,"minecraft:deepslate_iron_ore":36,"minecraft:vine":10,"minecraft:rail":4,"minecraft:lantern":4,"call_of_yucutan:mossy_limestone_tiles":2,"minecraft:bamboo":2,"world:leavesoak":1,"minecraft:stone":754,"sophisticatedbackpacks:backpack":1,"minecraft:podzol":1,"call_of_yucutan:ancient_gold":11,"minecraft:acacia_leaves":3,"minecraft:redstone_block":2,"world:plantforestbig_1":3,"the_pillager_legion_:legion_stone":5,"call_of_yucutan:red_limestone_tiles":23,"minecraft:brown_carpet":1,"minecraft:spruce_door":4,"minecraft:oak_fence":2,"minecraft:crafting_table":12,"minecraft:oak_wood":30,"world:pf_2":1,"minecraft:copper_ore":12,"minecraft:tall_grass":18,"minecraft:lapis_ore":15,"minecraft:deepslate_gold_ore":18,"minecraft:diorite":127,"minecraft:blue_bed":1,"supplementaries:urn":8,"call_of_yucutan:red_limestone_pressure_plate":1,"minecraft:coarse_dirt":1,"valarian_conquest:mercenary_spawn_block":1,"minecraft:coal_ore":71,"minecraft:cocoa":1,"minecraft:gravel":19,"minecraft:cobweb":46,"minecraft:acacia_planks":9,"minecraft:gold_ore":11,"minecraft:fern":13},"minecraft:killed_by":{"arphex:spider_lurker":1,"valarian_conquest:valarian_knight":1,"minecraft:creeper":1,"darkestsouls:cloaked_beast_patient":5,"knighys_additions:colostula":2,"bwrtherain:vapor":1,"knighys_additions:spook":1,"darkestsouls:leech":15,"valarian_conquest:mercenary":1,"the_pillager_legion_:veteran_infantryman_tpl":2,"minecraft:zombie":1,"darkestsouls:church_doctor_scythe":1,"knighys_additions:pritour":2,"minecraft:player":9,"call_of_yucutan:undead_warrior":3,"call_of_yucutan:kukulkan":2,"darkestsouls:skeleton_curved_swords":1,"darkestsouls:ashen_blood_beast_patient":2,"darkestsouls:hollow_axe":1,"apollyon:the_damned":5,"minecraft:skeleton":2,"darkestsouls:hollow_assassin":2},"minecraft:killed":{"darkestsouls:gravetender_hollow_longsword":1,"minecraft:cave_spider":5,"darkestsouls:bonewheel":1,"darkestsouls:skeleton_curved_swords":7,"darkestsouls:ashen_blood_beast_patient":1,"knighys_additions:stuffed_faceless":1,"minecraft:spider":3,"darkestsouls:church_doctor_scythe":1,"darkestsouls:leech":3,"minecraft:pufferfish":1,"world:dryad":1,"minecraft:skeleton":13,"alexsmobs:capuchin_monkey":1,"alexsmobs:leafcutter_ant":1,"minecraft:chicken":1,"arphex:spider_lurker":1,"valarian_conquest:valarian_archer":1,"darkestsouls:church_doctor_pistol":2,"darkestsouls:beast_patient":9,"knighys_additions:stuffed":1,"minecraft:turtle":4,"valarian_conquest:valarian_nobleman":1,"darkestsouls:hollow_longsword":1,"darkestsouls:hollow_assassin":1,"minecraft:tropical_fish":2,"arphex:butterfly_bewitcher":1,"minecraft:parrot":1,"arphex:spider_larvae_tiny":4,"arphex:spider_jump":1,"alexsmobs:anteater":1,"minecraft:zombie_villager":1,"minecraft:salmon":25,"knighys_additions:cocoon":1,"bwrtherain:spider_skull":9,"darkestsouls:gravetender_hollow_broken_straightsword":2,"minecraft:creeper":2,"minecraft:sheep":5,"gravestone:player_ghost":13,"call_of_yucutan:undead_warrior":4,"darkestsouls:skeleton_spear":5,"minecraft:zombie":13,"darkestsouls:monstruosity_of_sin":1,"arphex:spider_larvae":2,"apollyon:the_damned":1,"minecraft:cow":11,"darkestsouls:hollow_axe":6,"darkestsouls:church_doctor":1,"choups_drakvyrn_mod:drave":15,"valarian_conquest:valarian_knight":1,"darkestsouls:hollow_broken_straightsword":2,"darkestsouls:skeleton_falchion":5,"alexsmobs:underminer":2,"minecraft:drowned":5,"alexsmobs:flying_fish":1,"world:goblin":2,"valarian_conquest:valarian_officer":1,"minecraft:bat":1,"knighys_additions:distorted_stuffed_faceless":1,"knighys_additions:raggy":1,"the_pillager_legion_:veteran_infantryman_tpl":64,"world:centaur":1,"darkestsouls:cloaked_beast_patient":4,"the_pillager_legion_:infantryman_tpl":55,"darkestsouls:skeleton_swordsman_twin_shotels":2},"minecraft:picked_up":{"minecraft:wooden_axe":2,"call_of_yucutan:wooden_tecpatl":2,"minecraft:seagrass":9,"minecraft:iron_chestplate":4,"minecraft:wheat":7,"minecraft:redstone_block":2,"choups_drakvyrn_mod:intact_geode":11,"minecraft:wither_rose":1,"minecraft:potion":2,"darkestsouls:beast_blood_clump":14,"minecraft:string":59,"minecraft:raw_copper":53,"minecraft:cooked_salmon":15,"minecraft:pufferfish":3,"darkestsouls:rune_fragment":34,"alexsmobs:banana":2,"minecraft:gold_nugget":32,"minecraft:cobbled_deepslate":311,"minecraft:bucket":1,"minecraft:spruce_planks":64,"call_of_yucutan:red_limestone_tile_slab":1,"knighys_additions:odd_silk":6,"minecraft:cobblestone_slab":67,"minecraft:iron_pickaxe":1,"minecraft:melon_slice":155,"minecraft:furnace":1,"alexsmobs:leafcutter_ant_chamber":10,"the_pillager_legion_:legion_armor_helmet":13,"minecraft:iron_boots":1,"minecraft:blue_wool":3,"minecraft:spruce_pressure_plate":1,"minecraft:stick":31,"call_of_yucutan:mossy_limestone_tiles":2,"minecraft:oak_fence":2,"minecraft:torch":92,"minecraft:acacia_log":35,"minecraft:spruce_stairs":3,"call_of_yucutan:red_limestone":28,"choups_drakvyrn_mod:crystal_powder":45,"minecraft:diorite":123,"knighys_additions:stick_grip":1,"darkestsouls:beast_eye":1,"minecraft:brown_carpet":1,"minecraft:orange_bed":8,"valarian_conquest:mercenary_spawn_block":2,"darkestsouls:quicksilver_bullet":2,"minecraft:stone_sword":2,"minecraft:light_gray_bed":2,"minecraft:rotten_flesh":29,"minecraft:tropical_fish":2,"farmersdelight:onion":1,"the_pillager_legion_:legion_stone":4,"choups_drakvyrn_mod:draklet_tooth":4,"minecraft:iron_block":3,"darkestsouls:titanite_fragment":38,"supplementaries:ash":10,"minecraft:cod":1,"alexsmobs:flying_fish":1,"minecraft:cobblestone":941,"minecraft:pink_petals":2,"the_pillager_legion_:legion_sword_tpl":2,"minecraft:cooked_beef":14,"minecraft:leather_chestplate":5,"minecraft:feather":9,"minecraft:oxidized_copper":1,"minecraft:andesite":53,"knighys_additions:nerium":6,"minecraft:jungle_log":15,"minecraft:flint":6,"minecraft:tuff":3,"supplementaries:flax_seeds":4,"call_of_yucutan:mossy_ritual_rocks":1,"minecraft:acacia_boat":7,"minecraft:lapis_lazuli":86,"minecraft:dirt":349,"minecraft:lantern":4,"minecraft:name_tag":1,"minecraft:leather_boots":1,"minecraft:bone":20,"minecraft:chipped_anvil":6,"minecraft:acacia_planks":19,"minecraft:bow":2,"minecraft:wheat_seeds":35,"minecraft:raw_gold":39,"call_of_yucutan:golden_torch":17,"minecraft:dark_oak_sign":1,"minecraft:bamboo":12,"alexsmobs:blobfish":5,"minecraft:stone_hoe":1,"minecraft:oak_planks":52,"darkestsouls:bone_fragment":19,"choups_drakvyrn_mod:brown_draklet_scute":8,"minecraft:music_disc_13":1,"world:crystal_9":1,"call_of_yucutan:polished_red_limestone_stairs":1,"minecraft:sand":104,"minecraft:stripped_spruce_log":5,"valarian_conquest:mercenary_sword":9,"minecraft:fermented_spider_eye":1,"the_pillager_legion_:legion_disc_block_ending":1,"minecraft:cyan_bed":2,"call_of_yucutan:red_limestone_pressure_plate":1,"minecraft:orange_wool":14,"world:oak":41,"call_of_yucutan:elder_bone":39,"call_of_yucutan:ancient_gold":20,"call_of_yucutan:red_limestone_slab":1,"valarian_conquest:command_wand":1,"minecraft:spruce_boat":3,"minecraft:deepslate":60,"minecraft:diamond":28,"minecraft:granite":25,"minecraft:bone_meal":1,"minecraft:bread":17,"minecraft:emerald":19,"minecraft:oak_sapling":5,"knighys_additions:red_stiched_leaves":1,"minecraft:coarse_dirt":3,"sophisticatedbackpacks:gold_backpack":5,"minecraft:cocoa_beans":12,"knighys_additions:mossy_hovel":12,"minecraft:crafting_table":17,"minecraft:allium":2,"minecraft:chicken":1,"minecraft:clay_ball":132,"minecraft:wooden_pickaxe":3,"minecraft:diamond_horse_armor":1,"call_of_yucutan:ancient_gold_pillar":7,"gravestone:obituary":22,"minecraft:shield":7,"minecraft:brick":20,"minecraft:oak_trapdoor":4,"minecraft:moss_carpet":2,"knighys_additions:stiched_wood":1,"darkestsouls:sorcerer_staff_a":2,"supplementaries:timber_cross_brace":1,"supplementaries:bomb":4,"minecraft:beef":54,"minecraft:oak_boat":30,"minecraft:jungle_sapling":7,"minecraft:iron_nugget":10,"minecraft:light_gray_wool":22,"minecraft:chest":1,"minecraft:spruce_trapdoor":4,"minecraft:piston":1,"minecraft:egg":1,"minecraft:raw_iron":162,"minecraft:sandstone":21,"darkestsouls:twinkling_fragment":2,"minecraft:oak_door":11,"darkestsouls:soul_fragment":38,"sophisticatedbackpacks:crafting_upgrade":1,"minecraft:copper_ingot":26,"minecraft:bowl":1,"sophisticatedbackpacks:backpack":1,"minecraft:spruce_fence":2,"valarian_conquest:spikes":40,"minecraft:redstone":173,"alexsmobs:leafcutter_ant_pupa":1,"minecraft:prismarine_crystals":3,"minecraft:arrow":26,"minecraft:stone_shovel":1,"minecraft:cooked_cod":9,"minecraft:deepslate_bricks":31,"minecraft:gold_ingot":41,"chiselsandbits:chisel_stone":2,"the_pillager_legion_:legion_disc_blocky_world":2,"minecraft:saddle":2,"the_pillager_legion_:legion_armor_boots":11,"alexsmobs:ghostly_pickaxe":1,"minecraft:mutton":17,"minecraft:rail":15,"minecraft:white_wool":10,"minecraft:air":1,"minecraft:salmon":25,"call_of_yucutan:flint_spear":2,"minecraft:leather":30,"minecraft:filled_map":1,"call_of_yucutan:ritual_rocks":2,"minecraft:oak_log":21,"darkestsouls:firebomb":3,"minecraft:gunpowder":20,"farmersdelight:skillet":1,"farmersdelight:flint_knife":1,"minecraft:blue_bed":1,"minecraft:paper":24,"valarian_conquest:mercenary_shield":1,"minecraft:cooked_mutton":18,"minecraft:coast_armor_trim_smithing_template":2,"minecraft:kelp":12,"minecraft:heart_of_the_sea":1,"minecraft:iron_ingot":7,"minecraft:stone_pickaxe":6,"minecraft:cooked_chicken":1,"the_pillager_legion_:legion_cut_deep_3":24,"the_pillager_legion_:legion_deep":14,"darkestsouls:blood_stone_fragment":11,"minecraft:acacia_sapling":16,"minecraft:book":18,"world:crystal_10":6,"knighys_additions:raw_rayite":17,"minecraft:quartz":9,"minecraft:raw_iron_block":1,"minecraft:gravel":21,"minecraft:amethyst_shard":19,"knighys_additions:stiched_leaves":1,"minecraft:white_bed":23,"call_of_yucutan:red_limestone_tiles":14,"minecraft:spider_eye":6,"the_pillager_legion_:legion_axe_tpl":7,"minecraft:spruce_door":5,"darkestsouls:broken_straightsword":1,"minecraft:oak_wood":30,"the_pillager_legion_:legion_slab_deep":2,"arphex:fly_appendage":1,"minecraft:stone_axe":7,"choups_drakvyrn_mod:draklet_horn":3,"minecraft:painting":2,"darkestsouls:small_soul_fragment":13,"minecraft:coal":210,"darkestsouls:throwing_knife":2},"minecraft:broken":{"minecraft:wooden_shovel":1,"the_pillager_legion_:legion_armor_boots":1,"minecraft:stone_pickaxe":4,"minecraft:stone_axe":4,"minecraft:stone_shovel":1,"minecraft:leather_chestplate":1,"minecraft:stone_hoe":1,"minecraft:iron_pickaxe":1},"minecraft:custom":{"minecraft:interact_with_crafting_table":179,"minecraft:open_barrel":7,"minecraft:leave_game":25,"minecraft:time_since_death":123848,"minecraft:sprint_one_cm":1193671,"minecraft:damage_blocked_by_shield":376,"minecraft:drop":295,"minecraft:talked_to_villager":1,"minecraft:play_time":941163,"minecraft:deaths":73,"minecraft:jump":7048,"minecraft:walk_on_water_one_cm":238169,"minecraft:interact_with_furnace":91,"minecraft:play_record":4,"minecraft:sleep_in_bed":31,"minecraft:damage_dealt":71227,"minecraft:player_kills":7,"minecraft:crouch_one_cm":59015,"minecraft:interact_with_smithing_table":2,"minecraft:inspect_dispenser":1,"minecraft:horse_one_cm":1376328,"minecraft:interact_with_anvil":4,"minecraft:mob_kills":346,"minecraft:interact_with_campfire":7,"minecraft:damage_dealt_resisted":133,"minecraft:climb_one_cm":15739,"minecraft:walk_one_cm":2395291,"minecraft:damage_dealt_absorbed":460,"minecraft:sneak_time":32443,"minecraft:walk_under_water_one_cm":253986,"minecraft:boat_one_cm":1549838,"minecraft:interact_with_blast_furnace":1,"minecraft:total_world_time":941163,"minecraft:time_since_rest":29445,"minecraft:damage_taken":10127984,"minecraft:swim_one_cm":527928,"minecraft:fly_one_cm":516846,"minecraft:open_chest":184,"minecraft:fish_caught":1,"minecraft:fall_one_cm":127523},"minecraft:crafted":{"minecraft:oak_planks":192,"sophisticatedbackpacks:anvil_upgrade":1,"minecraft:cooked_mutton":2,"sophisticatedbackpacks:smelting_upgrade":1,"minecraft:diamond_helmet":1,"minecraft:iron_boots":2,"knighys_additions:rayite_ingot":4,"minecraft:chest":3,"darkestsouls:titanite_ingot":5,"minecraft:wooden_shovel":2,"minecraft:arrow":8,"minecraft:crafting_table":14,"minecraft:spruce_planks":20,"minecraft:jungle_boat":1,"minecraft:wooden_pickaxe":5,"minecraft:iron_helmet":1,"armoroftheages:o_yoroi_armor_legs":1,"minecraft:gold_block":3,"sophisticatedbackpacks:upgrade_base":2,"minecraft:iron_chestplate":3,"armoroftheages:o_yoroi_armor_head":1,"minecraft:diamond_pickaxe":1,"minecraft:shield":2,"sophisticatedbackpacks:diamond_backpack":2,"minecraft:stick":140,"minecraft:leather_chestplate":1,"minecraft:iron_ingot":183,"minecraft:iron_pickaxe":8,"minecraft:iron_block":3,"minecraft:stone_sword":2,"minecraft:gold_ingot":3,"call_of_yucutan:wooden_tecpatl":1,"minecraft:stone_shovel":3,"minecraft:fishing_rod":1,"minecraft:jukebox":1,"minecraft:furnace":8,"darkestsouls:greatsword_hilt":1,"minecraft:oak_trapdoor":8,"minecraft:iron_axe":1,"minecraft:ladder":6,"minecraft:stone_pickaxe":15,"minecraft:diamond_boots":1,"minecraft:redstone_block":17,"minecraft:dark_oak_planks":4,"sophisticatedbackpacks:iron_backpack":1,"minecraft:cooked_beef":4,"minecraft:coal_block":7,"sophisticatedbackpacks:gold_backpack":1,"darkestsouls:reinforced_handle":1,"minecraft:bucket":4,"minecraft:stone_axe":8,"minecraft:acacia_boat":3,"minecraft:bread":2,"minecraft:air":0,"minecraft:jungle_planks":60,"minecraft:oak_boat":9,"armoroftheages:o_yoroi_armor_chest":1,"minecraft:golden_apple":1,"knighys_additions:stick_grip":1,"minecraft:wooden_axe":2,"minecraft:anvil":2,"minecraft:white_bed":2,"minecraft:acacia_planks":100,"minecraft:torch":80},"minecraft:dropped":{"minecraft:moss_block":2,"call_of_yucutan:elder_bone":6,"minecraft:lapis_lazuli":25,"minecraft:cooked_beef":18,"minecraft:leather":7,"minecraft:saddle":2,"minecraft:rail":13,"call_of_yucutan:red_limestone_tile_slab":1,"farmersdelight:rice":6,"sophisticatedbackpacks:gold_backpack":2,"minecraft:dirt":32,"alexsmobs:flying_fish":1,"world:oak":17,"minecraft:coast_armor_trim_smithing_template":2,"minecraft:seagrass":9,"the_pillager_legion_:legion_sword_tpl":2,"farmersdelight:onion":1,"gravestone:obituary":76,"knighys_additions:stiched_wood":1,"minecraft:sand":103,"call_of_yucutan:red_limestone":4,"minecraft:iron_pickaxe":4,"minecraft:gold_ingot":11,"minecraft:bone":5,"minecraft:stone_axe":3,"darkestsouls:blood_stone_fragment":1,"knighys_additions:stiched_leaves":1,"darkestsouls:titanite_fragment":1,"minecraft:cobbled_deepslate":28,"choups_drakvyrn_mod:draklet_horn":1,"minecraft:wheat":5,"minecraft:rotten_flesh":20,"knighys_additions:nerium":1,"minecraft:cooked_mutton":10,"darkestsouls:beast_blood_clump":4,"knighys_additions:mossy_hovel":12,"minecraft:carrot":7,"call_of_yucutan:mossy_limestone_tiles":2,"minecraft:spruce_pressure_plate":1,"minecraft:leather_boots":1,"call_of_yucutan:ancient_gold_pillar":2,"minecraft:arrow":5,"minecraft:beef":3,"darkestsouls:sorcerer_staff_a":1,"minecraft:quartz":5,"the_pillager_legion_:legion_armor_helmet":10,"the_pillager_legion_:legion_armor_boots":5,"darkestsouls:rune_fragment":7,"call_of_yucutan:mossy_ritual_rocks":1,"minecraft:wheat_seeds":16,"farmersdelight:skillet":1,"knighys_additions:red_stiched_leaves":1,"darkestsouls:small_soul_fragment":5,"minecraft:poisonous_potato":4,"minecraft:cobblestone":19,"minecraft:feather":8,"minecraft:granite":4,"valarian_conquest:mercenary_sword":1,"minecraft:copper_ingot":26,"call_of_yucutan:polished_red_limestone_stairs":1,"the_pillager_legion_:legion_stairs_deep":17,"minecraft:stick":4,"minecraft:pufferfish":3,"call_of_yucutan:red_limestone_slab":1,"minecraft:diamond_horse_armor":1,"minecraft:diorite":58,"alexsmobs:leafcutter_ant_chamber":1,"choups_drakvyrn_mod:intact_geode":1,"minecraft:melon_slice":4,"minecraft:potion":3,"minecraft:wither_rose":1,"minecraft:heart_of_the_sea":3,"minecraft:orange_bed":1,"minecraft:paper":7,"minecraft:string":9,"call_of_yucutan:red_limestone_pressure_plate":1,"minecraft:pink_petals":2,"minecraft:bucket":2,"minecraft:acacia_planks":5,"minecraft:redstone":2,"the_pillager_legion_:legion_armor_leggings":1,"minecraft:moss_carpet":2,"minecraft:kelp":2,"minecraft:coarse_dirt":3,"call_of_yucutan:red_limestone_tiles":6,"minecraft:stone_sword":1,"minecraft:dark_oak_sign":1,"minecraft:raw_copper":16,"call_of_yucutan:ancient_gold":4,"minecraft:deepslate":8,"minecraft:tuff":1,"valarian_conquest:valarian_spear":1,"minecraft:raw_iron":1,"minecraft:chicken":1,"alexsmobs:blobfish":1,"minecraft:iron_boots":1,"minecraft:suspicious_stew":1,"minecraft:filled_map":3,"call_of_yucutan:flint_spear":2,"minecraft:potato":6,"minecraft:shield":4,"farmersdelight:flint_knife":1,"minecraft:allium":2,"minecraft:spruce_trapdoor":4,"minecraft:spruce_planks":1,"minecraft:iron_chestplate":4,"choups_drakvyrn_mod:draklet_tooth":1,"minecraft:andesite":12,"minecraft:oak_sapling":2,"choups_drakvyrn_mod:brown_draklet_scute":8,"the_pillager_legion_:legion_axe_tpl":4,"minecraft:spider_eye":2,"minecraft:bamboo":10,"minecraft:brown_carpet":1,"knighys_additions:stick_grip":1,"minecraft:bow":2,"minecraft:stone_pickaxe":8,"minecraft:wooden_pickaxe":2,"the_pillager_legion_:legion_stone":1,"minecraft:brick":3}},"DataVersion":3465}