{"stats":{"minecraft:crafted":{"minecraft:oak_planks":192,"minecraft:cooked_mutton":2,"minecraft:iron_boots":2,"knighys_additions:rayite_ingot":4,"minecraft:chest":2,"darkestsouls:titanite_ingot":4,"minecraft:wooden_shovel":2,"minecraft:crafting_table":14,"minecraft:spruce_planks":20,"minecraft:jungle_boat":1,"minecraft:wooden_pickaxe":5,"minecraft:iron_helmet":1,"minecraft:iron_chestplate":3,"minecraft:diamond_pickaxe":1,"minecraft:shield":2,"minecraft:stick":140,"minecraft:leather_chestplate":1,"minecraft:iron_ingot":171,"minecraft:iron_pickaxe":4,"minecraft:stone_sword":2,"minecraft:gold_ingot":1,"call_of_yucutan:wooden_tecpatl":1,"minecraft:stone_shovel":3,"minecraft:fishing_rod":1,"minecraft:jukebox":1,"minecraft:furnace":6,"darkestsouls:greatsword_hilt":1,"minecraft:oak_trapdoor":8,"minecraft:iron_axe":1,"minecraft:ladder":6,"minecraft:stone_pickaxe":15,"minecraft:dark_oak_planks":4,"sophisticatedbackpacks:iron_backpack":1,"minecraft:cooked_beef":1,"darkestsouls:reinforced_handle":1,"sophisticatedbackpacks:gold_backpack":1,"minecraft:bucket":3,"minecraft:stone_axe":8,"minecraft:acacia_boat":3,"minecraft:bread":2,"minecraft:air":0,"minecraft:jungle_planks":60,"minecraft:oak_boat":9,"knighys_additions:stick_grip":1,"minecraft:wooden_axe":2,"minecraft:white_bed":2,"minecraft:acacia_planks":100,"minecraft:torch":80},"minecraft:picked_up":{"minecraft:wooden_axe":2,"call_of_yucutan:wooden_tecpatl":2,"minecraft:seagrass":9,"minecraft:iron_chestplate":4,"minecraft:wheat":7,"minecraft:redstone_block":2,"choups_drakvyrn_mod:intact_geode":6,"minecraft:potion":2,"darkestsouls:beast_blood_clump":11,"minecraft:string":59,"minecraft:raw_copper":41,"minecraft:cooked_salmon":15,"minecraft:pufferfish":3,"darkestsouls:rune_fragment":34,"minecraft:gold_nugget":32,"alexsmobs:banana":2,"minecraft:cobbled_deepslate":186,"minecraft:bucket":1,"minecraft:spruce_planks":1,"call_of_yucutan:red_limestone_tile_slab":1,"knighys_additions:odd_silk":6,"minecraft:cobblestone_slab":67,"minecraft:iron_pickaxe":1,"minecraft:melon_slice":155,"alexsmobs:leafcutter_ant_chamber":10,"the_pillager_legion_:legion_armor_helmet":13,"minecraft:iron_boots":1,"minecraft:blue_wool":3,"minecraft:stick":29,"call_of_yucutan:mossy_limestone_tiles":2,"minecraft:oak_fence":2,"minecraft:torch":92,"minecraft:acacia_log":35,"call_of_yucutan:red_limestone":28,"choups_drakvyrn_mod:crystal_powder":19,"minecraft:diorite":83,"knighys_additions:stick_grip":1,"darkestsouls:beast_eye":1,"minecraft:brown_carpet":1,"minecraft:orange_bed":7,"minecraft:stone_sword":2,"darkestsouls:quicksilver_bullet":2,"valarian_conquest:mercenary_spawn_block":2,"minecraft:light_gray_bed":2,"minecraft:rotten_flesh":29,"minecraft:tropical_fish":2,"farmersdelight:onion":1,"choups_drakvyrn_mod:draklet_tooth":4,"the_pillager_legion_:legion_stone":3,"darkestsouls:titanite_fragment":34,"supplementaries:ash":5,"minecraft:cod":1,"alexsmobs:flying_fish":1,"minecraft:cobblestone":823,"minecraft:pink_petals":2,"minecraft:leather_chestplate":5,"minecraft:cooked_beef":14,"minecraft:feather":9,"minecraft:oxidized_copper":1,"the_pillager_legion_:legion_sword_tpl":2,"knighys_additions:nerium":6,"minecraft:andesite":41,"minecraft:jungle_log":15,"supplementaries:flax_seeds":4,"minecraft:flint":4,"minecraft:tuff":3,"call_of_yucutan:mossy_ritual_rocks":1,"minecraft:acacia_boat":7,"minecraft:lantern":4,"minecraft:lapis_lazuli":86,"minecraft:dirt":343,"minecraft:name_tag":1,"minecraft:leather_boots":1,"minecraft:bone":19,"minecraft:chipped_anvil":3,"minecraft:acacia_planks":19,"minecraft:bow":2,"minecraft:wheat_seeds":35,"minecraft:raw_gold":23,"call_of_yucutan:golden_torch":17,"minecraft:dark_oak_sign":1,"minecraft:bamboo":12,"alexsmobs:blobfish":5,"minecraft:stone_hoe":1,"minecraft:oak_planks":20,"darkestsouls:bone_fragment":13,"choups_drakvyrn_mod:brown_draklet_scute":8,"minecraft:music_disc_13":1,"world:crystal_9":1,"call_of_yucutan:polished_red_limestone_stairs":1,"minecraft:sand":104,"valarian_conquest:mercenary_sword":9,"minecraft:stripped_spruce_log":5,"minecraft:cyan_bed":2,"the_pillager_legion_:legion_disc_block_ending":1,"minecraft:fermented_spider_eye":1,"call_of_yucutan:red_limestone_pressure_plate":1,"minecraft:orange_wool":14,"world:oak":41,"call_of_yucutan:elder_bone":39,"call_of_yucutan:ancient_gold":20,"call_of_yucutan:red_limestone_slab":1,"valarian_conquest:command_wand":1,"minecraft:diamond":21,"minecraft:deepslate":25,"minecraft:granite":25,"minecraft:bone_meal":1,"minecraft:emerald":19,"minecraft:bread":17,"minecraft:oak_sapling":5,"knighys_additions:red_stiched_leaves":1,"minecraft:coarse_dirt":3,"sophisticatedbackpacks:gold_backpack":5,"minecraft:cocoa_beans":12,"knighys_additions:mossy_hovel":12,"minecraft:crafting_table":16,"minecraft:allium":2,"minecraft:chicken":1,"minecraft:clay_ball":132,"minecraft:wooden_pickaxe":3,"minecraft:diamond_horse_armor":1,"call_of_yucutan:ancient_gold_pillar":7,"gravestone:obituary":22,"minecraft:brick":20,"minecraft:shield":7,"minecraft:moss_carpet":2,"minecraft:oak_trapdoor":4,"knighys_additions:stiched_wood":1,"darkestsouls:sorcerer_staff_a":2,"supplementaries:timber_cross_brace":1,"supplementaries:bomb":4,"minecraft:beef":51,"minecraft:oak_boat":28,"minecraft:jungle_sapling":7,"minecraft:iron_nugget":10,"minecraft:light_gray_wool":22,"minecraft:chest":1,"minecraft:piston":1,"minecraft:egg":1,"minecraft:raw_iron":129,"minecraft:sandstone":21,"darkestsouls:twinkling_fragment":2,"darkestsouls:soul_fragment":35,"minecraft:copper_ingot":26,"minecraft:bowl":1,"minecraft:spruce_fence":2,"sophisticatedbackpacks:backpack":1,"valarian_conquest:spikes":40,"minecraft:redstone":74,"alexsmobs:leafcutter_ant_pupa":1,"minecraft:prismarine_crystals":3,"minecraft:arrow":26,"minecraft:stone_shovel":1,"minecraft:cooked_cod":9,"minecraft:deepslate_bricks":29,"chiselsandbits:chisel_stone":2,"the_pillager_legion_:legion_disc_blocky_world":2,"minecraft:saddle":2,"the_pillager_legion_:legion_armor_boots":11,"minecraft:gold_ingot":5,"alexsmobs:ghostly_pickaxe":1,"minecraft:mutton":17,"minecraft:rail":15,"minecraft:white_wool":10,"minecraft:air":1,"minecraft:salmon":25,"call_of_yucutan:flint_spear":2,"minecraft:leather":29,"minecraft:filled_map":1,"call_of_yucutan:ritual_rocks":2,"minecraft:oak_log":21,"darkestsouls:firebomb":3,"minecraft:gunpowder":20,"farmersdelight:skillet":1,"farmersdelight:flint_knife":1,"minecraft:blue_bed":1,"minecraft:paper":24,"valarian_conquest:mercenary_shield":1,"minecraft:cooked_mutton":18,"minecraft:coast_armor_trim_smithing_template":2,"minecraft:kelp":12,"minecraft:heart_of_the_sea":1,"minecraft:iron_ingot":7,"minecraft:stone_pickaxe":6,"minecraft:cooked_chicken":1,"the_pillager_legion_:legion_cut_deep_3":15,"the_pillager_legion_:legion_deep":10,"darkestsouls:blood_stone_fragment":11,"minecraft:acacia_sapling":16,"minecraft:book":9,"world:crystal_10":6,"knighys_additions:raw_rayite":17,"minecraft:quartz":5,"minecraft:gravel":13,"knighys_additions:stiched_leaves":1,"minecraft:white_bed":23,"call_of_yucutan:red_limestone_tiles":14,"the_pillager_legion_:legion_axe_tpl":7,"darkestsouls:broken_straightsword":1,"minecraft:spruce_door":5,"minecraft:spider_eye":6,"arphex:fly_appendage":1,"minecraft:oak_wood":30,"the_pillager_legion_:legion_slab_deep":2,"minecraft:stone_axe":7,"choups_drakvyrn_mod:draklet_horn":3,"minecraft:painting":1,"darkestsouls:small_soul_fragment":10,"minecraft:coal":148,"darkestsouls:throwing_knife":2},"minecraft:used":{"minecraft:ladder":4,"knighys_additions:nerium":4,"minecraft:chest":2,"minecraft:shield":13,"minecraft:iron_sword":48,"minecraft:iron_chestplate":2,"the_pillager_legion_:legion_disc_block_ending":1,"minecraft:mutton":2,"minecraft:music_disc_13":1,"call_of_yucutan:wooden_tecpatl":5,"minecraft:iron_helmet":1,"valarian_conquest:spikes":54,"minecraft:golden_sword":20,"minecraft:bow":27,"minecraft:furnace":5,"minecraft:cooked_cod":17,"minecraft:egg":1,"minecraft:spruce_door":4,"minecraft:stone_pickaxe":962,"minecraft:oak_planks":7,"minecraft:wooden_pickaxe":49,"minecraft:leather_chestplate":5,"minecraft:sandstone":21,"minecraft:redstone_block":2,"minecraft:blue_bed":1,"minecraft:jungle_boat":1,"the_pillager_legion_:legion_axe_tpl":11,"minecraft:sand":1,"darkestsouls:broken_straightsword":10,"minecraft:cyan_bed":2,"minecraft:melon_slice":76,"minecraft:bread":2,"minecraft:gravel":3,"supplementaries:timber_cross_brace":1,"minecraft:andesite":1,"minecraft:oak_boat":35,"minecraft:tropical_fish_bucket":3,"minecraft:oak_trapdoor":12,"minecraft:acacia_log":3,"minecraft:stone_sword":134,"minecraft:tropical_fish":1,"minecraft:stone_shovel":217,"call_of_yucutan:ancient_gold":7,"minecraft:stone_hoe":134,"minecraft:wooden_shovel":65,"minecraft:cooked_salmon":12,"minecraft:stick":2,"minecraft:orange_bed":5,"minecraft:torch":25,"minecraft:dirt":137,"the_pillager_legion_:legion_disc_blocky_marsh":1,"choups_drakvyrn_mod:intact_geode":4,"minecraft:oak_wood":4,"minecraft:granite":3,"minecraft:wooden_axe":23,"call_of_yucutan:red_limestone_tiles":8,"minecraft:chipped_anvil":3,"minecraft:iron_axe":4,"minecraft:iron_boots":1,"world:oak":24,"minecraft:beef":13,"call_of_yucutan:red_limestone":2,"minecraft:cooked_beef":25,"minecraft:cobbled_deepslate":111,"minecraft:acacia_planks":50,"minecraft:light_gray_bed":1,"alexsmobs:blobfish":1,"sophisticatedbackpacks:gold_backpack":4,"minecraft:cooked_mutton":30,"minecraft:acacia_boat":9,"minecraft:water_bucket":21,"the_pillager_legion_:legion_disc_blocky_world":1,"minecraft:cobblestone_slab":36,"minecraft:salmon":4,"minecraft:tnt":2,"minecraft:crafting_table":25,"the_pillager_legion_:legion_slab_deep":21,"minecraft:white_bed":22,"minecraft:diamond_pickaxe":90,"minecraft:iron_pickaxe":393,"minecraft:stone_axe":439,"minecraft:fishing_rod":5,"minecraft:cobblestone":260,"minecraft:cooked_porkchop":4,"minecraft:bucket":26,"alexsmobs:animal_dictionary":23,"minecraft:jukebox":1},"minecraft:mined":{"minecraft:spruce_planks":1,"minecraft:white_bed":18,"sophisticatedbackpacks:gold_backpack":2,"alexsmobs:leafcutter_anthill":1,"knighys_additions:deepslate_rayite_ore":17,"minecraft:jungle_leaves":217,"minecraft:orange_wool":8,"minecraft:granite":22,"minecraft:acacia_log":28,"minecraft:grass_block":102,"call_of_yucutan:golden_torch_wall":6,"minecraft:jungle_log":15,"minecraft:light_gray_bed":1,"minecraft:deepslate_bricks":37,"world:oak":44,"minecraft:blue_wool":1,"minecraft:spawner":3,"minecraft:tall_seagrass":1,"call_of_yucutan:red_limestone_slab":1,"minecraft:iron_ore":89,"minecraft:cobbled_deepslate":6,"knighys_additions:stiched_wood":1,"supplementaries:stick":2,"minecraft:orange_bed":5,"call_of_yucutan:golden_torch_ground":6,"minecraft:deepslate_redstone_ore":17,"minecraft:kelp_plant":2,"supplementaries:timber_cross_brace":1,"minecraft:clay":35,"the_pillager_legion_:legion_deep":17,"minecraft:melon":24,"minecraft:oxidized_copper":1,"minecraft:cobblestone":45,"minecraft:cyan_bed":1,"minecraft:oak_planks":6,"call_of_yucutan:mystic_vine_block":4,"minecraft:pink_petals":1,"minecraft:seagrass":3,"call_of_yucutan:red_limestone_tile_slab":1,"the_pillager_legion_:legion_slab_deep":2,"call_of_yucutan:polished_red_limestone_stairs":1,"call_of_yucutan:red_limestone":26,"minecraft:light_gray_wool":10,"minecraft:grass":97,"minecraft:oak_log":19,"minecraft:sand":67,"minecraft:dirt":227,"minecraft:piston":1,"minecraft:oak_leaves":84,"minecraft:deepslate":151,"knighys_additions:nerium":5,"minecraft:tuff":2,"knighys_additions:stiched_leaves":1,"minecraft:deepslate_diamond_ore":17,"knighys_additions:mossy_hovel":6,"gravestone:gravestone":60,"call_of_yucutan:overgrown_chest":11,"minecraft:spruce_fence":1,"minecraft:decorated_pot":1,"the_pillager_legion_:legion_cut_deep_3":15,"knighys_additions:red_stiched_leaves":1,"alexsmobs:leafcutter_ant_chamber":11,"valarian_conquest:spikes":45,"minecraft:acacia_slab":2,"minecraft:kelp":1,"minecraft:sandstone":24,"minecraft:magenta_stained_glass_pane":1,"call_of_yucutan:kukulkan_idol":1,"minecraft:oak_trapdoor":4,"minecraft:andesite":41,"minecraft:stripped_spruce_log":4,"call_of_yucutan:ancient_gold_pillar":2,"minecraft:cobblestone_slab":3,"minecraft:deepslate_iron_ore":27,"minecraft:vine":10,"minecraft:rail":4,"minecraft:lantern":4,"call_of_yucutan:mossy_limestone_tiles":2,"minecraft:bamboo":2,"world:leavesoak":1,"minecraft:stone":643,"sophisticatedbackpacks:backpack":1,"minecraft:podzol":1,"call_of_yucutan:ancient_gold":11,"minecraft:acacia_leaves":3,"minecraft:redstone_block":2,"world:plantforestbig_1":3,"the_pillager_legion_:legion_stone":3,"call_of_yucutan:red_limestone_tiles":23,"minecraft:brown_carpet":1,"minecraft:spruce_door":4,"minecraft:oak_fence":2,"minecraft:crafting_table":12,"minecraft:oak_wood":30,"world:pf_2":1,"minecraft:copper_ore":8,"minecraft:tall_grass":18,"minecraft:lapis_ore":15,"minecraft:deepslate_gold_ore":4,"minecraft:diorite":82,"minecraft:blue_bed":1,"supplementaries:urn":5,"call_of_yucutan:red_limestone_pressure_plate":1,"minecraft:coarse_dirt":1,"valarian_conquest:mercenary_spawn_block":1,"minecraft:coal_ore":49,"minecraft:cocoa":1,"minecraft:gravel":9,"minecraft:cobweb":46,"minecraft:acacia_planks":9,"minecraft:gold_ore":11,"minecraft:fern":13},"minecraft:custom":{"minecraft:interact_with_crafting_table":144,"minecraft:open_barrel":7,"minecraft:leave_game":24,"minecraft:time_since_death":24831,"minecraft:sprint_one_cm":1039406,"minecraft:damage_blocked_by_shield":376,"minecraft:drop":266,"minecraft:talked_to_villager":1,"minecraft:play_time":790078,"minecraft:deaths":72,"minecraft:jump":6003,"minecraft:walk_on_water_one_cm":214840,"minecraft:interact_with_furnace":67,"minecraft:play_record":4,"minecraft:sleep_in_bed":30,"minecraft:damage_dealt":64246,"minecraft:player_kills":7,"minecraft:crouch_one_cm":56739,"minecraft:inspect_dispenser":1,"minecraft:interact_with_smithing_table":1,"minecraft:horse_one_cm":1376328,"minecraft:interact_with_anvil":4,"minecraft:mob_kills":329,"minecraft:interact_with_campfire":7,"minecraft:damage_dealt_resisted":133,"minecraft:climb_one_cm":15739,"minecraft:walk_one_cm":2136672,"minecraft:damage_dealt_absorbed":460,"minecraft:sneak_time":29304,"minecraft:walk_under_water_one_cm":230250,"minecraft:boat_one_cm":1549838,"minecraft:interact_with_blast_furnace":1,"minecraft:total_world_time":790078,"minecraft:time_since_rest":24860,"minecraft:damage_taken":10126795,"minecraft:swim_one_cm":490140,"minecraft:fly_one_cm":454052,"minecraft:open_chest":170,"minecraft:fish_caught":1,"minecraft:fall_one_cm":110058},"minecraft:killed":{"darkestsouls:gravetender_hollow_longsword":1,"minecraft:cave_spider":5,"darkestsouls:bonewheel":1,"darkestsouls:skeleton_curved_swords":7,"darkestsouls:ashen_blood_beast_patient":1,"knighys_additions:stuffed_faceless":1,"minecraft:spider":3,"darkestsouls:church_doctor_scythe":1,"darkestsouls:leech":3,"minecraft:pufferfish":1,"world:dryad":1,"minecraft:skeleton":13,"alexsmobs:capuchin_monkey":1,"alexsmobs:leafcutter_ant":1,"minecraft:chicken":1,"arphex:spider_lurker":1,"valarian_conquest:valarian_archer":1,"knighys_additions:stuffed":1,"darkestsouls:church_doctor_pistol":2,"darkestsouls:beast_patient":9,"minecraft:turtle":4,"valarian_conquest:valarian_nobleman":1,"darkestsouls:hollow_assassin":1,"darkestsouls:hollow_longsword":1,"minecraft:tropical_fish":2,"arphex:butterfly_bewitcher":1,"minecraft:parrot":1,"arphex:spider_larvae_tiny":4,"alexsmobs:anteater":1,"arphex:spider_jump":1,"minecraft:zombie_villager":1,"minecraft:salmon":25,"knighys_additions:cocoon":1,"bwrtherain:spider_skull":8,"minecraft:creeper":2,"darkestsouls:gravetender_hollow_broken_straightsword":2,"minecraft:sheep":5,"gravestone:player_ghost":13,"call_of_yucutan:undead_warrior":4,"darkestsouls:skeleton_spear":5,"minecraft:zombie":13,"darkestsouls:monstruosity_of_sin":1,"arphex:spider_larvae":2,"minecraft:cow":11,"darkestsouls:hollow_axe":6,"darkestsouls:church_doctor":1,"choups_drakvyrn_mod:drave":5,"valarian_conquest:valarian_knight":1,"darkestsouls:hollow_broken_straightsword":2,"darkestsouls:skeleton_falchion":3,"alexsmobs:underminer":2,"minecraft:drowned":5,"alexsmobs:flying_fish":1,"world:goblin":2,"valarian_conquest:valarian_officer":1,"minecraft:bat":1,"knighys_additions:distorted_stuffed_faceless":1,"knighys_additions:raggy":1,"the_pillager_legion_:veteran_infantryman_tpl":63,"world:centaur":1,"darkestsouls:cloaked_beast_patient":3,"the_pillager_legion_:infantryman_tpl":54,"darkestsouls:skeleton_swordsman_twin_shotels":2},"minecraft:dropped":{"minecraft:moss_block":2,"call_of_yucutan:elder_bone":6,"minecraft:lapis_lazuli":25,"minecraft:leather":3,"minecraft:saddle":2,"minecraft:rail":13,"call_of_yucutan:red_limestone_tile_slab":1,"farmersdelight:rice":6,"sophisticatedbackpacks:gold_backpack":2,"minecraft:dirt":29,"alexsmobs:flying_fish":1,"minecraft:coast_armor_trim_smithing_template":2,"world:oak":17,"minecraft:seagrass":9,"farmersdelight:onion":1,"the_pillager_legion_:legion_sword_tpl":2,"gravestone:obituary":76,"knighys_additions:stiched_wood":1,"minecraft:sand":103,"call_of_yucutan:red_limestone":4,"minecraft:iron_pickaxe":1,"minecraft:gold_ingot":11,"minecraft:bone":5,"darkestsouls:blood_stone_fragment":1,"minecraft:stone_axe":3,"knighys_additions:stiched_leaves":1,"darkestsouls:titanite_fragment":1,"minecraft:cobbled_deepslate":1,"choups_drakvyrn_mod:draklet_horn":1,"minecraft:wheat":1,"minecraft:rotten_flesh":20,"knighys_additions:nerium":1,"darkestsouls:beast_blood_clump":4,"knighys_additions:mossy_hovel":12,"minecraft:carrot":7,"call_of_yucutan:mossy_limestone_tiles":2,"minecraft:leather_boots":1,"call_of_yucutan:ancient_gold_pillar":2,"minecraft:arrow":5,"darkestsouls:sorcerer_staff_a":1,"minecraft:quartz":5,"the_pillager_legion_:legion_armor_helmet":10,"the_pillager_legion_:legion_armor_boots":5,"darkestsouls:rune_fragment":7,"call_of_yucutan:mossy_ritual_rocks":1,"minecraft:wheat_seeds":16,"farmersdelight:skillet":1,"knighys_additions:red_stiched_leaves":1,"darkestsouls:small_soul_fragment":5,"minecraft:poisonous_potato":4,"minecraft:feather":8,"minecraft:cobblestone":4,"minecraft:granite":4,"valarian_conquest:mercenary_sword":1,"minecraft:copper_ingot":26,"call_of_yucutan:polished_red_limestone_stairs":1,"the_pillager_legion_:legion_stairs_deep":17,"minecraft:stick":4,"minecraft:pufferfish":3,"call_of_yucutan:red_limestone_slab":1,"minecraft:diamond_horse_armor":1,"minecraft:diorite":18,"alexsmobs:leafcutter_ant_chamber":1,"choups_drakvyrn_mod:intact_geode":1,"minecraft:melon_slice":4,"minecraft:potion":3,"minecraft:heart_of_the_sea":3,"minecraft:orange_bed":1,"minecraft:pink_petals":2,"minecraft:paper":7,"minecraft:string":1,"call_of_yucutan:red_limestone_pressure_plate":1,"minecraft:bucket":1,"minecraft:acacia_planks":5,"minecraft:redstone":2,"minecraft:moss_carpet":2,"minecraft:kelp":2,"minecraft:coarse_dirt":3,"call_of_yucutan:red_limestone_tiles":6,"minecraft:stone_sword":1,"minecraft:dark_oak_sign":1,"minecraft:raw_copper":4,"call_of_yucutan:ancient_gold":4,"minecraft:tuff":1,"valarian_conquest:valarian_spear":1,"minecraft:chicken":1,"alexsmobs:blobfish":1,"minecraft:iron_boots":1,"minecraft:suspicious_stew":1,"minecraft:filled_map":3,"call_of_yucutan:flint_spear":2,"minecraft:potato":6,"farmersdelight:flint_knife":1,"minecraft:shield":4,"minecraft:allium":2,"minecraft:spruce_planks":1,"minecraft:iron_chestplate":4,"choups_drakvyrn_mod:draklet_tooth":1,"minecraft:oak_sapling":2,"choups_drakvyrn_mod:brown_draklet_scute":8,"the_pillager_legion_:legion_axe_tpl":4,"minecraft:brown_carpet":1,"minecraft:spider_eye":2,"minecraft:bamboo":10,"knighys_additions:stick_grip":1,"minecraft:bow":2,"minecraft:stone_pickaxe":8,"minecraft:wooden_pickaxe":2,"minecraft:brick":3},"minecraft:broken":{"minecraft:wooden_shovel":1,"the_pillager_legion_:legion_armor_boots":1,"minecraft:stone_pickaxe":4,"minecraft:stone_axe":4,"minecraft:stone_shovel":1,"minecraft:leather_chestplate":1,"minecraft:stone_hoe":1},"minecraft:killed_by":{"arphex:spider_lurker":1,"valarian_conquest:valarian_knight":1,"minecraft:creeper":1,"darkestsouls:cloaked_beast_patient":5,"knighys_additions:colostula":2,"bwrtherain:vapor":1,"knighys_additions:spook":1,"darkestsouls:leech":15,"valarian_conquest:mercenary":1,"the_pillager_legion_:veteran_infantryman_tpl":2,"minecraft:zombie":1,"darkestsouls:church_doctor_scythe":1,"knighys_additions:pritour":2,"call_of_yucutan:undead_warrior":3,"minecraft:player":9,"call_of_yucutan:kukulkan":2,"darkestsouls:skeleton_curved_swords":1,"darkestsouls:ashen_blood_beast_patient":2,"darkestsouls:hollow_axe":1,"apollyon:the_damned":4,"minecraft:skeleton":2,"darkestsouls:hollow_assassin":2}},"DataVersion":3465}