{"stats":{"minecraft:mined":{"minecraft:dark_oak_planks":1,"minecraft:spruce_planks":1,"minecraft:white_bed":1,"minecraft:obsidian":4,"biomesoplenty:burning_blossom":1,"minecraft:grass_block":59,"minecraft:light_gray_bed":1,"biomesoplenty:eyebulb":1,"minecraft:green_concrete":1,"minecraft:oxeye_daisy":1,"minecraft:spawner":4,"minecraft:magma_block":1,"biomesoplenty:tall_lavender":2,"minecraft:fire":7,"biomesoplenty:lavender":9,"minecraft:anvil":1,"minecraft:azure_bluet":1,"minecraft:stripped_mangrove_wood":5,"minecraft:player_head":4,"minecraft:blackstone":1,"minecraft:soul_fire":1,"minecraft:poppy":2,"minecraft:chest":2,"minecraft:cobblestone":1,"minecraft:damaged_anvil":1,"minecraft:wheat":3,"minecraft:lilac":3,"biomesoplenty:umbran_log":4,"minecraft:wither_rose":1,"minecraft:grass":73,"biomesoplenty:clover":24,"minecraft:oak_log":1,"minecraft:acacia_fence":1,"minecraft:sand":4,"minecraft:dirt":118,"minecraft:netherrack":9,"farmersdelight:wild_carrots":1,"biomesoplenty:bush":6,"biomesoplenty:dead_grass":1,"minecraft:crimson_stem":13,"minecraft:hay_block":103,"biomesoplenty:flesh":3,"minecraft:gold_block":2,"minecraft:vine":2,"minecraft:stone":12,"minecraft:basalt":3,"minecraft:stone_brick_slab":1,"minecraft:dandelion":6,"minecraft:oak_fence":1,"minecraft:crafting_table":3,"minecraft:rose_bush":1,"minecraft:tall_grass":15,"minecraft:copper_ore":12,"biomesoplenty:sprout":3,"biomesoplenty:huge_clover_petal":3,"minecraft:polished_andesite":1},"minecraft:used":{"minecraft:iron_shovel":177,"minecraft:poppy":2,"minecraft:chest":1,"minecraft:iron_sword":48,"minecraft:player_head":3,"minecraft:stone_bricks":73,"minecraft:egg":1,"biomesoplenty:flesh":1,"minecraft:golden_apple":2,"minecraft:sand":12,"minecraft:mushroom_stew":1,"biomesoplenty:umbran_planks":16,"minecraft:bread":209,"minecraft:stone_button":1,"minecraft:smithing_table":1,"minecraft:experience_bottle":1,"biomesoplenty:redwood_planks":3,"minecraft:spruce_planks":10,"minecraft:netherrack":1,"minecraft:dirt":160,"slashblade:slashblade":6824,"minecraft:golden_carrot":1,"biomesoplenty:blood_bucket":8,"biomesoplenty:burning_blossom":1,"minecraft:birch_boat":1,"minecraft:crafting_table":8,"supplementaries:bomb":6,"minecraft:white_bed":1,"minecraft:diamond_pickaxe":65,"minecraft:cooked_porkchop":2,"minecraft:bucket":9,"alexsmobs:animal_dictionary":5,"minecraft:wither_rose":1,"minecraft:dandelion":5},"minecraft:killed":{"darkestsouls:gravetender_hollow_longsword":3,"minecraft:zombified_piglin":107,"arphex:spider_flat":1,"minecraft:spider":4,"darkestsouls:church_doctor_scythe":3,"knighys_additions:spook":4,"minecraft:skeleton":19,"minecraft:chicken":2,"valarian_conquest:valarian_archer":3,"darkestsouls:beast_patient":4,"darkestsouls:church_doctor_lantern":2,"arphex:ant_arsonist":9,"darkestsouls:hollow_assassin":3,"darkestsouls:hollow_longsword":7,"minecraft:piglin_brute":3,"minecraft:piglin":8,"arphex:spider_larvae_tiny":11,"minecraft:pig":2,"alexsmobs:seal":5,"minecraft:iron_golem":2,"minecraft:creeper":5,"alexsmobs:crimson_mosquito":5,"arphex:centipede_evictor_larvae":4,"minecraft:sheep":2,"minecraft:trader_llama":2,"minecraft:zombie":12,"arphex:spider_larvae":10,"apollyon:the_damned":8,"minecraft:cow":4,"darkestsouls:hollow_axe":2,"alexsmobs:bone_serpent":2,"alexsmobs:dropbear":2,"darkestsouls:church_doctor":1,"darkestsouls:church_doctor_flamesprayer":1,"knighys_additions:auge":2,"arphex:locust_landscourge":1,"minecraft:phantom":8,"minecraft:horse":5,"darkestsouls:hollow_broken_straightsword":1,"arphex:sun_scorpion_tiny":2,"arphex:long_legs_fly":1,"alexsmobs:soul_vulture":1,"alexsmobs:bison":1,"darkestsouls:church_doctor_crucifix":2,"minecraft:husk":14,"minecraft:wandering_trader":1,"minecraft:hoglin":3,"alexsmobs:emu":2,"darkestsouls:cloaked_beast_patient":2,"minecraft:wither_skeleton":26,"minecraft:villager":2},"minecraft:crafted":{"minecraft:chest":1,"minecraft:crafting_table":3,"slashblade:slashblade":1,"minecraft:smithing_table":1,"minecraft:diamond_pickaxe":1,"sophisticatedbackpacks:diamond_backpack":1,"minecraft:stick":4,"minecraft:bone_meal":57,"minecraft:wheat":693,"biomesoplenty:umbran_planks":16,"minecraft:crimson_planks":24,"biomesoplenty:redwood_planks":4,"minecraft:bread":229},"minecraft:custom":{"minecraft:interact_with_crafting_table":33,"minecraft:open_barrel":11,"minecraft:eat_cake_slice":13,"minecraft:leave_game":2,"minecraft:time_since_death":7272,"minecraft:damage_resisted":8,"minecraft:sprint_one_cm":680865,"minecraft:drop":201,"minecraft:talked_to_villager":20,"minecraft:play_time":455108,"minecraft:deaths":20,"minecraft:jump":4257,"minecraft:walk_on_water_one_cm":45281,"minecraft:waystone_activated":2,"minecraft:damage_dealt":51546,"minecraft:player_kills":2,"minecraft:crouch_one_cm":298839,"minecraft:horse_one_cm":20825,"minecraft:interact_with_smithing_table":5,"minecraft:interact_with_anvil":8,"minecraft:mob_kills":398,"minecraft:sword_summoned":141,"minecraft:damage_dealt_resisted":826,"minecraft:climb_one_cm":3953,"minecraft:walk_one_cm":1723224,"minecraft:damage_dealt_absorbed":161,"minecraft:sneak_time":55520,"minecraft:walk_under_water_one_cm":40922,"minecraft:boat_one_cm":235592,"minecraft:total_world_time":455108,"minecraft:time_since_rest":7299,"minecraft:damage_taken":10119685,"minecraft:damage_absorbed":40,"minecraft:trigger_trapped_chest":3,"minecraft:swim_one_cm":95749,"minecraft:fly_one_cm":731560,"minecraft:open_chest":54,"minecraft:fall_one_cm":156989},"minecraft:broken":{"slashblade:slashblade":2},"minecraft:killed_by":{"minecraft:ghast":1,"minecraft:zombified_piglin":1,"minecraft:wither_skeleton":1,"bwrtherain:vapor":1,"minecraft:husk":1,"darkestsouls:church_doctor":1,"arphex:scorpioid_bloodluster":1,"minecraft:iron_golem":1,"minecraft:hoglin":1},"minecraft:dropped":{"sophisticatedbackpacks:iron_backpack":1,"minecraft:porkchop":9,"minecraft:diamond":2,"minecraft:crafting_table":1,"minecraft:lantern":1,"minecraft:leather":1,"minecraft:item_frame":2,"minecraft:dirt":6,"minecraft:stone_button":2,"minecraft:cornflower":1,"alexsmobs:emu_feather":1,"minecraft:fermented_spider_eye":2,"minecraft:bone":3,"minecraft:gravel":1,"darkestsouls:blood_stone_fragment":1,"minecraft:golden_chestplate":1,"darkestsouls:titanite_fragment":3,"minecraft:rotten_flesh":23,"darkestsouls:beast_blood_clump":3,"minecraft:azure_bluet":1,"alexsmobs:bone_serpent_tooth":2,"minecraft:poppy":6,"supplementaries:ash":2,"minecraft:turtle_helmet":1,"minecraft:melon_seeds":1,"minecraft:stone_brick_wall":3,"apotheosis:gem":5,"minecraft:chest":1,"minecraft:spruce_slab":8,"minecraft:basalt":3,"minecraft:iron_bars":7,"minecraft:arrow":5,"minecraft:beef":13,"biomesoplenty:flesh":1,"minecraft:stone_brick_stairs":15,"biomesoplenty:tall_lavender":2,"minecraft:netherrack":4,"slashblade:proudsoul_tiny":1,"darkestsouls:soul_fragment":17,"farmersdelight:tomato_seeds":1,"minecraft:crimson_planks":6,"minecraft:iron_ingot":1,"minecraft:bread":1,"arphex:burning_glands":4,"darkestsouls:rune_fragment":1,"minecraft:wheat_seeds":12,"minecraft:lilac":3,"biomesoplenty:lavender":6,"minecraft:iron_helmet":3,"minecraft:feather":2,"minecraft:cobblestone":8,"minecraft:book":27,"minecraft:spruce_stairs":1,"minecraft:coal":4,"minecraft:stick":2,"minecraft:oxeye_daisy":1,"biomesoplenty:brimstone":1,"minecraft:nether_wart_block":1,"minecraft:diamond_helmet":1,"minecraft:wither_rose":6,"minecraft:iron_shovel":1,"minecraft:string":1,"minecraft:dandelion":5,"minecraft:stone_brick_slab":1,"alexsmobs:maggot":2,"minecraft:warped_nylium":1,"minecraft:player_head":3,"minecraft:nether_wart":2,"minecraft:cobblestone_wall":16,"minecraft:raw_copper":39,"minecraft:bowl":1,"biomesoplenty:redwood_planks":6,"minecraft:stripped_acacia_wood":1,"minecraft:filled_map":1,"minecraft:diamond_sword":1,"minecraft:shield":3,"minecraft:flower_pot":4,"minecraft:spruce_trapdoor":4,"minecraft:spruce_planks":4,"minecraft:iron_chestplate":3,"slashblade:slashblade":4,"minecraft:oak_sapling":2,"minecraft:golden_sword":8,"minecraft:spider_eye":1,"minecraft:bamboo":2,"minecraft:birch_boat":1,"farmersdelight:tomato":1,"arphex:fly_appendage":2},"minecraft:picked_up":{"minecraft:iron_chestplate":3,"biomesoplenty:burning_blossom":1,"minecraft:flower_pot":7,"minecraft:anvil":1,"minecraft:lead":4,"minecraft:diamond_sword":1,"minecraft:wither_rose":15,"alexsmobs:bone_serpent_tooth":2,"minecraft:stone_brick_stairs":15,"minecraft:golden_sword":9,"darkestsouls:beast_blood_clump":6,"minecraft:string":5,"minecraft:raw_copper":39,"minecraft:beetroot_soup":1,"biomesoplenty:tall_lavender":2,"darkestsouls:rune_fragment":7,"minecraft:experience_bottle":1,"biomesoplenty:brimstone":1,"alexsmobs:dropbear_claw":1,"alexsmobs:blood_sac":3,"alexsmobs:emu_feather":1,"minecraft:gold_nugget":21,"minecraft:bucket":1,"minecraft:spruce_planks":19,"biomesoplenty:redwood_wood":1,"minecraft:golden_helmet":1,"minecraft:stick":4,"apotheosis:gem":19,"minecraft:acacia_fence":1,"minecraft:oak_fence":1,"minecraft:spruce_stairs":1,"minecraft:porkchop":14,"slashblade:proudsoul":1,"minecraft:rotten_flesh":50,"darkestsouls:titanite_fragment":9,"alexsmobs:emu_egg":3,"supplementaries:ash":2,"minecraft:obsidian":4,"minecraft:iron_bars":7,"minecraft:cobblestone":10,"biomesoplenty:lavender":6,"knighys_additions:lightning_ball":1,"minecraft:feather":4,"minecraft:lilac":3,"minecraft:mangrove_slab":1,"farmersdelight:tomato":1,"minecraft:dirt":177,"minecraft:lantern":1,"minecraft:bone":45,"minecraft:bow":1,"minecraft:wheat_seeds":31,"slashblade:slashblade":4,"minecraft:diamond_helmet":1,"minecraft:bamboo":2,"minecraft:cooked_porkchop":4,"minecraft:stripped_acacia_wood":1,"minecraft:sand":12,"sophisticatedbackpacks:iron_backpack":1,"minecraft:fermented_spider_eye":2,"minecraft:diamond":3,"minecraft:golden_apple":1,"minecraft:emerald":1,"alexsmobs:maggot":2,"minecraft:oak_sapling":2,"minecraft:netherrack":14,"sophisticatedbackpacks:gold_backpack":1,"minecraft:crafting_table":6,"minecraft:azure_bluet":1,"minecraft:chicken":2,"minecraft:nether_wart":5,"minecraft:turtle_helmet":1,"biomesoplenty:flesh":2,"minecraft:stone_brick_wall":5,"minecraft:gold_block":2,"biomesoplenty:jacaranda_sapling":1,"minecraft:shield":3,"minecraft:cornflower":2,"minecraft:flint_and_steel":1,"minecraft:item_frame":4,"minecraft:blackstone":1,"knighys_additions:wither_bone":9,"minecraft:beef":13,"minecraft:player_head":6,"minecraft:iron_nugget":5,"minecraft:poppy":8,"minecraft:spruce_slab":8,"minecraft:chest":2,"minecraft:spruce_trapdoor":4,"minecraft:egg":2,"minecraft:stripped_mangrove_wood":4,"darkestsouls:soul_fragment":24,"farmersdelight:tomato_seeds":1,"minecraft:stone_button":3,"minecraft:carrot":1,"minecraft:dark_oak_planks":1,"biomesoplenty:redwood_planks":5,"minecraft:arrow":11,"minecraft:hay_block":108,"minecraft:gold_ingot":1,"minecraft:bone_block":2,"minecraft:mutton":2,"minecraft:white_wool":1,"minecraft:oxeye_daisy":1,"minecraft:air":0,"minecraft:basalt":3,"minecraft:golden_carrot":11,"minecraft:crimson_stem":13,"minecraft:leather":8,"minecraft:nether_wart_block":1,"minecraft:gunpowder":2,"minecraft:golden_boots":1,"darkestsouls:firebomb":1,"minecraft:cobblestone_wall":24,"alexsmobs:mosquito_proboscis":1,"minecraft:stone_bricks":73,"minecraft:iron_ingot":9,"arphex:burning_glands":5,"darkestsouls:blood_stone_fragment":1,"minecraft:soul_sand":9,"minecraft:iron_sword":1,"biomesoplenty:umbran_log":4,"sophisticatedbackpacks:diamond_backpack":1,"minecraft:book":21,"slashblade:proudsoul_tiny":2,"minecraft:birch_boat":2,"minecraft:stone_brick_slab":1,"minecraft:dandelion":10,"minecraft:gravel":1,"minecraft:white_bed":1,"minecraft:spider_eye":1,"arphex:fly_appendage":2,"minecraft:firework_rocket":1,"minecraft:iron_helmet":3,"darkestsouls:small_soul_fragment":8,"minecraft:damaged_anvil":1,"minecraft:melon_seeds":1,"minecraft:warped_nylium":1,"minecraft:coal":8}},"DataVersion":3465}