{"stats":{"minecraft:killed_by":{"knighys_additions:pritour":2,"call_of_yucutan:undead_warrior":3,"minecraft:player":5,"call_of_yucutan:kukulkan":2,"darkestsouls:skeleton_curved_swords":1,"valarian_conquest:valarian_knight":1,"darkestsouls:cloaked_beast_patient":2,"knighys_additions:colostula":2,"darkestsouls:hollow_axe":1,"knighys_additions:spook":1,"darkestsouls:leech":13,"valarian_conquest:mercenary":1,"darkestsouls:hollow_assassin":2,"minecraft:zombie":1,"darkestsouls:church_doctor_scythe":1},"minecraft:broken":{"minecraft:wooden_shovel":1,"minecraft:leather_chestplate":1,"minecraft:stone_pickaxe":1,"minecraft:stone_axe":4,"minecraft:stone_shovel":1},"minecraft:used":{"minecraft:stone_sword":134,"minecraft:acacia_log":3,"minecraft:tropical_fish":1,"minecraft:stone_shovel":193,"knighys_additions:nerium":4,"minecraft:ladder":4,"minecraft:chest":2,"minecraft:shield":4,"call_of_yucutan:ancient_gold":7,"minecraft:cooked_salmon":9,"minecraft:wooden_shovel":65,"minecraft:torch":1,"minecraft:iron_chestplate":1,"minecraft:dirt":93,"minecraft:mutton":2,"minecraft:oak_wood":4,"minecraft:granite":3,"minecraft:wooden_axe":23,"call_of_yucutan:wooden_tecpatl":5,"call_of_yucutan:red_limestone_tiles":8,"minecraft:iron_axe":4,"minecraft:iron_helmet":1,"valarian_conquest:spikes":54,"minecraft:golden_sword":20,"world:oak":24,"minecraft:beef":13,"minecraft:furnace":1,"minecraft:egg":1,"minecraft:cooked_beef":2,"minecraft:acacia_planks":50,"sophisticatedbackpacks:gold_backpack":1,"minecraft:cooked_mutton":2,"minecraft:acacia_boat":8,"minecraft:oak_planks":7,"minecraft:stone_pickaxe":538,"minecraft:wooden_pickaxe":49,"minecraft:leather_chestplate":5,"minecraft:jungle_boat":1,"minecraft:salmon":4,"minecraft:crafting_table":17,"darkestsouls:broken_straightsword":10,"minecraft:white_bed":18,"minecraft:melon_slice":16,"minecraft:bread":2,"minecraft:iron_pickaxe":23,"minecraft:gravel":3,"minecraft:stone_axe":422,"minecraft:cobblestone":65,"minecraft:andesite":1,"minecraft:oak_boat":3},"minecraft:killed":{"darkestsouls:hollow_axe":5,"darkestsouls:gravetender_hollow_longsword":1,"darkestsouls:church_doctor":1,"darkestsouls:skeleton_curved_swords":1,"minecraft:spider":2,"darkestsouls:church_doctor_scythe":1,"valarian_conquest:valarian_knight":1,"darkestsouls:leech":3,"world:dryad":1,"minecraft:skeleton":6,"darkestsouls:hollow_broken_straightsword":1,"valarian_conquest:valarian_archer":1,"darkestsouls:beast_patient":5,"minecraft:drowned":1,"minecraft:turtle":4,"valarian_conquest:valarian_nobleman":1,"darkestsouls:hollow_assassin":1,"darkestsouls:hollow_longsword":1,"minecraft:tropical_fish":2,"world:goblin":2,"minecraft:parrot":1,"valarian_conquest:valarian_officer":1,"minecraft:salmon":25,"knighys_additions:cocoon":1,"darkestsouls:gravetender_hollow_broken_straightsword":2,"knighys_additions:raggy":1,"minecraft:sheep":5,"call_of_yucutan:undead_warrior":4,"minecraft:zombie":5,"darkestsouls:cloaked_beast_patient":1,"minecraft:cow":10},"minecraft:crafted":{"minecraft:oak_planks":156,"call_of_yucutan:wooden_tecpatl":1,"minecraft:stone_shovel":3,"minecraft:furnace":2,"minecraft:cooked_mutton":2,"minecraft:iron_axe":1,"minecraft:ladder":6,"minecraft:stone_pickaxe":10,"minecraft:chest":2,"sophisticatedbackpacks:iron_backpack":1,"minecraft:cooked_beef":1,"minecraft:wooden_shovel":2,"minecraft:crafting_table":10,"minecraft:jungle_boat":1,"minecraft:wooden_pickaxe":4,"minecraft:iron_helmet":1,"sophisticatedbackpacks:gold_backpack":1,"minecraft:bucket":1,"minecraft:stone_axe":8,"minecraft:bread":2,"minecraft:acacia_boat":3,"minecraft:jungle_planks":60,"minecraft:oak_boat":4,"minecraft:iron_chestplate":1,"knighys_additions:stick_grip":1,"minecraft:stick":108,"minecraft:iron_ingot":31,"minecraft:leather_chestplate":1,"minecraft:iron_pickaxe":1,"minecraft:wooden_axe":2,"minecraft:stone_sword":2,"minecraft:gold_ingot":1,"minecraft:white_bed":2,"minecraft:acacia_planks":100,"minecraft:torch":56},"minecraft:picked_up":{"minecraft:wooden_axe":2,"minecraft:seagrass":9,"sophisticatedbackpacks:gold_backpack":2,"minecraft:cocoa_beans":12,"minecraft:iron_chestplate":1,"minecraft:crafting_table":11,"minecraft:redstone_block":2,"minecraft:clay_ball":132,"minecraft:wooden_pickaxe":2,"minecraft:diamond_horse_armor":1,"call_of_yucutan:ancient_gold_pillar":2,"gravestone:obituary":13,"minecraft:shield":2,"minecraft:brick":3,"darkestsouls:beast_blood_clump":6,"minecraft:string":6,"minecraft:raw_copper":35,"minecraft:cooked_salmon":14,"darkestsouls:sorcerer_staff_a":2,"darkestsouls:rune_fragment":8,"minecraft:cobbled_deepslate":14,"minecraft:bucket":1,"minecraft:beef":25,"call_of_yucutan:red_limestone_tile_slab":1,"knighys_additions:odd_silk":6,"minecraft:oak_boat":2,"minecraft:iron_nugget":7,"minecraft:iron_pickaxe":1,"minecraft:light_gray_wool":22,"minecraft:melon_slice":155,"minecraft:chest":1,"minecraft:piston":1,"minecraft:iron_boots":1,"minecraft:egg":1,"minecraft:raw_iron":22,"minecraft:stick":22,"minecraft:sandstone":20,"darkestsouls:soul_fragment":12,"call_of_yucutan:mossy_limestone_tiles":2,"minecraft:copper_ingot":26,"minecraft:torch":62,"minecraft:acacia_log":35,"minecraft:spruce_fence":2,"call_of_yucutan:red_limestone":4,"sophisticatedbackpacks:backpack":1,"minecraft:diorite":60,"valarian_conquest:spikes":40,"minecraft:orange_bed":1,"valarian_conquest:mercenary_spawn_block":1,"minecraft:stone_sword":2,"minecraft:arrow":8,"minecraft:stone_shovel":1,"minecraft:rotten_flesh":11,"minecraft:tropical_fish":2,"darkestsouls:titanite_fragment":14,"minecraft:saddle":2,"minecraft:mutton":12,"minecraft:white_wool":7,"minecraft:cobblestone":436,"minecraft:leather_chestplate":5,"minecraft:feather":3,"minecraft:oxidized_copper":1,"minecraft:jungle_log":15,"minecraft:andesite":34,"knighys_additions:nerium":6,"minecraft:salmon":25,"call_of_yucutan:flint_spear":2,"minecraft:leather":28,"minecraft:flint":3,"call_of_yucutan:ritual_rocks":2,"minecraft:tuff":2,"minecraft:oak_log":15,"call_of_yucutan:mossy_ritual_rocks":1,"darkestsouls:firebomb":3,"minecraft:gunpowder":7,"minecraft:acacia_boat":6,"minecraft:dirt":298,"valarian_conquest:mercenary_shield":1,"minecraft:bone":6,"minecraft:acacia_planks":19,"minecraft:kelp":10,"minecraft:wheat_seeds":32,"call_of_yucutan:golden_torch":11,"minecraft:iron_ingot":3,"minecraft:stone_pickaxe":5,"minecraft:dark_oak_sign":1,"darkestsouls:blood_stone_fragment":1,"minecraft:bamboo":12,"minecraft:oak_planks":16,"minecraft:acacia_sapling":16,"darkestsouls:bone_fragment":3,"world:crystal_10":2,"minecraft:gravel":9,"call_of_yucutan:polished_red_limestone_stairs":1,"minecraft:sand":63,"valarian_conquest:mercenary_sword":4,"minecraft:white_bed":19,"call_of_yucutan:red_limestone_tiles":14,"call_of_yucutan:red_limestone_pressure_plate":1,"minecraft:spider_eye":5,"darkestsouls:broken_straightsword":1,"minecraft:orange_wool":14,"world:oak":41,"call_of_yucutan:elder_bone":6,"minecraft:oak_wood":29,"call_of_yucutan:ancient_gold":11,"call_of_yucutan:red_limestone_slab":1,"minecraft:stone_axe":7,"minecraft:granite":14,"minecraft:bone_meal":1,"darkestsouls:small_soul_fragment":7,"minecraft:oak_sapling":1,"minecraft:coal":51,"call_of_yucutan:wooden_tecpatl":2},"minecraft:mined":{"minecraft:white_bed":15,"sophisticatedbackpacks:gold_backpack":1,"minecraft:jungle_leaves":3,"minecraft:orange_wool":8,"minecraft:granite":11,"gravestone:gravestone":35,"call_of_yucutan:overgrown_chest":11,"minecraft:decorated_pot":1,"minecraft:acacia_log":28,"minecraft:spruce_fence":1,"minecraft:grass_block":86,"call_of_yucutan:golden_torch_wall":6,"minecraft:jungle_log":15,"valarian_conquest:spikes":45,"world:oak":44,"minecraft:acacia_slab":2,"minecraft:kelp":1,"minecraft:sandstone":23,"call_of_yucutan:kukulkan_idol":1,"call_of_yucutan:red_limestone_slab":1,"minecraft:iron_ore":21,"minecraft:andesite":37,"call_of_yucutan:ancient_gold_pillar":2,"minecraft:vine":4,"minecraft:deepslate_iron_ore":4,"call_of_yucutan:mossy_limestone_tiles":2,"minecraft:bamboo":2,"minecraft:stone":310,"sophisticatedbackpacks:backpack":1,"call_of_yucutan:golden_torch_ground":6,"minecraft:podzol":1,"call_of_yucutan:ancient_gold":11,"minecraft:acacia_leaves":3,"minecraft:redstone_block":2,"world:plantforestbig_1":3,"minecraft:kelp_plant":2,"call_of_yucutan:red_limestone_tiles":23,"minecraft:clay":35,"minecraft:crafting_table":8,"minecraft:oak_wood":30,"minecraft:oxidized_copper":1,"minecraft:melon":24,"minecraft:copper_ore":7,"minecraft:tall_grass":18,"minecraft:cobblestone":8,"minecraft:oak_planks":5,"minecraft:diorite":62,"call_of_yucutan:mystic_vine_block":4,"minecraft:seagrass":3,"call_of_yucutan:red_limestone_tile_slab":1,"call_of_yucutan:red_limestone_pressure_plate":1,"call_of_yucutan:polished_red_limestone_stairs":1,"call_of_yucutan:red_limestone":4,"valarian_conquest:mercenary_spawn_block":1,"minecraft:light_gray_wool":10,"minecraft:grass":86,"minecraft:coal_ore":23,"minecraft:oak_log":13,"minecraft:cocoa":1,"minecraft:gravel":4,"minecraft:sand":33,"minecraft:dirt":206,"minecraft:acacia_planks":9,"minecraft:piston":1,"minecraft:oak_leaves":24,"minecraft:deepslate":14,"minecraft:fern":10,"knighys_additions:nerium":5},"minecraft:dropped":{"minecraft:wheat_seeds":7,"call_of_yucutan:mossy_ritual_rocks":1,"minecraft:cobblestone":3,"minecraft:copper_ingot":26,"call_of_yucutan:polished_red_limestone_stairs":1,"call_of_yucutan:red_limestone_tile_slab":1,"sophisticatedbackpacks:gold_backpack":1,"call_of_yucutan:red_limestone_slab":1,"world:oak":17,"minecraft:melon_slice":4,"minecraft:seagrass":9,"gravestone:obituary":49,"call_of_yucutan:red_limestone":4,"minecraft:string":1,"call_of_yucutan:red_limestone_pressure_plate":1,"minecraft:stone_axe":3,"call_of_yucutan:red_limestone_tiles":6,"minecraft:stone_sword":1,"call_of_yucutan:ancient_gold":4,"minecraft:wheat":1,"valarian_conquest:valarian_spear":1,"minecraft:rotten_flesh":6,"knighys_additions:nerium":1,"darkestsouls:beast_blood_clump":1,"call_of_yucutan:mossy_limestone_tiles":2,"call_of_yucutan:flint_spear":2,"minecraft:bamboo":5,"call_of_yucutan:ancient_gold_pillar":2,"minecraft:arrow":5,"minecraft:stone_pickaxe":4,"minecraft:brick":3},"minecraft:custom":{"minecraft:mob_kills":99,"minecraft:interact_with_crafting_table":87,"minecraft:interact_with_campfire":7,"minecraft:leave_game":11,"minecraft:time_since_death":0,"minecraft:climb_one_cm":12230,"minecraft:sprint_one_cm":559246,"minecraft:walk_one_cm":1026150,"minecraft:damage_blocked_by_shield":140,"minecraft:drop":94,"minecraft:damage_dealt_absorbed":460,"minecraft:play_time":321994,"minecraft:sneak_time":10939,"minecraft:deaths":46,"minecraft:walk_under_water_one_cm":42153,"minecraft:boat_one_cm":587849,"minecraft:jump":2806,"minecraft:walk_on_water_one_cm":61191,"minecraft:total_world_time":321994,"minecraft:interact_with_furnace":24,"minecraft:sleep_in_bed":15,"minecraft:time_since_rest":14,"minecraft:damage_taken":13674,"minecraft:damage_dealt":18576,"minecraft:player_kills":2,"minecraft:swim_one_cm":78391,"minecraft:open_chest":49,"minecraft:fly_one_cm":234277,"minecraft:crouch_one_cm":32038,"minecraft:inspect_dispenser":1,"minecraft:fall_one_cm":47317,"minecraft:horse_one_cm":1079274}},"DataVersion":3465}