{"stats":{"minecraft:used":{"minecraft:ladder":4,"knighys_additions:nerium":4,"minecraft:chest":2,"minecraft:shield":7,"minecraft:iron_sword":48,"minecraft:iron_chestplate":2,"minecraft:mutton":2,"call_of_yucutan:wooden_tecpatl":5,"minecraft:iron_helmet":1,"valarian_conquest:spikes":54,"minecraft:golden_sword":20,"minecraft:bow":13,"minecraft:furnace":3,"minecraft:cooked_cod":6,"minecraft:egg":1,"minecraft:spruce_door":1,"minecraft:stone_pickaxe":806,"minecraft:oak_planks":7,"minecraft:wooden_pickaxe":49,"minecraft:leather_chestplate":5,"minecraft:sandstone":21,"minecraft:jungle_boat":1,"the_pillager_legion_:legion_axe_tpl":11,"minecraft:sand":1,"darkestsouls:broken_straightsword":10,"minecraft:melon_slice":70,"minecraft:bread":2,"minecraft:gravel":3,"minecraft:andesite":1,"minecraft:oak_boat":10,"minecraft:oak_trapdoor":12,"minecraft:acacia_log":3,"minecraft:stone_sword":134,"minecraft:tropical_fish":1,"minecraft:stone_shovel":217,"call_of_yucutan:ancient_gold":7,"minecraft:wooden_shovel":65,"minecraft:cooked_salmon":9,"minecraft:orange_bed":4,"minecraft:torch":18,"minecraft:dirt":126,"minecraft:oak_wood":4,"minecraft:granite":3,"minecraft:wooden_axe":23,"call_of_yucutan:red_limestone_tiles":8,"minecraft:chipped_anvil":3,"minecraft:iron_axe":4,"minecraft:iron_boots":1,"world:oak":24,"minecraft:beef":13,"minecraft:cooked_beef":2,"minecraft:acacia_planks":50,"sophisticatedbackpacks:gold_backpack":1,"minecraft:cooked_mutton":2,"minecraft:acacia_boat":9,"minecraft:water_bucket":4,"minecraft:cobblestone_slab":10,"minecraft:salmon":4,"minecraft:crafting_table":20,"the_pillager_legion_:legion_slab_deep":21,"minecraft:white_bed":18,"minecraft:iron_pickaxe":254,"minecraft:stone_axe":439,"minecraft:fishing_rod":5,"minecraft:cobblestone":130,"minecraft:bucket":5,"alexsmobs:animal_dictionary":13},"minecraft:mined":{"minecraft:spruce_planks":1,"minecraft:white_bed":16,"sophisticatedbackpacks:gold_backpack":1,"minecraft:jungle_leaves":3,"minecraft:orange_wool":8,"minecraft:granite":11,"minecraft:acacia_log":28,"minecraft:grass_block":86,"call_of_yucutan:golden_torch_wall":6,"minecraft:jungle_log":15,"minecraft:light_gray_bed":1,"minecraft:deepslate_bricks":18,"world:oak":44,"minecraft:blue_wool":1,"minecraft:spawner":1,"minecraft:tall_seagrass":1,"call_of_yucutan:red_limestone_slab":1,"minecraft:iron_ore":51,"minecraft:orange_bed":5,"call_of_yucutan:golden_torch_ground":6,"minecraft:kelp_plant":2,"minecraft:clay":35,"the_pillager_legion_:legion_deep":4,"minecraft:oxidized_copper":1,"minecraft:melon":24,"minecraft:cobblestone":30,"minecraft:oak_planks":6,"call_of_yucutan:mystic_vine_block":4,"minecraft:seagrass":3,"call_of_yucutan:red_limestone_tile_slab":1,"the_pillager_legion_:legion_slab_deep":2,"call_of_yucutan:polished_red_limestone_stairs":1,"call_of_yucutan:red_limestone":4,"minecraft:light_gray_wool":10,"minecraft:grass":86,"minecraft:oak_log":19,"minecraft:sand":65,"minecraft:dirt":212,"minecraft:piston":1,"minecraft:oak_leaves":24,"minecraft:deepslate":71,"knighys_additions:nerium":5,"gravestone:gravestone":51,"call_of_yucutan:overgrown_chest":11,"minecraft:spruce_fence":1,"minecraft:decorated_pot":1,"the_pillager_legion_:legion_cut_deep_3":8,"valarian_conquest:spikes":45,"minecraft:acacia_slab":2,"minecraft:kelp":1,"minecraft:sandstone":24,"call_of_yucutan:kukulkan_idol":1,"minecraft:oak_trapdoor":4,"minecraft:andesite":37,"minecraft:stripped_spruce_log":4,"call_of_yucutan:ancient_gold_pillar":2,"minecraft:cobblestone_slab":1,"minecraft:deepslate_iron_ore":16,"minecraft:vine":4,"minecraft:rail":4,"call_of_yucutan:mossy_limestone_tiles":2,"minecraft:bamboo":2,"minecraft:stone":579,"sophisticatedbackpacks:backpack":1,"minecraft:podzol":1,"call_of_yucutan:ancient_gold":11,"minecraft:acacia_leaves":3,"minecraft:redstone_block":2,"world:plantforestbig_1":3,"the_pillager_legion_:legion_stone":3,"call_of_yucutan:red_limestone_tiles":23,"minecraft:spruce_door":1,"minecraft:oak_fence":2,"minecraft:crafting_table":8,"minecraft:oak_wood":30,"minecraft:tall_grass":18,"minecraft:copper_ore":8,"minecraft:lapis_ore":15,"minecraft:diorite":82,"call_of_yucutan:red_limestone_pressure_plate":1,"valarian_conquest:mercenary_spawn_block":1,"minecraft:coal_ore":49,"minecraft:cocoa":1,"minecraft:gravel":4,"minecraft:cobweb":46,"minecraft:acacia_planks":9,"minecraft:fern":10},"minecraft:killed_by":{"valarian_conquest:valarian_knight":1,"darkestsouls:cloaked_beast_patient":3,"knighys_additions:colostula":2,"knighys_additions:spook":1,"darkestsouls:leech":15,"valarian_conquest:mercenary":1,"the_pillager_legion_:veteran_infantryman_tpl":2,"minecraft:zombie":1,"darkestsouls:church_doctor_scythe":1,"knighys_additions:pritour":2,"call_of_yucutan:undead_warrior":3,"minecraft:player":9,"call_of_yucutan:kukulkan":2,"darkestsouls:skeleton_curved_swords":1,"darkestsouls:ashen_blood_beast_patient":1,"darkestsouls:hollow_axe":1,"apollyon:the_damned":2,"darkestsouls:hollow_assassin":2},"minecraft:killed":{"darkestsouls:gravetender_hollow_longsword":1,"minecraft:cave_spider":5,"darkestsouls:bonewheel":1,"darkestsouls:skeleton_curved_swords":1,"minecraft:spider":2,"darkestsouls:church_doctor_scythe":1,"darkestsouls:leech":3,"world:dryad":1,"minecraft:skeleton":9,"valarian_conquest:valarian_archer":1,"darkestsouls:church_doctor_pistol":1,"darkestsouls:beast_patient":7,"minecraft:turtle":4,"valarian_conquest:valarian_nobleman":1,"darkestsouls:hollow_longsword":1,"darkestsouls:hollow_assassin":1,"minecraft:tropical_fish":2,"minecraft:parrot":1,"minecraft:salmon":25,"knighys_additions:cocoon":1,"darkestsouls:gravetender_hollow_broken_straightsword":2,"minecraft:sheep":5,"gravestone:player_ghost":7,"call_of_yucutan:undead_warrior":4,"darkestsouls:skeleton_spear":1,"minecraft:zombie":8,"minecraft:cow":10,"darkestsouls:hollow_axe":5,"darkestsouls:church_doctor":1,"valarian_conquest:valarian_knight":1,"darkestsouls:hollow_broken_straightsword":1,"alexsmobs:underminer":2,"minecraft:drowned":2,"world:goblin":2,"valarian_conquest:valarian_officer":1,"knighys_additions:raggy":1,"the_pillager_legion_:veteran_infantryman_tpl":47,"darkestsouls:cloaked_beast_patient":2,"the_pillager_legion_:infantryman_tpl":42,"darkestsouls:skeleton_swordsman_twin_shotels":1},"minecraft:picked_up":{"minecraft:wooden_axe":2,"call_of_yucutan:wooden_tecpatl":2,"minecraft:seagrass":9,"minecraft:iron_chestplate":2,"minecraft:wheat":7,"minecraft:redstone_block":2,"minecraft:potion":2,"darkestsouls:beast_blood_clump":9,"minecraft:string":55,"minecraft:raw_copper":41,"minecraft:cooked_salmon":15,"darkestsouls:rune_fragment":34,"minecraft:cobbled_deepslate":75,"minecraft:bucket":1,"minecraft:spruce_planks":1,"call_of_yucutan:red_limestone_tile_slab":1,"knighys_additions:odd_silk":6,"minecraft:cobblestone_slab":65,"minecraft:iron_pickaxe":1,"minecraft:melon_slice":155,"the_pillager_legion_:legion_armor_helmet":11,"minecraft:iron_boots":1,"minecraft:blue_wool":3,"minecraft:stick":22,"call_of_yucutan:mossy_limestone_tiles":2,"minecraft:oak_fence":2,"minecraft:torch":82,"minecraft:acacia_log":35,"call_of_yucutan:red_limestone":4,"minecraft:diorite":81,"knighys_additions:stick_grip":1,"darkestsouls:beast_eye":1,"darkestsouls:quicksilver_bullet":2,"minecraft:orange_bed":6,"minecraft:stone_sword":2,"valarian_conquest:mercenary_spawn_block":2,"minecraft:light_gray_bed":1,"minecraft:rotten_flesh":25,"minecraft:tropical_fish":2,"the_pillager_legion_:legion_stone":3,"darkestsouls:titanite_fragment":25,"minecraft:cod":1,"minecraft:cobblestone":726,"minecraft:leather_chestplate":5,"minecraft:feather":8,"minecraft:oxidized_copper":1,"the_pillager_legion_:legion_sword_tpl":1,"knighys_additions:nerium":6,"minecraft:andesite":34,"minecraft:jungle_log":15,"minecraft:flint":3,"minecraft:tuff":2,"call_of_yucutan:mossy_ritual_rocks":1,"minecraft:acacia_boat":7,"minecraft:lapis_lazuli":86,"minecraft:dirt":305,"minecraft:name_tag":1,"minecraft:leather_boots":1,"minecraft:bone":12,"minecraft:chipped_anvil":3,"minecraft:acacia_planks":19,"minecraft:bow":1,"minecraft:wheat_seeds":32,"call_of_yucutan:golden_torch":17,"minecraft:dark_oak_sign":1,"minecraft:bamboo":12,"minecraft:oak_planks":17,"darkestsouls:bone_fragment":4,"call_of_yucutan:polished_red_limestone_stairs":1,"minecraft:sand":102,"minecraft:stripped_spruce_log":5,"valarian_conquest:mercenary_sword":9,"call_of_yucutan:red_limestone_pressure_plate":1,"minecraft:orange_wool":14,"world:oak":41,"call_of_yucutan:elder_bone":39,"call_of_yucutan:ancient_gold":20,"valarian_conquest:command_wand":1,"call_of_yucutan:red_limestone_slab":1,"minecraft:diamond":2,"minecraft:granite":14,"minecraft:bone_meal":1,"minecraft:bread":17,"minecraft:emerald":14,"minecraft:oak_sapling":1,"sophisticatedbackpacks:gold_backpack":3,"minecraft:cocoa_beans":12,"minecraft:crafting_table":12,"minecraft:clay_ball":132,"minecraft:wooden_pickaxe":2,"minecraft:diamond_horse_armor":1,"call_of_yucutan:ancient_gold_pillar":7,"gravestone:obituary":20,"minecraft:brick":20,"minecraft:shield":5,"minecraft:oak_trapdoor":4,"darkestsouls:sorcerer_staff_a":2,"minecraft:beef":48,"minecraft:oak_boat":6,"minecraft:iron_nugget":10,"minecraft:light_gray_wool":22,"minecraft:chest":1,"minecraft:piston":1,"minecraft:egg":1,"minecraft:sandstone":21,"minecraft:raw_iron":71,"darkestsouls:soul_fragment":25,"minecraft:copper_ingot":26,"minecraft:bowl":1,"minecraft:spruce_fence":2,"sophisticatedbackpacks:backpack":1,"valarian_conquest:spikes":40,"minecraft:prismarine_crystals":3,"minecraft:cooked_cod":9,"minecraft:stone_shovel":1,"minecraft:arrow":17,"minecraft:deepslate_bricks":17,"the_pillager_legion_:legion_armor_boots":9,"chiselsandbits:chisel_stone":2,"minecraft:saddle":2,"minecraft:gold_ingot":5,"alexsmobs:ghostly_pickaxe":1,"minecraft:mutton":17,"minecraft:rail":15,"minecraft:white_wool":10,"minecraft:salmon":25,"call_of_yucutan:flint_spear":2,"minecraft:leather":28,"minecraft:filled_map":1,"call_of_yucutan:ritual_rocks":2,"minecraft:oak_log":21,"darkestsouls:firebomb":3,"minecraft:gunpowder":18,"minecraft:paper":24,"valarian_conquest:mercenary_shield":1,"minecraft:coast_armor_trim_smithing_template":2,"minecraft:kelp":10,"minecraft:heart_of_the_sea":1,"minecraft:iron_ingot":4,"minecraft:stone_pickaxe":5,"minecraft:cooked_chicken":1,"the_pillager_legion_:legion_cut_deep_3":8,"the_pillager_legion_:legion_deep":3,"darkestsouls:blood_stone_fragment":8,"minecraft:acacia_sapling":16,"minecraft:book":9,"world:crystal_10":6,"minecraft:gravel":9,"minecraft:white_bed":20,"call_of_yucutan:red_limestone_tiles":14,"the_pillager_legion_:legion_axe_tpl":4,"darkestsouls:broken_straightsword":1,"minecraft:spruce_door":2,"minecraft:spider_eye":6,"minecraft:oak_wood":29,"the_pillager_legion_:legion_slab_deep":2,"minecraft:stone_axe":7,"darkestsouls:small_soul_fragment":7,"minecraft:coal":148,"darkestsouls:throwing_knife":2},"minecraft:broken":{"minecraft:wooden_shovel":1,"minecraft:stone_pickaxe":3,"minecraft:stone_axe":4,"minecraft:stone_shovel":1,"minecraft:leather_chestplate":1},"minecraft:custom":{"minecraft:interact_with_crafting_table":117,"minecraft:leave_game":18,"minecraft:time_since_death":17380,"minecraft:sprint_one_cm":651994,"minecraft:damage_blocked_by_shield":280,"minecraft:drop":175,"minecraft:play_time":506189,"minecraft:deaths":60,"minecraft:jump":3404,"minecraft:walk_on_water_one_cm":128341,"minecraft:interact_with_furnace":50,"minecraft:sleep_in_bed":19,"minecraft:damage_dealt":40271,"minecraft:player_kills":4,"minecraft:crouch_one_cm":39894,"minecraft:inspect_dispenser":1,"minecraft:horse_one_cm":1079274,"minecraft:interact_with_anvil":3,"minecraft:mob_kills":222,"minecraft:interact_with_campfire":7,"minecraft:damage_dealt_resisted":14,"minecraft:climb_one_cm":12230,"minecraft:walk_one_cm":1419103,"minecraft:damage_dealt_absorbed":460,"minecraft:sneak_time":18011,"minecraft:walk_under_water_one_cm":118097,"minecraft:boat_one_cm":1100007,"minecraft:total_world_time":506189,"minecraft:time_since_rest":17415,"minecraft:damage_taken":18620,"minecraft:swim_one_cm":197345,"minecraft:fly_one_cm":253223,"minecraft:open_chest":107,"minecraft:fish_caught":1,"minecraft:fall_one_cm":52584},"minecraft:dropped":{"minecraft:moss_block":2,"call_of_yucutan:elder_bone":6,"minecraft:lapis_lazuli":25,"minecraft:leather":3,"minecraft:saddle":2,"minecraft:rail":13,"call_of_yucutan:red_limestone_tile_slab":1,"sophisticatedbackpacks:gold_backpack":2,"minecraft:dirt":1,"minecraft:coast_armor_trim_smithing_template":2,"world:oak":17,"minecraft:seagrass":9,"gravestone:obituary":66,"minecraft:sand":101,"call_of_yucutan:red_limestone":4,"minecraft:gold_ingot":11,"minecraft:bone":4,"minecraft:stone_axe":3,"darkestsouls:titanite_fragment":1,"minecraft:wheat":1,"minecraft:rotten_flesh":12,"knighys_additions:nerium":1,"darkestsouls:beast_blood_clump":4,"minecraft:carrot":7,"call_of_yucutan:mossy_limestone_tiles":2,"minecraft:leather_boots":1,"call_of_yucutan:ancient_gold_pillar":2,"minecraft:arrow":5,"darkestsouls:sorcerer_staff_a":1,"the_pillager_legion_:legion_armor_helmet":2,"darkestsouls:rune_fragment":7,"minecraft:wheat_seeds":14,"call_of_yucutan:mossy_ritual_rocks":1,"darkestsouls:small_soul_fragment":5,"minecraft:poisonous_potato":4,"minecraft:feather":8,"minecraft:cobblestone":3,"minecraft:granite":4,"valarian_conquest:mercenary_sword":1,"minecraft:copper_ingot":26,"call_of_yucutan:polished_red_limestone_stairs":1,"the_pillager_legion_:legion_stairs_deep":17,"call_of_yucutan:red_limestone_slab":1,"minecraft:diamond_horse_armor":1,"minecraft:melon_slice":4,"minecraft:potion":3,"minecraft:heart_of_the_sea":3,"minecraft:paper":7,"minecraft:string":1,"call_of_yucutan:red_limestone_pressure_plate":1,"minecraft:bucket":1,"minecraft:acacia_planks":5,"call_of_yucutan:red_limestone_tiles":6,"minecraft:stone_sword":1,"minecraft:raw_copper":4,"minecraft:dark_oak_sign":1,"call_of_yucutan:ancient_gold":4,"valarian_conquest:valarian_spear":1,"minecraft:iron_boots":1,"minecraft:suspicious_stew":1,"minecraft:filled_map":3,"call_of_yucutan:flint_spear":2,"minecraft:potato":6,"minecraft:shield":1,"minecraft:spruce_planks":1,"minecraft:iron_chestplate":2,"the_pillager_legion_:legion_axe_tpl":1,"minecraft:spider_eye":2,"minecraft:bamboo":10,"knighys_additions:stick_grip":1,"minecraft:stone_pickaxe":5,"minecraft:wooden_pickaxe":1,"minecraft:brick":3},"minecraft:crafted":{"minecraft:oak_planks":188,"minecraft:cooked_mutton":2,"minecraft:iron_boots":2,"minecraft:chest":2,"minecraft:wooden_shovel":2,"minecraft:crafting_table":13,"minecraft:spruce_planks":20,"minecraft:jungle_boat":1,"minecraft:wooden_pickaxe":5,"minecraft:iron_helmet":1,"minecraft:iron_chestplate":3,"minecraft:shield":2,"minecraft:stick":132,"minecraft:leather_chestplate":1,"minecraft:iron_ingot":49,"minecraft:iron_pickaxe":2,"minecraft:stone_sword":2,"minecraft:gold_ingot":1,"call_of_yucutan:wooden_tecpatl":1,"minecraft:stone_shovel":3,"minecraft:fishing_rod":1,"minecraft:furnace":4,"minecraft:oak_trapdoor":8,"minecraft:iron_axe":1,"minecraft:ladder":6,"minecraft:stone_pickaxe":13,"minecraft:dark_oak_planks":4,"sophisticatedbackpacks:iron_backpack":1,"minecraft:cooked_beef":1,"sophisticatedbackpacks:gold_backpack":1,"minecraft:bucket":3,"minecraft:stone_axe":8,"minecraft:acacia_boat":3,"minecraft:bread":2,"minecraft:jungle_planks":60,"minecraft:oak_boat":9,"knighys_additions:stick_grip":1,"minecraft:wooden_axe":2,"minecraft:white_bed":2,"minecraft:acacia_planks":100,"minecraft:torch":56}},"DataVersion":3465}