{"stats":{"minecraft:broken":{"minecraft:stone_axe":1,"minecraft:wooden_axe":1},"minecraft:mined":{"minecraft:podzol":1,"minecraft:kelp_plant":1,"farmersdelight:wild_carrots":17,"minecraft:crafting_table":4,"gravestone:gravestone":6,"minecraft:oak_wood":3,"minecraft:grass_block":19,"minecraft:spruce_fence":1,"world:pf_2":1,"minecraft:blue_wool":6,"minecraft:blue_bed":2,"minecraft:wall_torch":1,"minecraft:large_fern":2,"minecraft:pink_petals":1,"minecraft:furnace":2,"minecraft:iron_ore":10,"minecraft:spruce_log":9,"minecraft:grass":5,"minecraft:coal_ore":11,"minecraft:sand":1,"minecraft:dirt":23,"minecraft:stone":19,"minecraft:oak_leaves":1},"minecraft:crafted":{"minecraft:cooked_cod":6,"minecraft:oak_planks":12,"minecraft:cooked_porkchop":6,"minecraft:crafting_table":2,"minecraft:spruce_planks":36,"minecraft:furnace":2,"minecraft:blue_bed":2,"minecraft:cooked_salmon":5,"minecraft:bucket":1,"minecraft:air":0,"minecraft:oak_boat":2,"minecraft:shield":2,"minecraft:iron_axe":2,"minecraft:stick":12,"minecraft:iron_ingot":10,"minecraft:iron_pickaxe":2,"minecraft:wooden_axe":1,"minecraft:spruce_boat":1},"minecraft:custom":{"minecraft:interact_with_furnace":21,"minecraft:mob_kills":38,"minecraft:interact_with_crafting_table":15,"minecraft:time_since_death":5811,"minecraft:sleep_in_bed":3,"minecraft:time_since_rest":5832,"minecraft:sprint_one_cm":129925,"minecraft:damage_taken":10002336,"minecraft:walk_one_cm":187147,"minecraft:drop":42,"minecraft:damage_dealt":8155,"minecraft:swim_one_cm":94569,"minecraft:fly_one_cm":48422,"minecraft:open_chest":4,"minecraft:crouch_one_cm":3986,"minecraft:play_time":80159,"minecraft:deaths":6,"minecraft:sneak_time":3390,"minecraft:walk_under_water_one_cm":35088,"minecraft:boat_one_cm":307967,"minecraft:jump":844,"minecraft:walk_on_water_one_cm":28658,"minecraft:total_world_time":80159,"minecraft:fall_one_cm":11399,"minecraft:horse_one_cm":21576},"minecraft:killed_by":{"darkestsouls:cloaked_beast_patient":3,"darkestsouls:beast_patient":1,"bwrtherain:vapor":1},"minecraft:dropped":{"minecraft:wheat_seeds":2,"minecraft:cooked_porkchop":1,"minecraft:prismarine_crystals":2,"minecraft:oak_planks":3,"darkestsouls:beast_blood_clump":4,"minecraft:spruce_fence":3,"chiselsandbits:chisel_stone":1,"minecraft:red_mushroom":1,"minecraft:shield":1,"alexsmobs:lobster_tail":1,"minecraft:cooked_salmon":3,"minecraft:iron_axe":1,"minecraft:wither_rose":2,"gravestone:obituary":8,"minecraft:iron_pickaxe":1,"minecraft:fermented_spider_eye":1,"minecraft:pink_petals":4,"chiselsandbits:block_bit":804,"arphex:fly_appendage":1},"minecraft:picked_up":{"minecraft:pink_petals":4,"minecraft:crafting_table":4,"minecraft:salmon":5,"minecraft:leather":2,"minecraft:red_mushroom":1,"minecraft:wither_rose":2,"gravestone:obituary":2,"darkestsouls:beast_blood_clump":4,"minecraft:blue_bed":2,"minecraft:dirt":41,"chiselsandbits:chiseled_block":1,"minecraft:wheat_seeds":2,"minecraft:iron_ingot":4,"minecraft:stone_pickaxe":1,"arphex:burning_glands":5,"minecraft:oak_boat":6,"minecraft:iron_nugget":2,"minecraft:oak_planks":32,"minecraft:furnace":3,"minecraft:blue_wool":6,"minecraft:stick":2,"minecraft:raw_iron":10,"minecraft:torch":23,"minecraft:spruce_fence":3,"minecraft:sand":1,"minecraft:porkchop":6,"minecraft:spruce_log":9,"minecraft:carrot":17,"minecraft:fermented_spider_eye":1,"minecraft:orange_bed":1,"darkestsouls:titanite_fragment":1,"minecraft:oak_wood":3,"arphex:fly_appendage":1,"minecraft:rotten_flesh":5,"minecraft:stone_shovel":1,"minecraft:diamond":1,"minecraft:spruce_boat":3,"minecraft:stone_axe":1,"chiselsandbits:chisel_stone":1,"minecraft:emerald":6,"minecraft:saddle":2,"minecraft:gold_ingot":2,"minecraft:oak_sapling":1,"minecraft:cod":6,"minecraft:coal":15,"alexsmobs:lobster_tail":1,"minecraft:cobblestone":19},"minecraft:used":{"chiselsandbits:chiseled_block":1,"minecraft:stone_pickaxe":38,"minecraft:stone_shovel":51,"minecraft:blue_bed":3,"minecraft:torch":3,"minecraft:dirt":40,"minecraft:sand":1,"minecraft:crafting_table":6,"minecraft:carrot":17,"minecraft:spruce_boat":2,"minecraft:wooden_axe":32,"minecraft:iron_axe":62,"minecraft:iron_pickaxe":11,"minecraft:bucket":1,"minecraft:stone_axe":84,"minecraft:cobblestone":2,"minecraft:cooked_cod":1,"minecraft:oak_sapling":1,"minecraft:furnace":3,"minecraft:cooked_porkchop":5,"alexsmobs:animal_dictionary":6,"minecraft:oak_boat":7},"minecraft:killed":{"alexsmobs:hummingbird":2,"alexsmobs:lobster":3,"minecraft:pig":2,"world:dragonfly_2":1,"valarian_conquest:valarian_officer":1,"minecraft:salmon":6,"valarian_conquest:valarian_knight":2,"minecraft:cod":6,"minecraft:horse":2,"minecraft:zombie":1,"darkestsouls:cloaked_beast_patient":4,"darkestsouls:beast_patient":2,"minecraft:drowned":3,"valarian_conquest:valarian_nobleman":1,"darkestsouls:hollow_assassin":1,"apollyon:the_damned":1}},"DataVersion":3465}