{"stats":{"minecraft:broken":{"slashblade:slashblade":1},"minecraft:crafted":{"minecraft:crimson_planks":24,"minecraft:crafting_table":2,"minecraft:bread":32,"minecraft:wheat":99},"minecraft:mined":{"minecraft:soul_fire":1,"minecraft:crafting_table":2,"biomesoplenty:burning_blossom":1,"biomesoplenty:bush":1,"minecraft:tall_grass":3,"biomesoplenty:sprout":3,"biomesoplenty:huge_clover_petal":3,"biomesoplenty:dead_grass":1,"minecraft:crimson_stem":13,"minecraft:hay_block":31,"minecraft:lilac":3,"minecraft:azure_bluet":1,"minecraft:grass":15,"biomesoplenty:clover":24,"minecraft:oak_log":1,"minecraft:vine":2},"minecraft:dropped":{"sophisticatedbackpacks:iron_backpack":1,"minecraft:porkchop":1,"minecraft:wheat_seeds":1,"minecraft:nether_wart":2,"minecraft:lilac":3,"minecraft:cobblestone_wall":7,"minecraft:crafting_table":1,"minecraft:iron_helmet":1,"minecraft:rotten_flesh":1,"minecraft:azure_bluet":1,"minecraft:diamond_sword":1,"minecraft:shield":2,"minecraft:spruce_trapdoor":3,"minecraft:stone_button":2,"minecraft:iron_chestplate":2,"slashblade:slashblade":2,"minecraft:oak_sapling":2,"apotheosis:gem":2,"minecraft:diamond_helmet":1,"minecraft:spruce_slab":2,"minecraft:iron_bars":4,"minecraft:arrow":3,"minecraft:fermented_spider_eye":1,"minecraft:stone_brick_stairs":9,"slashblade:proudsoul_tiny":1},"minecraft:picked_up":{"sophisticatedbackpacks:gold_backpack":1,"minecraft:iron_chestplate":2,"minecraft:crafting_table":3,"biomesoplenty:burning_blossom":1,"minecraft:azure_bluet":1,"minecraft:feather":1,"minecraft:lilac":3,"minecraft:chicken":1,"minecraft:nether_wart":2,"minecraft:crimson_stem":13,"minecraft:diamond_sword":1,"minecraft:wither_rose":6,"minecraft:stone_brick_stairs":9,"minecraft:golden_boots":1,"minecraft:cobblestone_wall":7,"minecraft:shield":2,"minecraft:gunpowder":2,"darkestsouls:beast_blood_clump":2,"minecraft:string":4,"minecraft:flint_and_steel":1,"minecraft:item_frame":1,"minecraft:bone":1,"darkestsouls:rune_fragment":4,"knighys_additions:wither_bone":1,"minecraft:stone_bricks":30,"alexsmobs:dropbear_claw":1,"minecraft:wheat_seeds":1,"minecraft:bucket":1,"minecraft:spruce_planks":3,"minecraft:iron_ingot":2,"minecraft:iron_nugget":5,"minecraft:spruce_slab":2,"minecraft:diamond_helmet":1,"slashblade:slashblade":2,"minecraft:spruce_trapdoor":3,"minecraft:iron_sword":1,"minecraft:soul_sand":9,"minecraft:book":6,"minecraft:golden_helmet":1,"slashblade:proudsoul_tiny":1,"apotheosis:gem":8,"darkestsouls:soul_fragment":5,"minecraft:porkchop":4,"minecraft:stone_button":3,"sophisticatedbackpacks:iron_backpack":1,"minecraft:white_bed":1,"minecraft:fermented_spider_eye":1,"slashblade:proudsoul":1,"minecraft:arrow":3,"minecraft:rotten_flesh":2,"minecraft:hay_block":31,"minecraft:iron_helmet":1,"darkestsouls:titanite_fragment":1,"darkestsouls:small_soul_fragment":1,"minecraft:oak_sapling":2,"minecraft:mutton":2,"minecraft:iron_bars":4,"minecraft:white_wool":1},"minecraft:used":{"minecraft:iron_sword":9,"minecraft:crafting_table":3,"minecraft:white_bed":1,"minecraft:bread":13,"minecraft:stone_button":1,"slashblade:slashblade":2064,"biomesoplenty:burning_blossom":1},"minecraft:killed":{"darkestsouls:hollow_axe":1,"darkestsouls:gravetender_hollow_longsword":2,"alexsmobs:dropbear":1,"arphex:spider_larvae_tiny":7,"darkestsouls:church_doctor":1,"minecraft:pig":1,"minecraft:zombified_piglin":26,"darkestsouls:church_doctor_scythe":2,"darkestsouls:church_doctor_flamesprayer":1,"knighys_additions:auge":2,"minecraft:creeper":1,"arphex:centipede_evictor_larvae":4,"minecraft:sheep":1,"minecraft:horse":1,"minecraft:skeleton":5,"darkestsouls:hollow_broken_straightsword":1,"minecraft:zombie":3,"arphex:sun_scorpion_tiny":1,"valarian_conquest:valarian_archer":1,"darkestsouls:beast_patient":2,"darkestsouls:church_doctor_lantern":1,"arphex:spider_larvae":7,"minecraft:wither_skeleton":1,"darkestsouls:hollow_longsword":6,"darkestsouls:hollow_assassin":1,"apollyon:the_damned":4},"minecraft:custom":{"minecraft:mob_kills":95,"minecraft:interact_with_crafting_table":5,"minecraft:damage_dealt_resisted":309,"minecraft:leave_game":1,"minecraft:time_since_death":4590,"minecraft:damage_resisted":0,"minecraft:climb_one_cm":906,"minecraft:time_since_rest":4604,"minecraft:sprint_one_cm":86136,"minecraft:damage_taken":3411,"minecraft:walk_one_cm":357907,"minecraft:drop":37,"minecraft:damage_dealt":18373,"minecraft:damage_dealt_absorbed":82,"minecraft:player_kills":2,"minecraft:swim_one_cm":732,"minecraft:talked_to_villager":2,"minecraft:fly_one_cm":120987,"minecraft:open_chest":3,"minecraft:crouch_one_cm":32786,"minecraft:play_time":94026,"minecraft:sneak_time":12029,"minecraft:deaths":6,"minecraft:walk_under_water_one_cm":855,"minecraft:jump":973,"minecraft:walk_on_water_one_cm":4906,"minecraft:total_world_time":94026,"minecraft:fall_one_cm":37419,"minecraft:horse_one_cm":20825},"minecraft:killed_by":{"minecraft:ghast":1,"darkestsouls:church_doctor":1,"minecraft:hoglin":1,"minecraft:zombified_piglin":1}},"DataVersion":3465}