{"stats":{"minecraft:mined":{"biomesoplenty:burning_blossom":1,"biomesoplenty:bush":1,"minecraft:grass_block":58,"minecraft:light_gray_bed":1,"biomesoplenty:dead_grass":1,"minecraft:spawner":3,"minecraft:crimson_stem":13,"minecraft:hay_block":96,"minecraft:fire":2,"biomesoplenty:lavender":6,"minecraft:azure_bluet":1,"minecraft:vine":2,"minecraft:stripped_mangrove_wood":5,"minecraft:player_head":4,"minecraft:soul_fire":1,"minecraft:crafting_table":3,"minecraft:chest":1,"minecraft:rose_bush":1,"minecraft:tall_grass":11,"biomesoplenty:sprout":3,"biomesoplenty:huge_clover_petal":3,"minecraft:wheat":3,"minecraft:lilac":3,"minecraft:wither_rose":1,"minecraft:grass":46,"biomesoplenty:clover":24,"minecraft:oak_log":1,"minecraft:acacia_fence":1,"minecraft:sand":4,"minecraft:dirt":116,"minecraft:dark_oak_planks":1},"minecraft:used":{"minecraft:iron_shovel":177,"minecraft:iron_sword":48,"minecraft:player_head":3,"minecraft:dirt":144,"slashblade:slashblade":4143,"minecraft:stone_bricks":36,"minecraft:golden_carrot":1,"biomesoplenty:burning_blossom":1,"minecraft:birch_boat":1,"minecraft:golden_apple":1,"minecraft:sand":12,"minecraft:crafting_table":6,"minecraft:white_bed":1,"minecraft:diamond_pickaxe":3,"minecraft:bread":86,"minecraft:stone_button":1,"minecraft:smithing_table":1,"alexsmobs:animal_dictionary":4,"minecraft:experience_bottle":1},"minecraft:killed":{"darkestsouls:hollow_axe":1,"darkestsouls:gravetender_hollow_longsword":3,"alexsmobs:dropbear":1,"darkestsouls:church_doctor":1,"minecraft:zombified_piglin":34,"arphex:spider_flat":1,"minecraft:spider":1,"darkestsouls:church_doctor_scythe":2,"darkestsouls:church_doctor_flamesprayer":1,"knighys_additions:auge":2,"arphex:locust_landscourge":1,"minecraft:phantom":3,"minecraft:horse":1,"minecraft:skeleton":12,"arphex:sun_scorpion_tiny":1,"darkestsouls:hollow_broken_straightsword":1,"minecraft:chicken":1,"valarian_conquest:valarian_archer":1,"darkestsouls:beast_patient":3,"darkestsouls:church_doctor_lantern":2,"arphex:ant_arsonist":2,"darkestsouls:hollow_longsword":7,"darkestsouls:hollow_assassin":3,"darkestsouls:church_doctor_crucifix":2,"minecraft:husk":14,"arphex:spider_larvae_tiny":7,"minecraft:pig":1,"alexsmobs:seal":5,"minecraft:hoglin":3,"minecraft:creeper":2,"alexsmobs:emu":1,"arphex:centipede_evictor_larvae":4,"minecraft:sheep":2,"minecraft:trader_llama":2,"minecraft:zombie":8,"darkestsouls:cloaked_beast_patient":2,"arphex:spider_larvae":7,"minecraft:wither_skeleton":22,"apollyon:the_damned":5},"minecraft:crafted":{"minecraft:chest":1,"minecraft:wheat":630,"minecraft:crimson_planks":24,"minecraft:crafting_table":3,"minecraft:smithing_table":1,"minecraft:bread":208,"minecraft:diamond_pickaxe":1,"sophisticatedbackpacks:diamond_backpack":1,"minecraft:stick":4},"minecraft:custom":{"minecraft:mob_kills":192,"minecraft:interact_with_anvil":7,"minecraft:interact_with_crafting_table":24,"minecraft:open_barrel":9,"minecraft:damage_dealt_resisted":338,"minecraft:eat_cake_slice":11,"minecraft:leave_game":2,"minecraft:time_since_death":3442,"minecraft:climb_one_cm":2141,"minecraft:damage_resisted":0,"minecraft:sprint_one_cm":229616,"minecraft:walk_one_cm":873324,"minecraft:drop":77,"minecraft:damage_dealt_absorbed":82,"minecraft:talked_to_villager":3,"minecraft:play_time":233108,"minecraft:deaths":9,"minecraft:sneak_time":24686,"minecraft:walk_under_water_one_cm":17449,"minecraft:boat_one_cm":62730,"minecraft:jump":2124,"minecraft:walk_on_water_one_cm":21142,"minecraft:total_world_time":233108,"minecraft:waystone_activated":2,"minecraft:time_since_rest":3471,"minecraft:damage_taken":10008300,"minecraft:damage_absorbed":40,"minecraft:trigger_trapped_chest":1,"minecraft:damage_dealt":33074,"minecraft:swim_one_cm":60157,"minecraft:fly_one_cm":258151,"minecraft:player_kills":2,"minecraft:open_chest":24,"minecraft:crouch_one_cm":104931,"minecraft:interact_with_smithing_table":5,"minecraft:fall_one_cm":69895,"minecraft:horse_one_cm":20825},"minecraft:broken":{"slashblade:slashblade":2},"minecraft:killed_by":{"minecraft:ghast":1,"minecraft:husk":1,"darkestsouls:church_doctor":1,"minecraft:zombified_piglin":1,"minecraft:wither_skeleton":1,"bwrtherain:vapor":1,"minecraft:hoglin":1},"minecraft:dropped":{"sophisticatedbackpacks:iron_backpack":1,"arphex:burning_glands":2,"minecraft:porkchop":5,"minecraft:wheat_seeds":1,"minecraft:lilac":3,"minecraft:crafting_table":1,"biomesoplenty:lavender":3,"minecraft:iron_helmet":1,"minecraft:lantern":1,"minecraft:leather":1,"minecraft:coal":4,"minecraft:item_frame":1,"minecraft:stone_button":2,"minecraft:diamond_helmet":1,"alexsmobs:emu_feather":1,"minecraft:wither_rose":2,"minecraft:iron_shovel":1,"minecraft:fermented_spider_eye":1,"darkestsouls:blood_stone_fragment":1,"alexsmobs:maggot":2,"minecraft:player_head":2,"minecraft:nether_wart":2,"minecraft:cobblestone_wall":7,"minecraft:rotten_flesh":2,"darkestsouls:beast_blood_clump":3,"minecraft:azure_bluet":1,"minecraft:diamond_sword":1,"minecraft:turtle_helmet":1,"minecraft:shield":2,"minecraft:spruce_trapdoor":3,"minecraft:iron_chestplate":2,"minecraft:melon_seeds":1,"slashblade:slashblade":2,"apotheosis:gem":2,"minecraft:oak_sapling":2,"minecraft:spruce_slab":2,"minecraft:iron_bars":4,"minecraft:arrow":3,"minecraft:stone_brick_stairs":9,"farmersdelight:tomato":1,"farmersdelight:tomato_seeds":1,"arphex:fly_appendage":2,"slashblade:proudsoul_tiny":1,"darkestsouls:soul_fragment":12},"minecraft:picked_up":{"sophisticatedbackpacks:gold_backpack":1,"minecraft:crafting_table":5,"minecraft:iron_chestplate":2,"biomesoplenty:burning_blossom":1,"minecraft:azure_bluet":1,"minecraft:chicken":2,"minecraft:nether_wart":5,"minecraft:flower_pot":3,"minecraft:turtle_helmet":1,"minecraft:lead":2,"minecraft:diamond_sword":1,"minecraft:stone_brick_wall":2,"minecraft:wither_rose":10,"minecraft:stone_brick_stairs":9,"minecraft:golden_sword":1,"minecraft:shield":2,"darkestsouls:beast_blood_clump":6,"minecraft:cornflower":1,"minecraft:string":4,"minecraft:flint_and_steel":1,"minecraft:beetroot_soup":1,"minecraft:item_frame":3,"minecraft:experience_bottle":1,"darkestsouls:rune_fragment":5,"knighys_additions:wither_bone":9,"alexsmobs:dropbear_claw":1,"alexsmobs:emu_feather":1,"minecraft:bucket":1,"minecraft:spruce_planks":7,"minecraft:player_head":4,"minecraft:iron_nugget":5,"minecraft:spruce_slab":2,"minecraft:chest":1,"minecraft:spruce_trapdoor":3,"minecraft:egg":1,"minecraft:golden_helmet":1,"minecraft:stick":2,"apotheosis:gem":14,"minecraft:stripped_mangrove_wood":4,"minecraft:acacia_fence":1,"darkestsouls:soul_fragment":22,"minecraft:spruce_stairs":1,"minecraft:porkchop":14,"farmersdelight:tomato_seeds":1,"minecraft:stone_button":3,"minecraft:dark_oak_planks":1,"minecraft:rotten_flesh":17,"slashblade:proudsoul":1,"minecraft:arrow":9,"minecraft:hay_block":101,"alexsmobs:emu_egg":2,"darkestsouls:titanite_fragment":4,"minecraft:mutton":2,"minecraft:iron_bars":4,"minecraft:cobblestone":2,"minecraft:white_wool":1,"biomesoplenty:lavender":3,"knighys_additions:lightning_ball":1,"minecraft:air":0,"minecraft:feather":2,"minecraft:lilac":3,"minecraft:golden_carrot":1,"minecraft:crimson_stem":13,"minecraft:leather":1,"minecraft:golden_boots":1,"minecraft:cobblestone_wall":15,"minecraft:gunpowder":2,"farmersdelight:tomato":1,"minecraft:mangrove_slab":1,"minecraft:dirt":174,"minecraft:lantern":1,"minecraft:bone":28,"minecraft:stone_bricks":36,"minecraft:bow":1,"minecraft:wheat_seeds":20,"minecraft:iron_ingot":3,"arphex:burning_glands":2,"darkestsouls:blood_stone_fragment":1,"minecraft:diamond_helmet":1,"slashblade:slashblade":2,"minecraft:iron_sword":1,"minecraft:soul_sand":9,"minecraft:book":6,"slashblade:proudsoul_tiny":2,"minecraft:birch_boat":2,"minecraft:stripped_acacia_wood":1,"minecraft:sand":12,"sophisticatedbackpacks:iron_backpack":1,"minecraft:white_bed":1,"minecraft:fermented_spider_eye":2,"arphex:fly_appendage":2,"minecraft:iron_helmet":1,"minecraft:golden_apple":1,"minecraft:emerald":1,"darkestsouls:small_soul_fragment":2,"alexsmobs:maggot":2,"minecraft:oak_sapling":2,"minecraft:coal":8,"minecraft:melon_seeds":1}},"DataVersion":3465}