{"stats":{"minecraft:broken":{"minecraft:iron_axe":1,"minecraft:stone_axe":1,"minecraft:wooden_axe":1},"minecraft:mined":{"minecraft:spruce_planks":2,"minecraft:oak_door":1,"farmersdelight:wild_carrots":17,"gravestone:gravestone":9,"minecraft:grass_block":31,"minecraft:spruce_fence":1,"minecraft:blue_wool":6,"minecraft:large_fern":2,"minecraft:hay_block":16,"minecraft:furnace":2,"minecraft:iron_ore":10,"minecraft:azure_bluet":2,"minecraft:dirt_path":4,"minecraft:oak_stairs":6,"minecraft:stone":20,"minecraft:podzol":1,"minecraft:kelp_plant":1,"minecraft:crafting_table":6,"minecraft:oak_wood":3,"world:pf_2":1,"minecraft:rose_bush":1,"minecraft:wall_torch":1,"minecraft:blue_bed":2,"minecraft:pink_petals":1,"minecraft:spruce_log":9,"minecraft:grass":9,"minecraft:oak_log":35,"minecraft:coal_ore":18,"minecraft:sand":1,"minecraft:dirt":41,"minecraft:oak_leaves":5},"minecraft:crafted":{"minecraft:oak_door":3,"minecraft:oak_planks":212,"minecraft:furnace":2,"minecraft:iron_axe":3,"minecraft:chest":2,"minecraft:spruce_boat":1,"minecraft:stone_hoe":1,"minecraft:wheat":135,"minecraft:cooked_cod":6,"minecraft:cooked_porkchop":6,"minecraft:crafting_table":4,"minecraft:spruce_planks":36,"minecraft:blue_bed":2,"minecraft:cooked_salmon":5,"minecraft:bucket":1,"minecraft:bread":45,"minecraft:air":0,"minecraft:oak_boat":2,"minecraft:shield":2,"minecraft:stick":12,"minecraft:iron_ingot":10,"minecraft:iron_pickaxe":2,"minecraft:oak_stairs":16,"minecraft:wooden_axe":1},"minecraft:custom":{"minecraft:mob_kills":48,"minecraft:interact_with_crafting_table":23,"minecraft:damage_dealt_resisted":18,"minecraft:time_since_death":5056,"minecraft:sprint_one_cm":240143,"minecraft:walk_one_cm":293367,"minecraft:drop":69,"minecraft:play_time":116159,"minecraft:deaths":9,"minecraft:sneak_time":3854,"minecraft:walk_under_water_one_cm":35088,"minecraft:boat_one_cm":307967,"minecraft:jump":1298,"minecraft:walk_on_water_one_cm":28658,"minecraft:total_world_time":116159,"minecraft:interact_with_furnace":21,"minecraft:sleep_in_bed":6,"minecraft:time_since_rest":5080,"minecraft:damage_taken":10003451,"minecraft:damage_dealt":12801,"minecraft:swim_one_cm":94569,"minecraft:fly_one_cm":92018,"minecraft:open_chest":9,"minecraft:crouch_one_cm":5256,"minecraft:fall_one_cm":19584,"minecraft:horse_one_cm":21576},"minecraft:killed_by":{"darkestsouls:cloaked_beast_patient":4,"minecraft:iron_golem":1,"bwrtherain:vapor":1,"darkestsouls:hollow_assassin":1,"darkestsouls:beast_patient":1},"minecraft:dropped":{"minecraft:stone_hoe":1,"minecraft:wheat_seeds":2,"minecraft:cooked_porkchop":1,"minecraft:prismarine_crystals":2,"minecraft:red_mushroom":1,"minecraft:dirt":1,"minecraft:cooked_salmon":3,"gravestone:obituary":11,"minecraft:wither_rose":2,"minecraft:iron_axe":1,"minecraft:iron_pickaxe":1,"minecraft:fermented_spider_eye":1,"minecraft:pink_petals":4,"chiselsandbits:block_bit":804,"minecraft:oak_planks":3,"darkestsouls:beast_blood_clump":4,"minecraft:azure_bluet":22,"minecraft:spruce_fence":3,"chiselsandbits:chisel_stone":1,"minecraft:shield":1,"alexsmobs:lobster_tail":1,"arphex:fly_appendage":1},"minecraft:picked_up":{"minecraft:crafting_table":6,"minecraft:azure_bluet":27,"minecraft:oak_stairs":6,"minecraft:wither_rose":2,"gravestone:obituary":2,"darkestsouls:beast_blood_clump":13,"minecraft:string":1,"minecraft:spruce_planks":2,"minecraft:oak_boat":11,"minecraft:iron_nugget":4,"minecraft:poppy":2,"minecraft:furnace":3,"minecraft:blue_wool":6,"minecraft:stick":2,"minecraft:raw_iron":10,"darkestsouls:soul_fragment":2,"minecraft:oak_door":1,"minecraft:torch":23,"minecraft:spruce_fence":3,"minecraft:porkchop":6,"minecraft:carrot":17,"minecraft:orange_bed":1,"minecraft:stone_shovel":1,"minecraft:rotten_flesh":5,"minecraft:hay_block":15,"chiselsandbits:chisel_stone":1,"minecraft:saddle":2,"darkestsouls:titanite_fragment":1,"minecraft:end_rod":1,"minecraft:gold_ingot":2,"minecraft:cod":6,"minecraft:cobblestone":20,"alexsmobs:lobster_tail":1,"minecraft:pink_petals":4,"minecraft:salmon":5,"minecraft:leather":2,"minecraft:red_mushroom":1,"minecraft:oak_log":35,"minecraft:dirt":65,"minecraft:blue_bed":2,"chiselsandbits:chiseled_block":1,"minecraft:wheat_seeds":7,"arphex:burning_glands":5,"minecraft:iron_ingot":8,"minecraft:stone_pickaxe":1,"darkestsouls:blood_stone_fragment":1,"minecraft:oak_planks":32,"minecraft:sand":1,"minecraft:spruce_log":9,"minecraft:fermented_spider_eye":1,"minecraft:oak_wood":53,"arphex:fly_appendage":1,"minecraft:diamond":1,"minecraft:stone_axe":1,"minecraft:spruce_boat":5,"minecraft:emerald":6,"minecraft:oak_sapling":1,"minecraft:coal":22},"minecraft:used":{"chiselsandbits:chiseled_block":1,"minecraft:stone_shovel":85,"minecraft:chest":2,"minecraft:spruce_planks":2,"minecraft:stone_hoe":17,"minecraft:oak_door":3,"minecraft:orange_bed":1,"minecraft:torch":3,"minecraft:dirt":47,"minecraft:carrot":26,"minecraft:spruce_boat":4,"minecraft:wooden_axe":32,"minecraft:oak_stairs":18,"minecraft:iron_axe":188,"minecraft:furnace":5,"minecraft:oak_sapling":1,"minecraft:cooked_cod":1,"minecraft:stone_pickaxe":38,"minecraft:oak_planks":34,"minecraft:blue_bed":3,"minecraft:sand":1,"minecraft:crafting_table":10,"minecraft:oak_log":20,"minecraft:bread":6,"minecraft:iron_pickaxe":19,"minecraft:stone_axe":84,"minecraft:cobblestone":2,"minecraft:cooked_porkchop":5,"minecraft:bucket":1,"minecraft:oak_boat":12,"alexsmobs:animal_dictionary":6},"minecraft:killed":{"darkestsouls:hollow_axe":1,"alexsmobs:hummingbird":2,"alexsmobs:lobster":3,"darkestsouls:ashen_blood_beast_patient":1,"valarian_conquest:valarian_knight":2,"minecraft:cod":6,"minecraft:horse":2,"darkestsouls:beast_patient":4,"minecraft:drowned":3,"valarian_conquest:valarian_nobleman":1,"darkestsouls:hollow_assassin":2,"minecraft:cat":1,"minecraft:pig":2,"world:dragonfly_2":1,"valarian_conquest:valarian_officer":1,"minecraft:salmon":6,"minecraft:iron_golem":1,"minecraft:zombie":1,"darkestsouls:cloaked_beast_patient":7,"apollyon:the_damned":1}},"DataVersion":3465}