{"stats":{"minecraft:broken":{"minecraft:stone_axe":2},"minecraft:mined":{"knighys_additions:nerium":1,"minecraft:farmland":1,"minecraft:oak_door":1,"minecraft:orange_wool":12,"gravestone:gravestone":4,"minecraft:grass_block":25,"world:oak":19,"minecraft:spruce_leaves":2,"minecraft:blue_wool":10,"minecraft:composter":1,"minecraft:hay_block":8,"minecraft:furnace":1,"minecraft:carrots":8,"minecraft:potatoes":5,"minecraft:dirt_path":11,"minecraft:stripped_oak_log":1,"minecraft:stone":146,"minecraft:orange_bed":3,"minecraft:smithing_table":1,"minecraft:crafting_table":3,"minecraft:blast_furnace":1,"minecraft:oak_wood":71,"minecraft:cobblestone":12,"minecraft:diorite":2,"minecraft:blue_bed":2,"minecraft:wheat":13,"minecraft:grass":2,"minecraft:oak_log":37,"minecraft:coal_ore":16,"minecraft:beetroots":1,"minecraft:end_rod":1,"minecraft:dirt":67,"minecraft:gravel":3,"minecraft:oak_leaves":3},"minecraft:crafted":{"minecraft:oak_door":3,"minecraft:oak_planks":120,"minecraft:stone_shovel":2,"minecraft:stone":2,"minecraft:stone_pickaxe":2,"chiselsandbits:chisel_stone":2,"minecraft:wheat":81,"minecraft:crafting_table":1,"minecraft:wooden_pickaxe":1,"minecraft:blue_bed":3,"minecraft:bucket":1,"minecraft:stone_axe":3,"minecraft:bread":27,"minecraft:air":0,"minecraft:oak_boat":3,"minecraft:stick":32,"minecraft:iron_ingot":1,"minecraft:torch":48,"minecraft:orange_bed":4},"minecraft:custom":{"minecraft:mob_kills":32,"minecraft:interact_with_crafting_table":17,"minecraft:interact_with_campfire":2,"minecraft:bell_ring":2,"minecraft:time_since_death":418,"minecraft:sprint_one_cm":169795,"minecraft:walk_one_cm":293376,"minecraft:damage_blocked_by_shield":100,"minecraft:drop":94,"minecraft:talked_to_villager":9,"minecraft:play_time":113700,"minecraft:deaths":5,"minecraft:sneak_time":3686,"minecraft:walk_under_water_one_cm":25098,"minecraft:boat_one_cm":166090,"minecraft:jump":1436,"minecraft:walk_on_water_one_cm":25838,"minecraft:total_world_time":113700,"minecraft:interact_with_furnace":10,"minecraft:sleep_in_bed":5,"minecraft:time_since_rest":445,"minecraft:waystone_activated":1,"minecraft:damage_taken":10001933,"minecraft:damage_dealt":9624,"minecraft:swim_one_cm":50506,"minecraft:fly_one_cm":212021,"minecraft:open_chest":15,"minecraft:crouch_one_cm":7145,"minecraft:fall_one_cm":37211,"minecraft:horse_one_cm":18898},"minecraft:killed_by":{"darkestsouls:cloaked_beast_patient":3,"alexsmobs:cachalot_whale":1,"bwrtherain:vapor":1},"minecraft:dropped":{"minecraft:iron_ingot":4,"arphex:burning_glands":1,"minecraft:wheat_seeds":2,"minecraft:diamond":1,"minecraft:coal":4,"minecraft:emerald":6,"minecraft:torch":23,"gravestone:obituary":6,"minecraft:wither_rose":2,"minecraft:orange_bed":3,"minecraft:fermented_spider_eye":1,"chiselsandbits:block_bit":677,"minecraft:gold_ingot":2,"minecraft:furnace":1,"minecraft:stone_axe":1,"minecraft:blue_wool":1,"minecraft:stone_shovel":1,"minecraft:rotten_flesh":2,"minecraft:oak_planks":29,"chiselsandbits:chisel_stone":1,"minecraft:filled_map":2,"minecraft:oak_wood":50,"minecraft:stone_pickaxe":2,"minecraft:wooden_pickaxe":1},"minecraft:picked_up":{"minecraft:crafting_table":3,"minecraft:wheat":10,"minecraft:azure_bluet":3,"minecraft:smithing_table":1,"minecraft:wither_rose":2,"gravestone:obituary":2,"minecraft:shield":1,"darkestsouls:beast_blood_clump":12,"minecraft:iron_axe":1,"minecraft:cooked_salmon":3,"minecraft:beetroot":1,"minecraft:oak_boat":3,"minecraft:iron_nugget":2,"minecraft:iron_pickaxe":1,"minecraft:furnace":1,"minecraft:blue_wool":10,"minecraft:oak_door":1,"minecraft:composter":1,"minecraft:porkchop":2,"minecraft:diorite":2,"minecraft:carrot":8,"minecraft:arrow":1,"minecraft:orange_bed":5,"minecraft:rotten_flesh":2,"minecraft:beetroot_seeds":3,"minecraft:hay_block":9,"minecraft:cobblestone":158,"alexsmobs:lobster_tail":1,"minecraft:stripped_oak_log":1,"minecraft:feather":2,"knighys_additions:nerium":1,"minecraft:potato":5,"minecraft:filled_map":1,"minecraft:oak_log":37,"minecraft:dirt":112,"minecraft:blue_bed":2,"chiselsandbits:chiseled_block":3,"minecraft:wheat_seeds":17,"arphex:burning_glands":1,"darkestsouls:blood_stone_fragment":2,"minecraft:stone_hoe":1,"world:crystal_10":1,"minecraft:cooked_porkchop":3,"world:crystal_9":1,"minecraft:gravel":3,"minecraft:blast_furnace":1,"minecraft:fermented_spider_eye":1,"minecraft:orange_wool":12,"world:oak":19,"minecraft:oak_wood":71,"darkestsouls:small_soul_fragment":2,"minecraft:coal":16,"darkestsouls:throwing_knife":2},"minecraft:killed":{"darkestsouls:ashen_blood_beast_patient":1,"alexsmobs:seagull":1,"world:dryad":2,"minecraft:skeleton":1,"darkestsouls:hollow_broken_straightsword":1,"arphex:hornet_harbinger":1,"valarian_conquest:valarian_archer":1,"darkestsouls:beast_patient":3,"darkestsouls:church_doctor_lantern":2,"arphex:ant_arsonist":1,"darkestsouls:hollow_longsword":1,"darkestsouls:hollow_assassin":2,"world:goblin":3,"minecraft:pig":2,"arphex:centipede_evictor_larvae":1,"minecraft:zombie":3,"darkestsouls:cloaked_beast_patient":5,"apollyon:the_damned":1},"minecraft:used":{"minecraft:beetroot":1,"chiselsandbits:chiseled_block":3,"minecraft:stone_shovel":70,"knighys_additions:nerium":1,"minecraft:shield":3,"minecraft:cooked_salmon":3,"minecraft:oak_door":4,"minecraft:orange_bed":6,"minecraft:torch":15,"minecraft:dirt":93,"minecraft:azure_bluet":2,"alexsmobs:lobster_tail":1,"minecraft:iron_axe":76,"world:oak":19,"minecraft:cooked_cod":4,"minecraft:potato":12,"minecraft:water_bucket":4,"minecraft:diorite":2,"minecraft:stone_pickaxe":108,"minecraft:wooden_pickaxe":3,"minecraft:blue_bed":5,"minecraft:crafting_table":4,"minecraft:blast_furnace":1,"minecraft:oak_log":1,"minecraft:bread":6,"minecraft:iron_pickaxe":70,"minecraft:gravel":3,"minecraft:stone_axe":180,"minecraft:cooked_porkchop":3,"minecraft:bucket":5,"alexsmobs:animal_dictionary":1,"minecraft:oak_boat":5}},"DataVersion":3465}