{"stats":{"minecraft:killed_by":{"darkestsouls:cloaked_beast_patient":5,"knighys_additions:colostula":1,"valarian_conquest:valarian_archer":1,"darkestsouls:leech":11,"minecraft:skeleton":1,"darkestsouls:hollow_assassin":1,"minecraft:zombie":1,"darkestsouls:beast_patient":2,"world:dryad":1,"darkestsouls:church_doctor_scythe":1,"knighys_additions:schiper":1},"minecraft:used":{"sophisticatedbackpacks:iron_backpack":3,"call_of_yucutan:flint_spear":3,"minecraft:armor_stand":1,"minecraft:dried_kelp":3,"knighys_additions:nerium":1,"minecraft:decorated_pot":2,"minecraft:chest":7,"minecraft:spruce_planks":2,"minecraft:wooden_shovel":32,"minecraft:cooked_salmon":15,"minecraft:oak_door":2,"minecraft:orange_bed":8,"minecraft:iron_chestplate":1,"minecraft:torch":12,"minecraft:dirt":124,"minecraft:orange_wool":2,"minecraft:oak_wood":6,"minecraft:granite":1,"minecraft:wooden_axe":16,"call_of_yucutan:wooden_tecpatl":32,"minecraft:iron_axe":3,"minecraft:acacia_slab":105,"minecraft:iron_boots":1,"valarian_conquest:spikes":8,"minecraft:golden_sword":8,"world:oak":17,"minecraft:furnace":5,"minecraft:cooked_mutton":2,"minecraft:acacia_boat":1,"minecraft:diorite":20,"minecraft:acacia_trapdoor":6,"minecraft:stone_pickaxe":311,"minecraft:oak_planks":8,"minecraft:wooden_pickaxe":12,"minecraft:sand":4,"minecraft:glow_berries":2,"minecraft:orange_carpet":2,"minecraft:oak_slab":4,"minecraft:crafting_table":11,"minecraft:painting":1,"minecraft:acacia_door":2,"minecraft:melon_slice":34,"minecraft:iron_pickaxe":2,"minecraft:gravel":38,"minecraft:stone_axe":126,"minecraft:cobblestone":6,"minecraft:andesite":7,"minecraft:kelp":6},"minecraft:picked_up":{"minecraft:wooden_axe":1,"call_of_yucutan:wooden_tecpatl":2,"minecraft:crafting_table":10,"minecraft:clay_ball":16,"minecraft:wooden_pickaxe":1,"gravestone:obituary":2,"minecraft:brick":16,"darkestsouls:beast_blood_clump":4,"minecraft:explorer_pottery_sherd":2,"minecraft:string":10,"minecraft:raw_copper":43,"minecraft:cooked_salmon":21,"darkestsouls:sorcerer_staff_a":1,"minecraft:armor_stand":1,"darkestsouls:rune_fragment":20,"minecraft:spruce_planks":2,"minecraft:beef":5,"knighys_additions:odd_silk":6,"minecraft:iron_nugget":4,"minecraft:light_gray_wool":2,"minecraft:melon_slice":85,"minecraft:chest":5,"minecraft:furnace":3,"minecraft:stick":8,"minecraft:raw_iron":32,"darkestsouls:soul_fragment":9,"minecraft:oak_door":1,"minecraft:copper_ingot":26,"minecraft:torch":2,"minecraft:acacia_log":21,"minecraft:spruce_fence":4,"minecraft:skull_pottery_sherd":2,"minecraft:diorite":20,"valarian_conquest:spikes":20,"minecraft:orange_bed":8,"minecraft:arrow":8,"minecraft:rotten_flesh":3,"minecraft:decorated_pot":2,"darkestsouls:titanite_fragment":8,"valarian_conquest:valarian_spear":13,"minecraft:glow_berries":1,"minecraft:mutton":3,"minecraft:white_wool":3,"minecraft:cobblestone":190,"minecraft:heartbreak_pottery_sherd":2,"minecraft:birch_log":12,"knighys_additions:lightning_ball":1,"knighys_additions:nerium":1,"minecraft:andesite":8,"minecraft:salmon":19,"minecraft:jungle_log":9,"call_of_yucutan:flint_spear":1,"minecraft:orange_carpet":2,"minecraft:leather":3,"minecraft:birch_planks":4,"minecraft:flint":4,"minecraft:tuff":2,"minecraft:oak_log":34,"darkestsouls:firebomb":1,"minecraft:gunpowder":4,"minecraft:dirt":312,"minecraft:bone":4,"minecraft:acacia_planks":50,"minecraft:kelp":1,"minecraft:bow":1,"minecraft:wheat_seeds":20,"minecraft:raw_gold":1,"minecraft:iron_ingot":8,"minecraft:stone_pickaxe":11,"minecraft:blade_pottery_sherd":2,"darkestsouls:blood_stone_fragment":4,"minecraft:bamboo":85,"minecraft:arms_up_pottery_sherd":2,"minecraft:acacia_sapling":1,"minecraft:oak_planks":8,"world:crystal_10":4,"minecraft:oak_slab":3,"minecraft:gravel":41,"minecraft:sand":9,"call_of_yucutan:elder_bone":4,"sophisticatedbackpacks:iron_backpack":4,"minecraft:white_bed":1,"darkestsouls:broken_straightsword":1,"minecraft:spider_eye":11,"minecraft:orange_wool":5,"world:oak":27,"call_of_yucutan:ancient_gold":1,"minecraft:oak_wood":56,"minecraft:light_blue_terracotta":2,"minecraft:stone_axe":15,"minecraft:granite":1,"darkestsouls:small_soul_fragment":10,"minecraft:plenty_pottery_sherd":2,"minecraft:oak_sapling":2,"minecraft:acacia_slab":5,"minecraft:coal":72},"minecraft:custom":{"minecraft:mob_kills":110,"minecraft:interact_with_crafting_table":47,"minecraft:leave_game":3,"minecraft:time_since_death":7431,"minecraft:climb_one_cm":8400,"minecraft:sprint_one_cm":488944,"minecraft:walk_one_cm":624197,"minecraft:drop":95,"minecraft:damage_dealt_absorbed":209,"minecraft:play_time":289442,"minecraft:deaths":45,"minecraft:sneak_time":31075,"minecraft:walk_under_water_one_cm":47147,"minecraft:boat_one_cm":365696,"minecraft:jump":3510,"minecraft:walk_on_water_one_cm":32929,"minecraft:total_world_time":289442,"minecraft:interact_with_furnace":67,"minecraft:sleep_in_bed":11,"minecraft:time_since_rest":7481,"minecraft:damage_taken":13214,"minecraft:damage_dealt":24886,"minecraft:player_kills":2,"minecraft:swim_one_cm":119913,"minecraft:fly_one_cm":768188,"minecraft:open_chest":95,"minecraft:crouch_one_cm":18113,"minecraft:fall_one_cm":102821},"minecraft:dropped":{"minecraft:wheat_seeds":1,"minecraft:leather":2,"darkestsouls:firebomb":1,"minecraft:explorer_pottery_sherd":2,"minecraft:copper_ingot":26,"valarian_conquest:spikes":2,"darkestsouls:broken_straightsword":1,"minecraft:melon_slice":31,"gravestone:obituary":22,"minecraft:acacia_door":1,"minecraft:white_wool":1,"minecraft:skull_pottery_sherd":2,"minecraft:stone_axe":1,"minecraft:raw_copper":13,"valarian_conquest:valarian_spear":1,"minecraft:oak_planks":2,"darkestsouls:beast_blood_clump":2,"minecraft:white_bed":1,"minecraft:spruce_fence":1,"call_of_yucutan:flint_spear":1,"minecraft:shield":1,"minecraft:arms_up_pottery_sherd":2,"minecraft:blade_pottery_sherd":2,"minecraft:acacia_sapling":1,"minecraft:chest":1,"minecraft:spider_eye":5,"minecraft:stone_pickaxe":2,"darkestsouls:sorcerer_staff_a":1,"minecraft:light_blue_terracotta":2,"minecraft:heartbreak_pottery_sherd":2},"minecraft:broken":{"minecraft:stone_pickaxe":1},"minecraft:mined":{"knighys_additions:nerium":1,"knighys_additions:colostula_web":1,"minecraft:spruce_planks":2,"minecraft:white_bed":1,"minecraft:oak_door":1,"minecraft:jungle_leaves":31,"minecraft:orange_wool":7,"minecraft:decorated_pot":9,"call_of_yucutan:overgrown_chest":1,"gravestone:gravestone":19,"minecraft:granite":4,"minecraft:acacia_log":21,"minecraft:grass_block":57,"minecraft:spruce_fence":3,"sophisticatedbackpacks:iron_backpack":3,"minecraft:jungle_log":9,"valarian_conquest:spikes":24,"world:oak":22,"minecraft:acacia_slab":2,"minecraft:kelp":1,"minecraft:tall_seagrass":1,"minecraft:furnace":2,"minecraft:iron_ore":28,"minecraft:andesite":5,"minecraft:deepslate_iron_ore":1,"minecraft:bamboo":7,"minecraft:stone":181,"world:leavesoak":1,"minecraft:orange_bed":8,"call_of_yucutan:ancient_gold":1,"world:plantforestbig_2":1,"minecraft:clay":4,"minecraft:crafting_table":9,"minecraft:oak_wood":48,"minecraft:melon":16,"minecraft:chest":5,"minecraft:tall_grass":18,"minecraft:copper_ore":11,"call_of_yucutan:mystic_vine_block":3,"minecraft:diorite":20,"minecraft:wall_torch":1,"minecraft:orange_carpet":2,"minecraft:light_blue_terracotta":2,"minecraft:seagrass":1,"minecraft:birch_log":9,"minecraft:birch_leaves":1,"minecraft:light_gray_wool":2,"minecraft:grass":122,"minecraft:oak_log":30,"minecraft:coal_ore":52,"minecraft:end_rod":1,"minecraft:sand":7,"minecraft:gravel":45,"minecraft:dirt":97,"minecraft:gold_ore":1,"minecraft:oak_leaves":8,"minecraft:fern":3},"minecraft:killed":{"darkestsouls:gravetender_hollow_longsword":1,"darkestsouls:hollow_axe":7,"darkestsouls:church_doctor":3,"knighys_additions:stuffed_faceless":1,"minecraft:spider":7,"darkestsouls:church_doctor_scythe":1,"knighys_additions:spook":1,"darkestsouls:leech":6,"world:dryad":7,"minecraft:skeleton":3,"darkestsouls:hollow_broken_straightsword":7,"darkestsouls:skeleton_falchion":2,"valarian_conquest:valarian_archer":2,"darkestsouls:beast_patient":4,"darkestsouls:hollow_longsword":2,"darkestsouls:hollow_assassin":4,"valarian_conquest:valarian_scout":1,"world:goblin":1,"minecraft:salmon":21,"knighys_additions:cocoon":2,"knighys_additions:colostula":1,"knighys_additions:distorted_stuffed_faceless":1,"darkestsouls:gravetender_hollow_broken_straightsword":2,"minecraft:sheep":2,"call_of_yucutan:undead_warrior":2,"minecraft:zombie":2,"darkestsouls:cloaked_beast_patient":7,"minecraft:cow":2},"minecraft:crafted":{"minecraft:oak_door":3,"minecraft:oak_planks":208,"call_of_yucutan:wooden_tecpatl":2,"minecraft:furnace":3,"darkestsouls:bewitched_branch":6,"minecraft:cooked_mutton":2,"call_of_yucutan:flint_spear":1,"minecraft:iron_boots":1,"minecraft:iron_axe":1,"minecraft:stone_pickaxe":2,"minecraft:chest":3,"minecraft:cooked_beef":1,"minecraft:oak_slab":6,"minecraft:wooden_shovel":1,"darkestsouls:small_soul_fragment":45,"minecraft:crafting_table":4,"minecraft:acacia_slab":102,"minecraft:dried_kelp":3,"minecraft:wooden_pickaxe":1,"minecraft:acacia_trapdoor":6,"minecraft:cooked_salmon":17,"minecraft:copper_ingot":32,"darkestsouls:sorcerer_staff_a":2,"minecraft:birch_planks":24,"minecraft:bucket":1,"minecraft:stone_axe":1,"minecraft:acacia_boat":1,"minecraft:air":0,"minecraft:jungle_planks":36,"darkestsouls:soul_fragment":2,"minecraft:oak_boat":2,"minecraft:iron_chestplate":1,"minecraft:shield":2,"minecraft:stick":86,"minecraft:iron_ingot":18,"minecraft:iron_pickaxe":1,"minecraft:wooden_axe":1,"minecraft:acacia_door":3,"minecraft:acacia_planks":84,"minecraft:orange_bed":1,"minecraft:torch":72}},"DataVersion":3465}