{"stats":{"minecraft:crafted":{"minecraft:oak_planks":12,"minecraft:coal":27,"minecraft:crafting_table":1,"minecraft:bucket":2,"minecraft:birch_planks":12,"minecraft:bread":67,"minecraft:flint_and_steel":1,"minecraft:stick":24,"minecraft:iron_pickaxe":1,"minecraft:chest":1,"minecraft:torch":76,"minecraft:wheat":126},"minecraft:mined":{"minecraft:white_bed":5,"minecraft:deepslate_diamond_ore":1,"minecraft:jungle_leaves":1,"minecraft:brewing_stand":1,"minecraft:crafting_table":3,"minecraft:torch":1,"minecraft:granite":3,"minecraft:grass_block":6,"minecraft:coal_block":11,"biomesoplenty:huge_clover_petal":1,"minecraft:sugar_cane":2,"supplementaries:urn":6,"minecraft:hay_block":16,"minecraft:trapped_chest":1,"minecraft:mud":4,"minecraft:birch_log":18,"minecraft:wheat":3,"minecraft:andesite":1,"minecraft:target":1,"minecraft:stone_brick_stairs":1,"minecraft:oak_log":3,"minecraft:coal_ore":19,"minecraft:iron_bars":5,"minecraft:gravel":6,"minecraft:dirt":1,"minecraft:stone_bricks":2,"minecraft:stone":46,"minecraft:netherrack":19,"minecraft:oak_leaves":4,"minecraft:deepslate":2},"minecraft:dropped":{"minecraft:gravel":1,"minecraft:wheat_seeds":9,"minecraft:iron_nugget":3,"minecraft:feather":2,"minecraft:iron_helmet":1,"minecraft:white_bed":1,"minecraft:flint_and_steel":1,"supplementaries:flax_seeds":1,"minecraft:iron_chestplate":1,"minecraft:iron_leggings":1,"minecraft:stone_bricks":2,"minecraft:bucket":1},"minecraft:picked_up":{"minecraft:birch_log":18,"minecraft:mud":3,"minecraft:iron_chestplate":1,"minecraft:crafting_table":3,"minecraft:feather":2,"minecraft:wheat":5,"minecraft:andesite":1,"minecraft:diamond_sword":1,"minecraft:enchanted_book":4,"minecraft:flint":1,"minecraft:stone_brick_stairs":1,"minecraft:oak_log":3,"supplementaries:flax_seeds":1,"minecraft:brewing_stand":1,"minecraft:white_banner":1,"minecraft:dirt":3,"minecraft:iron_leggings":1,"darkestsouls:rune_fragment":2,"minecraft:bone":13,"minecraft:stone_bricks":2,"supplementaries:bomb":2,"minecraft:bow":1,"minecraft:wheat_seeds":19,"minecraft:cobbled_deepslate":4,"minecraft:raw_gold":6,"minecraft:iron_ingot":16,"minecraft:iron_nugget":6,"minecraft:diamond_helmet":1,"minecraft:coal_block":11,"minecraft:sugar_cane":2,"darkestsouls:bone_fragment":1,"apotheosis:gem":1,"darkestsouls:soul_fragment":2,"minecraft:torch":1,"minecraft:gravel":6,"minecraft:white_bed":5,"minecraft:trapped_chest":1,"minecraft:arrow":1,"minecraft:slime_ball":6,"minecraft:diamond":1,"minecraft:hay_block":16,"minecraft:granite":3,"darkestsouls:titanite_fragment":6,"minecraft:gold_ingot":4,"supplementaries:ash":3,"minecraft:netherrack":19,"minecraft:iron_bars":5,"minecraft:coal":19,"minecraft:cobblestone":45},"minecraft:used":{"minecraft:trident":112,"minecraft:water_bucket":5,"minecraft:iron_shovel":66,"minecraft:flint_and_steel":1,"minecraft:chest":1,"minecraft:sugar_cane":2,"minecraft:netherrack":19,"minecraft:torch":42,"minecraft:dirt":3,"minecraft:crafting_table":4,"minecraft:white_bed":3,"minecraft:lava_bucket":10,"minecraft:bread":42,"minecraft:iron_axe":19,"minecraft:iron_pickaxe":54,"minecraft:iron_boots":1,"minecraft:gravel":5,"minecraft:stone_brick_stairs":1,"minecraft:cobblestone":42,"minecraft:bucket":16,"minecraft:trapped_chest":1},"minecraft:killed":{"darkestsouls:bonewheel":1,"darkestsouls:church_doctor":1,"darkestsouls:skeleton_curved_swords":2,"minecraft:iron_golem":1,"alexsmobs:sugar_glider":1,"minecraft:skeleton":1,"darkestsouls:skeleton_spear":5,"minecraft:zombie":1,"darkestsouls:hollow_broken_straightsword":1,"minecraft:chicken":1,"darkestsouls:beast_patient":2,"darkestsouls:hollow_assassin":3,"apollyon:the_damned":2},"minecraft:custom":{"minecraft:mob_kills":22,"minecraft:interact_with_crafting_table":9,"minecraft:open_barrel":2,"minecraft:damage_dealt_resisted":0,"minecraft:time_since_death":70764,"minecraft:sleep_in_bed":4,"minecraft:climb_one_cm":3860,"minecraft:damage_resisted":29,"minecraft:time_since_rest":13477,"minecraft:sprint_one_cm":428162,"minecraft:damage_taken":1759,"minecraft:walk_one_cm":358485,"minecraft:drop":24,"minecraft:damage_dealt":8479,"minecraft:swim_one_cm":2404,"minecraft:fly_one_cm":78251,"minecraft:open_chest":37,"minecraft:crouch_one_cm":5779,"minecraft:play_time":70764,"minecraft:sneak_time":1525,"minecraft:walk_under_water_one_cm":13712,"minecraft:jump":301,"minecraft:interact_with_blast_furnace":1,"minecraft:walk_on_water_one_cm":15153,"minecraft:total_world_time":70764,"minecraft:fall_one_cm":32832}},"DataVersion":3465}