{"stats":{"minecraft:broken":{"minecraft:stone_axe":2,"minecraft:stone_shovel":8},"minecraft:mined":{"knighys_additions:nerium":1,"minecraft:white_bed":3,"minecraft:farmland":2,"minecraft:oak_door":1,"minecraft:orange_wool":12,"gravestone:gravestone":6,"minecraft:grass_block":131,"world:oak":19,"minecraft:spruce_leaves":2,"minecraft:blue_wool":10,"minecraft:composter":5,"minecraft:hay_block":8,"minecraft:oak_trapdoor":2,"minecraft:furnace":1,"minecraft:carrots":8,"minecraft:iron_ore":10,"minecraft:azure_bluet":1,"minecraft:cobblestone_slab":3,"minecraft:potatoes":20,"minecraft:dirt_path":14,"minecraft:oak_stairs":1,"minecraft:stripped_oak_log":1,"minecraft:stone":249,"minecraft:orange_bed":7,"minecraft:smithing_table":1,"minecraft:glass_pane":4,"minecraft:crafting_table":3,"minecraft:blast_furnace":1,"minecraft:oak_wood":71,"minecraft:glass":1,"minecraft:cobblestone":12,"minecraft:oak_planks":4,"minecraft:wall_torch":1,"minecraft:diorite":2,"minecraft:blue_bed":5,"farmersdelight:wild_beetroots":1,"world:pfb":1,"minecraft:wheat":13,"minecraft:yellow_bed":1,"minecraft:grass":29,"minecraft:oak_log":37,"minecraft:coal_ore":62,"minecraft:beetroots":1,"minecraft:sand":724,"minecraft:end_rod":1,"minecraft:dirt":223,"minecraft:gravel":3,"minecraft:oak_leaves":3},"minecraft:crafted":{"minecraft:oak_door":3,"minecraft:oak_planks":232,"minecraft:cobblestone_slab":6,"minecraft:stone_shovel":9,"minecraft:stone":2,"minecraft:bone_meal":6,"minecraft:oak_trapdoor":2,"minecraft:glass":72,"minecraft:stone_pickaxe":2,"chiselsandbits:chisel_stone":2,"minecraft:wheat":81,"minecraft:crafting_table":1,"minecraft:wooden_pickaxe":1,"minecraft:blue_bed":3,"minecraft:bucket":1,"minecraft:stone_axe":3,"minecraft:bread":27,"minecraft:air":0,"minecraft:oak_boat":3,"minecraft:stick":68,"minecraft:iron_ingot":1,"minecraft:torch":136,"minecraft:orange_bed":4},"minecraft:custom":{"minecraft:mob_kills":46,"minecraft:interact_with_crafting_table":24,"minecraft:open_barrel":3,"minecraft:interact_with_campfire":2,"minecraft:bell_ring":2,"minecraft:time_since_death":56627,"minecraft:sprint_one_cm":304947,"minecraft:walk_one_cm":534219,"minecraft:damage_blocked_by_shield":140,"minecraft:drop":110,"minecraft:talked_to_villager":19,"minecraft:play_time":173700,"minecraft:deaths":6,"minecraft:sneak_time":5462,"minecraft:walk_under_water_one_cm":37406,"minecraft:boat_one_cm":167935,"minecraft:jump":2212,"minecraft:walk_on_water_one_cm":34224,"minecraft:total_world_time":173700,"minecraft:interact_with_furnace":25,"minecraft:sleep_in_bed":12,"minecraft:time_since_rest":9850,"minecraft:waystone_activated":1,"minecraft:damage_taken":10002773,"minecraft:damage_dealt":13328,"minecraft:swim_one_cm":51913,"minecraft:fly_one_cm":342743,"minecraft:open_chest":31,"minecraft:crouch_one_cm":14899,"minecraft:fall_one_cm":55255,"minecraft:horse_one_cm":18898},"minecraft:killed_by":{"darkestsouls:cloaked_beast_patient":3,"alexsmobs:cachalot_whale":1,"bwrtherain:vapor":1,"apollyon:the_damned":1},"minecraft:dropped":{"minecraft:iron_ingot":4,"arphex:burning_glands":1,"minecraft:wheat_seeds":2,"minecraft:diamond":1,"minecraft:coal":4,"minecraft:emerald":6,"minecraft:torch":77,"gravestone:obituary":8,"minecraft:wither_rose":2,"minecraft:orange_bed":3,"minecraft:fermented_spider_eye":1,"chiselsandbits:block_bit":677,"minecraft:gold_ingot":2,"minecraft:furnace":1,"minecraft:stone_axe":1,"minecraft:blue_wool":1,"minecraft:stone_shovel":1,"minecraft:rotten_flesh":2,"minecraft:oak_planks":29,"minecraft:azure_bluet":1,"darkestsouls:throwing_knife":2,"minecraft:glass_pane":7,"chiselsandbits:chisel_stone":1,"minecraft:filled_map":2,"minecraft:potato":7,"minecraft:oak_wood":50,"minecraft:beetroot_seeds":1,"minecraft:yellow_bed":1,"minecraft:stone_pickaxe":2,"minecraft:wooden_pickaxe":1},"minecraft:picked_up":{"minecraft:crafting_table":3,"minecraft:wheat":11,"minecraft:azure_bluet":6,"valarian_conquest:valarian_battle_axe":1,"minecraft:smithing_table":1,"minecraft:oak_stairs":1,"minecraft:wither_rose":2,"gravestone:obituary":2,"minecraft:shield":1,"darkestsouls:beast_blood_clump":12,"minecraft:oak_trapdoor":2,"minecraft:iron_axe":1,"minecraft:cooked_salmon":3,"minecraft:glass_pane":7,"minecraft:beetroot":1,"minecraft:oak_boat":6,"minecraft:cobblestone_slab":3,"minecraft:iron_nugget":4,"minecraft:iron_pickaxe":1,"minecraft:furnace":1,"minecraft:blue_wool":10,"minecraft:raw_iron":10,"darkestsouls:soul_fragment":6,"minecraft:oak_door":1,"minecraft:composter":5,"minecraft:torch":2,"minecraft:porkchop":2,"minecraft:diorite":2,"minecraft:carrot":8,"minecraft:arrow":2,"minecraft:orange_bed":9,"minecraft:rotten_flesh":2,"minecraft:beetroot_seeds":4,"minecraft:hay_block":9,"minecraft:cobblestone":261,"alexsmobs:lobster_tail":1,"minecraft:stripped_oak_log":1,"minecraft:feather":2,"knighys_additions:nerium":1,"minecraft:potato":35,"minecraft:filled_map":1,"minecraft:oak_log":37,"minecraft:yellow_bed":1,"minecraft:dirt":378,"minecraft:blue_bed":5,"minecraft:bone":2,"chiselsandbits:chiseled_block":3,"minecraft:wheat_seeds":25,"arphex:burning_glands":1,"darkestsouls:blood_stone_fragment":2,"minecraft:oak_planks":4,"minecraft:stone_hoe":1,"world:crystal_10":1,"minecraft:cooked_porkchop":3,"world:crystal_9":1,"minecraft:gravel":3,"minecraft:sand":723,"minecraft:blast_furnace":1,"minecraft:white_bed":3,"minecraft:fermented_spider_eye":1,"minecraft:orange_wool":12,"world:oak":19,"minecraft:oak_wood":71,"minecraft:spruce_boat":2,"darkestsouls:small_soul_fragment":2,"minecraft:coal":62,"darkestsouls:throwing_knife":6},"minecraft:killed":{"darkestsouls:ashen_blood_beast_patient":1,"alexsmobs:seagull":1,"world:dryad":3,"valarian_conquest:valarian_ranger":1,"minecraft:skeleton":2,"darkestsouls:hollow_broken_straightsword":1,"arphex:hornet_harbinger":1,"valarian_conquest:valarian_archer":1,"darkestsouls:beast_patient":5,"darkestsouls:church_doctor_lantern":3,"arphex:ant_arsonist":2,"darkestsouls:hollow_longsword":1,"darkestsouls:hollow_assassin":5,"world:goblin":3,"arphex:spider_larvae_tiny":1,"minecraft:pig":2,"darkestsouls:gravetender_hollow_broken_straightsword":1,"arphex:centipede_evictor_larvae":1,"minecraft:zombie":4,"darkestsouls:cloaked_beast_patient":6,"apollyon:the_damned":1},"minecraft:used":{"minecraft:oak_trapdoor":4,"minecraft:beetroot":1,"chiselsandbits:chiseled_block":3,"minecraft:stone_shovel":1048,"knighys_additions:nerium":1,"minecraft:shield":4,"minecraft:cooked_salmon":3,"minecraft:stone_hoe":19,"minecraft:oak_door":4,"minecraft:orange_bed":10,"minecraft:torch":36,"minecraft:dirt":357,"minecraft:azure_bluet":5,"minecraft:spruce_boat":2,"minecraft:glass":72,"alexsmobs:lobster_tail":1,"minecraft:iron_axe":131,"minecraft:oak_stairs":1,"world:oak":19,"minecraft:cooked_cod":4,"minecraft:potato":35,"minecraft:water_bucket":6,"minecraft:diorite":2,"minecraft:stone_pickaxe":108,"minecraft:oak_planks":3,"minecraft:wooden_pickaxe":3,"minecraft:composter":5,"minecraft:cobblestone_slab":8,"minecraft:blue_bed":8,"minecraft:crafting_table":4,"minecraft:blast_furnace":1,"minecraft:white_bed":3,"minecraft:oak_log":1,"minecraft:bread":19,"minecraft:iron_pickaxe":233,"minecraft:gravel":3,"minecraft:stone_axe":180,"minecraft:cobblestone":1,"minecraft:cooked_porkchop":3,"minecraft:bucket":7,"alexsmobs:animal_dictionary":1,"minecraft:oak_boat":8,"minecraft:bone_meal":6}},"DataVersion":3465}