{"stats":{"minecraft:mined":{"minecraft:oak_door":1,"minecraft:oak_log":9,"minecraft:oak_wood":71,"minecraft:grass_block":4,"minecraft:coal_ore":12,"minecraft:dirt":43,"minecraft:stripped_oak_log":1,"world:oak":19,"minecraft:stone":88,"minecraft:oak_leaves":3},"minecraft:crafted":{"minecraft:oak_door":3,"minecraft:oak_planks":56,"minecraft:stone_shovel":2,"minecraft:crafting_table":1,"minecraft:stick":28,"minecraft:iron_ingot":1,"minecraft:wooden_pickaxe":1,"minecraft:stone_pickaxe":2,"minecraft:stone":2,"minecraft:torch":48,"minecraft:stone_axe":2,"minecraft:air":0,"chiselsandbits:chisel_stone":2},"minecraft:custom":{"minecraft:time_since_rest":17700,"minecraft:interact_with_furnace":8,"minecraft:sprint_one_cm":1647,"minecraft:walk_one_cm":51692,"minecraft:drop":8,"minecraft:interact_with_crafting_table":10,"minecraft:fly_one_cm":1558,"minecraft:crouch_one_cm":752,"minecraft:play_time":17700,"minecraft:sneak_time":398,"minecraft:jump":152,"minecraft:time_since_death":17700,"minecraft:total_world_time":17700,"minecraft:fall_one_cm":209},"minecraft:dropped":{"minecraft:iron_ingot":1,"minecraft:stone_axe":1,"minecraft:torch":23,"minecraft:stone_shovel":1,"minecraft:oak_planks":29,"minecraft:stone_pickaxe":1,"minecraft:wooden_pickaxe":1,"chiselsandbits:chisel_stone":1},"minecraft:picked_up":{"minecraft:stripped_oak_log":1,"minecraft:oak_door":1,"minecraft:oak_log":9,"minecraft:dirt":47,"world:oak":19,"minecraft:oak_wood":71,"minecraft:coal":12,"minecraft:cobblestone":88},"minecraft:used":{"minecraft:oak_log":1,"minecraft:stone_shovel":11,"minecraft:stone_pickaxe":99,"minecraft:wooden_pickaxe":3,"minecraft:stone_axe":92,"minecraft:torch":2,"minecraft:oak_door":4,"world:oak":19,"minecraft:dirt":9,"minecraft:crafting_table":1,"alexsmobs:animal_dictionary":1}},"DataVersion":3465}