{"stats":{"minecraft:crafted":{"minecraft:lever":1,"minecraft:cooked_mutton":2,"minecraft:wooden_shovel":1,"minecraft:acacia_slab":102,"farmersdelight:flint_knife":1,"minecraft:copper_ingot":32,"minecraft:campfire":1,"minecraft:iron_pickaxe":4,"minecraft:acacia_door":3,"minecraft:gold_ingot":5,"call_of_yucutan:wooden_tecpatl":2,"minecraft:stone_shovel":2,"darkestsouls:bewitched_branch":6,"call_of_yucutan:flint_spear":1,"minecraft:stone_pickaxe":3,"minecraft:dried_kelp":3,"minecraft:acacia_trapdoor":6,"minecraft:blue_bed":1,"supplementaries:timber_cross_brace":1,"sophisticatedbackpacks:gold_backpack":2,"darkestsouls:soul_fragment":2,"minecraft:wooden_axe":1,"minecraft:iron_leggings":1,"farmersdelight:oak_cabinet":1,"minecraft:oak_planks":324,"minecraft:cobblestone_slab":132,"farmersdelight:safety_net":1,"minecraft:iron_boots":1,"minecraft:chest":11,"minecraft:stone_hoe":1,"chiselsandbits:chisel_stone":2,"minecraft:oak_slab":24,"sophisticatedbackpacks:backpack":1,"minecraft:crafting_table":4,"minecraft:spruce_planks":40,"minecraft:wooden_pickaxe":1,"darkestsouls:sorcerer_staff_a":2,"minecraft:birch_planks":24,"farmersdelight:skillet":1,"farmersdelight:cutting_board":1,"minecraft:iron_chestplate":1,"minecraft:shield":2,"minecraft:stick":120,"minecraft:iron_ingot":27,"minecraft:oak_door":3,"minecraft:furnace":4,"minecraft:oak_trapdoor":2,"minecraft:iron_axe":1,"minecraft:cooked_beef":1,"supplementaries:item_shelf":4,"darkestsouls:small_soul_fragment":45,"minecraft:cooked_salmon":17,"minecraft:bucket":1,"minecraft:stone_axe":2,"minecraft:bread":6,"minecraft:acacia_boat":1,"minecraft:air":0,"minecraft:jungle_planks":36,"minecraft:oak_boat":2,"minecraft:acacia_planks":84,"minecraft:orange_bed":2,"minecraft:torch":120},"minecraft:picked_up":{"call_of_yucutan:wooden_tecpatl":2,"minecraft:seagrass":3,"minecraft:iron_chestplate":2,"minecraft:suspicious_stew":1,"choups_drakvyrn_mod:intact_geode":1,"darkestsouls:beast_blood_clump":17,"farmersdelight:cutting_board":1,"minecraft:string":25,"minecraft:cooked_salmon":21,"minecraft:explorer_pottery_sherd":2,"minecraft:pufferfish":7,"minecraft:cobbled_deepslate":227,"minecraft:spruce_planks":3,"knighys_additions:odd_silk":6,"minecraft:melon_slice":157,"the_pillager_legion_:legion_armor_helmet":17,"minecraft:jukebox":1,"minecraft:green_bed":2,"minecraft:acacia_log":21,"call_of_yucutan:red_limestone":9,"minecraft:orange_bed":15,"valarian_conquest:mercenary_spawn_block":1,"minecraft:light_gray_bed":1,"the_pillager_legion_:legion_stone":4,"choups_drakvyrn_mod:draklet_tooth":3,"farmersdelight:oak_cabinet":1,"call_of_yucutan:mossy_red_limestone":2,"supplementaries:ash":1,"minecraft:birch_log":12,"minecraft:magma_block":2,"farmersdelight:rice":6,"minecraft:feather":9,"minecraft:cooked_beef":20,"the_pillager_legion_:legion_sword_tpl":14,"call_of_yucutan:chiseled_red_limestone":1,"knighys_additions:nerium":4,"minecraft:jungle_log":9,"farmersdelight:safety_net":2,"minecraft:flint":5,"farmersdelight:tomato":6,"minecraft:chipped_anvil":3,"chiselsandbits:chiseled_block":3,"minecraft:dark_oak_sign":2,"minecraft:moss_block":2,"choups_drakvyrn_mod:brown_draklet_scute":9,"call_of_yucutan:polished_red_limestone_stairs":1,"minecraft:stripped_spruce_log":10,"sophisticatedbackpacks:iron_backpack":8,"minecraft:dark_oak_log":1,"world:oak":27,"call_of_yucutan:red_limestone_slab":1,"minecraft:lever":2,"minecraft:granite":8,"minecraft:bread":9,"minecraft:plenty_pottery_sherd":2,"sophisticatedbackpacks:gold_backpack":3,"minecraft:crafting_table":16,"minecraft:clay_ball":16,"gravestone:obituary":34,"darkestsouls:sorcerer_staff_a":2,"the_pillager_legion_:legion_stairs_deep":17,"minecraft:beef":24,"minecraft:iron_nugget":4,"minecraft:spruce_slab":2,"minecraft:chest":7,"minecraft:egg":1,"minecraft:sandstone":15,"darkestsouls:soul_fragment":31,"minecraft:oak_door":1,"sophisticatedbackpacks:backpack":1,"minecraft:spruce_fence":4,"minecraft:skull_pottery_sherd":2,"minecraft:carrot":7,"minecraft:redstone":8,"minecraft:tnt":7,"minecraft:cooked_cod":5,"minecraft:decorated_pot":2,"minecraft:deepslate_bricks":19,"the_pillager_legion_:legion_disc_blocky_world":3,"minecraft:gold_ingot":11,"minecraft:glow_berries":5,"minecraft:mutton":8,"minecraft:white_wool":6,"minecraft:rail":32,"minecraft:heartbreak_pottery_sherd":2,"call_of_yucutan:flint_spear":1,"minecraft:filled_map":3,"minecraft:oak_log":49,"darkestsouls:firebomb":1,"farmersdelight:skillet":1,"farmersdelight:flint_knife":1,"minecraft:blue_bed":3,"minecraft:paper":7,"valarian_conquest:mercenary_shield":1,"call_of_yucutan:polished_ritual_rock":3,"minecraft:apple":3,"minecraft:kelp":34,"minecraft:stone_pickaxe":13,"the_pillager_legion_:legion_cut_deep_3":69,"minecraft:blade_pottery_sherd":2,"darkestsouls:blood_stone_fragment":12,"minecraft:arms_up_pottery_sherd":2,"minecraft:gravel":64,"the_pillager_legion_:legion_axe_tpl":8,"darkestsouls:broken_straightsword":1,"minecraft:oak_wood":230,"minecraft:diamond_shovel":1,"minecraft:stone_axe":15,"minecraft:wheat":1,"minecraft:potion":3,"minecraft:raw_copper":73,"minecraft:armor_stand":1,"darkestsouls:rune_fragment":51,"minecraft:bucket":1,"minecraft:cobblestone_slab":190,"minecraft:iron_pickaxe":1,"minecraft:iron_boots":1,"minecraft:furnace":3,"minecraft:blue_wool":5,"minecraft:stick":16,"call_of_yucutan:mossy_limestone_tiles":2,"minecraft:oak_fence":1,"minecraft:torch":9,"minecraft:diorite":38,"knighys_additions:stick_grip":1,"supplementaries:flax":1,"darkestsouls:beast_eye":1,"minecraft:rotten_flesh":35,"darkestsouls:titanite_fragment":21,"minecraft:cod":10,"minecraft:cobblestone":777,"minecraft:pink_petals":5,"knighys_additions:lightning_ball":1,"minecraft:andesite":61,"minecraft:orange_carpet":2,"minecraft:black_bed":4,"minecraft:potato":6,"minecraft:tuff":2,"call_of_yucutan:ritual_rock_pillar":2,"supplementaries:flax_seeds":2,"call_of_yucutan:mossy_ritual_rocks":1,"minecraft:acacia_boat":1,"minecraft:lapis_lazuli":50,"minecraft:dirt":568,"minecraft:leather_boots":1,"minecraft:bone":33,"minecraft:acacia_planks":55,"minecraft:bow":2,"minecraft:wheat_seeds":40,"call_of_yucutan:golden_torch":15,"minecraft:raw_gold":30,"minecraft:bamboo":90,"minecraft:oak_planks":13,"darkestsouls:bone_fragment":2,"minecraft:ghast_tear":1,"minecraft:cooked_porkchop":6,"minecraft:poisonous_potato":4,"minecraft:sand":252,"call_of_yucutan:red_limestone_pressure_plate":3,"minecraft:orange_wool":8,"call_of_yucutan:elder_bone":43,"call_of_yucutan:ancient_gold":12,"minecraft:sugar":1,"minecraft:light_blue_terracotta":2,"minecraft:diamond":1,"minecraft:golden_apple":3,"minecraft:emerald":39,"minecraft:oak_sapling":5,"minecraft:chicken":1,"minecraft:wooden_pickaxe":5,"minecraft:diamond_horse_armor":2,"call_of_yucutan:ancient_gold_pillar":5,"minecraft:brick":17,"minecraft:shield":16,"minecraft:oak_trapdoor":8,"supplementaries:timber_cross_brace":2,"minecraft:oak_boat":21,"minecraft:light_gray_wool":2,"minecraft:spruce_trapdoor":4,"call_of_yucutan:polished_red_limestone":7,"minecraft:raw_iron":109,"minecraft:copper_ingot":26,"minecraft:bowl":1,"valarian_conquest:spikes":20,"minecraft:arrow":25,"the_pillager_legion_:legion_disc_blocky_marsh":1,"the_pillager_legion_:legion_armor_boots":20,"valarian_conquest:valarian_spear":14,"minecraft:saddle":4,"alexsmobs:ghostly_pickaxe":3,"the_pillager_legion_:legion_cut_deep_2":1,"minecraft:salmon":22,"minecraft:leather":19,"minecraft:birch_planks":4,"call_of_yucutan:ritual_rocks":2,"minecraft:gunpowder":20,"minecraft:cooked_mutton":4,"minecraft:coast_armor_trim_smithing_template":2,"minecraft:gray_carpet":3,"minecraft:iron_ingot":8,"minecraft:heart_of_the_sea":3,"arphex:burning_glands":2,"the_pillager_legion_:legion_deep":13,"minecraft:acacia_sapling":1,"world:crystal_10":4,"minecraft:oak_slab":9,"minecraft:dandelion":1,"minecraft:white_bed":13,"call_of_yucutan:red_limestone_tiles":30,"minecraft:spider_eye":14,"arphex:fly_appendage":2,"choups_drakvyrn_mod:draklet_horn":3,"darkestsouls:small_soul_fragment":20,"minecraft:acacia_slab":5,"minecraft:coal":162,"darkestsouls:throwing_knife":3,"minecraft:wooden_axe":1},"minecraft:used":{"chiselsandbits:chiseled_block":3,"minecraft:spruce_slab":1,"farmersdelight:cabbage_seeds":2,"knighys_additions:nerium":1,"minecraft:chest":16,"minecraft:orange_wool":2,"minecraft:lava_bucket":1,"minecraft:furnace":6,"minecraft:cooked_cod":5,"minecraft:egg":1,"minecraft:potato":6,"minecraft:diorite":20,"minecraft:acacia_trapdoor":6,"minecraft:wooden_pickaxe":12,"minecraft:glow_berries":10,"minecraft:sand":23,"the_pillager_legion_:legion_cut_deep_3":13,"call_of_yucutan:polished_ritual_rock":2,"supplementaries:flax_seeds":4,"minecraft:oak_boat":20,"minecraft:oak_trapdoor":8,"minecraft:armor_stand":1,"call_of_yucutan:ancient_gold":3,"minecraft:cooked_salmon":15,"minecraft:orange_bed":13,"minecraft:stick":3,"minecraft:torch":55,"choups_drakvyrn_mod:intact_geode":1,"call_of_yucutan:red_limestone_pressure_plate":2,"call_of_yucutan:red_limestone_tiles":16,"farmersdelight:oak_cabinet":2,"minecraft:iron_axe":3,"alexsmobs:ghostly_pickaxe":140,"world:oak":17,"valarian_conquest:mercenary_spawn_block":1,"farmersdelight:tomato_seeds":12,"minecraft:cobbled_deepslate":7,"sophisticatedbackpacks:gold_backpack":4,"minecraft:wheat_seeds":7,"minecraft:water_bucket":48,"minecraft:deepslate_bricks":9,"minecraft:orange_carpet":2,"minecraft:rail":2,"minecraft:oak_slab":10,"minecraft:crafting_table":16,"the_pillager_legion_:legion_sword_tpl":1,"minecraft:campfire":1,"minecraft:white_bed":11,"call_of_yucutan:ritual_rock_pillar":2,"minecraft:diamond_shovel":1,"minecraft:iron_pickaxe":750,"minecraft:spruce_trapdoor":2,"minecraft:cobblestone":313,"minecraft:cooked_porkchop":12,"minecraft:kelp":6,"minecraft:dandelion":1,"minecraft:jukebox":1,"minecraft:decorated_pot":2,"minecraft:shield":74,"minecraft:iron_chestplate":3,"call_of_yucutan:polished_red_limestone":2,"minecraft:carrot":7,"call_of_yucutan:wooden_tecpatl":32,"minecraft:diamond_horse_armor":1,"valarian_conquest:spikes":8,"minecraft:golden_sword":8,"farmersdelight:cutting_board":2,"minecraft:magma_block":1,"farmersdelight:safety_net":3,"the_pillager_legion_:legion_armor_boots":1,"minecraft:dark_oak_sign":2,"minecraft:gray_carpet":2,"minecraft:stone_pickaxe":676,"minecraft:oak_planks":61,"minecraft:sandstone":7,"minecraft:blue_bed":3,"the_pillager_legion_:legion_axe_tpl":225,"minecraft:black_bed":4,"minecraft:lever":1,"sophisticatedbackpacks:backpack":1,"minecraft:acacia_door":2,"minecraft:bread":22,"minecraft:melon_slice":115,"minecraft:gravel":55,"minecraft:golden_horse_armor":1,"supplementaries:timber_cross_brace":2,"minecraft:andesite":24,"minecraft:oak_fence":1,"sophisticatedbackpacks:iron_backpack":7,"call_of_yucutan:flint_spear":3,"minecraft:stone_shovel":131,"minecraft:dried_kelp":3,"minecraft:spruce_planks":2,"minecraft:wooden_shovel":32,"minecraft:stone_hoe":39,"minecraft:oak_door":2,"minecraft:dirt":362,"minecraft:spyglass":4,"minecraft:oak_wood":6,"minecraft:granite":4,"supplementaries:item_shelf":4,"call_of_yucutan:mossy_red_limestone":2,"minecraft:wooden_axe":16,"minecraft:acacia_slab":105,"minecraft:iron_boots":2,"the_pillager_legion_:legion_cut_deep_2":1,"the_pillager_legion_:legion_deep":8,"call_of_yucutan:red_limestone":7,"minecraft:cooked_beef":13,"minecraft:iron_leggings":1,"minecraft:cooked_mutton":2,"minecraft:acacia_boat":2,"farmersdelight:skillet":1,"the_pillager_legion_:legion_disc_blocky_world":1,"minecraft:green_bed":2,"minecraft:cobblestone_slab":10,"minecraft:painting":2,"minecraft:command_block":1,"minecraft:stone_axe":130,"minecraft:pink_petals":5,"minecraft:fishing_rod":19,"minecraft:bucket":50,"alexsmobs:animal_dictionary":3},"minecraft:mined":{"call_of_yucutan:mossy_ritual_rocks":1,"minecraft:white_bed":12,"call_of_yucutan:polished_red_limestone_slab":2,"minecraft:jungle_leaves":46,"minecraft:granite":14,"minecraft:acacia_log":21,"call_of_yucutan:golden_torch_wall":5,"minecraft:jungle_log":9,"minecraft:light_gray_bed":1,"minecraft:deepslate_bricks":19,"minecraft:blue_wool":3,"minecraft:spawner":10,"minecraft:tall_seagrass":2,"minecraft:magma_block":2,"minecraft:cobbled_deepslate":5,"minecraft:fire":7,"world:pfb_2":2,"call_of_yucutan:mossy_red_limestone":2,"minecraft:orange_bed":15,"minecraft:kelp_plant":3,"supplementaries:timber_cross_brace":2,"minecraft:torch":2,"the_pillager_legion_:legion_deep":16,"minecraft:melon":29,"call_of_yucutan:polished_red_limestone":7,"minecraft:jukebox":1,"minecraft:black_bed":4,"the_pillager_legion_:legion_cut_deep_2":1,"minecraft:grass":193,"minecraft:deepslate":204,"knighys_additions:nerium":3,"knighys_additions:colostula_web":1,"world:rootssmall_1":1,"minecraft:dark_oak_log":1,"call_of_yucutan:overgrown_chest":1,"minecraft:spruce_fence":3,"the_pillager_legion_:legion_cut_deep_3":16,"minecraft:kelp":1,"minecraft:redstone_ore":1,"supplementaries:flax":1,"minecraft:andesite":34,"call_of_yucutan:ancient_gold_pillar":3,"minecraft:cobblestone_slab":4,"minecraft:vine":1,"minecraft:rail":25,"minecraft:bamboo":7,"world:leavesoak":2,"call_of_yucutan:red_limestone_tiles":27,"minecraft:tall_grass":19,"minecraft:copper_ore":20,"minecraft:deepslate_gold_ore":13,"minecraft:diorite":41,"minecraft:orange_carpet":2,"call_of_yucutan:red_limestone_pressure_plate":2,"minecraft:birch_leaves":1,"minecraft:gravel":69,"minecraft:chipped_anvil":3,"minecraft:gold_ore":11,"minecraft:fern":16,"minecraft:spruce_planks":2,"minecraft:orange_wool":10,"minecraft:spruce_trapdoor":2,"minecraft:grass_block":104,"sophisticatedbackpacks:iron_backpack":5,"world:oak":22,"call_of_yucutan:red_limestone_slab":1,"minecraft:iron_ore":71,"supplementaries:stick":3,"minecraft:spruce_slab":2,"minecraft:green_bed":2,"call_of_yucutan:golden_torch_ground":3,"minecraft:deepslate_redstone_ore":1,"minecraft:clay":4,"minecraft:chest":7,"farmersdelight:safety_net":2,"minecraft:cobblestone":69,"minecraft:oak_planks":3,"call_of_yucutan:mystic_vine_block":7,"minecraft:wall_torch":3,"minecraft:pink_petals":2,"minecraft:seagrass":1,"minecraft:light_blue_terracotta":2,"minecraft:birch_log":9,"call_of_yucutan:red_limestone":6,"minecraft:light_gray_wool":2,"call_of_yucutan:ritual_rocks":2,"minecraft:oak_log":45,"minecraft:sand":165,"minecraft:dirt":233,"minecraft:oak_leaves":44,"minecraft:deepslate_diamond_ore":3,"minecraft:oak_door":1,"gravestone:gravestone":104,"minecraft:lever":1,"minecraft:decorated_pot":9,"call_of_yucutan:chiseled_red_limestone":1,"valarian_conquest:spikes":24,"minecraft:acacia_slab":2,"minecraft:sandstone":12,"minecraft:oak_trapdoor":7,"minecraft:furnace":2,"minecraft:stripped_spruce_log":11,"minecraft:deepslate_iron_ore":30,"call_of_yucutan:polished_ritual_rock":3,"minecraft:stone":708,"call_of_yucutan:ancient_gold":8,"world:plantforestbig_2":1,"the_pillager_legion_:legion_stone":2,"minecraft:oak_fence":1,"minecraft:crafting_table":15,"minecraft:oak_wood":226,"farmersdelight:oak_cabinet":1,"minecraft:blue_bed":1,"minecraft:coal_ore":141,"minecraft:end_rod":1,"call_of_yucutan:ritual_rock_pillar":2,"minecraft:gray_carpet":2},"minecraft:custom":{"minecraft:interact_with_crafting_table":101,"minecraft:open_barrel":10,"minecraft:leave_game":26,"minecraft:time_since_death":12142,"minecraft:damage_blocked_by_shield":3514,"minecraft:play_time":900579,"minecraft:deaths":139,"minecraft:jump":8330,"minecraft:interact_with_furnace":93,"minecraft:play_record":1,"minecraft:interact_with_cartography_table":1,"minecraft:sleep_in_bed":30,"minecraft:damage_dealt":105610,"minecraft:inspect_dispenser":2,"minecraft:horse_one_cm":359917,"minecraft:interact_with_smithing_table":3,"minecraft:interact_with_anvil":4,"minecraft:damage_dealt_absorbed":1601,"minecraft:sneak_time":56064,"minecraft:interact_with_blast_furnace":1,"minecraft:total_world_time":900579,"minecraft:time_since_rest":12170,"minecraft:swim_one_cm":587501,"minecraft:fly_one_cm":1590295,"minecraft:open_chest":296,"minecraft:fish_caught":15,"minecraft:fall_one_cm":207976,"minecraft:sprint_one_cm":1214583,"minecraft:drop":966,"minecraft:talked_to_villager":3,"minecraft:walk_on_water_one_cm":168060,"minecraft:interact_with_loom":2,"minecraft:player_kills":9,"minecraft:crouch_one_cm":71378,"minecraft:mob_kills":499,"minecraft:interact_with_campfire":39,"minecraft:damage_dealt_resisted":15,"minecraft:climb_one_cm":18078,"minecraft:walk_one_cm":1750825,"minecraft:walk_under_water_one_cm":286108,"minecraft:boat_one_cm":1214885,"minecraft:interact_with_grindstone":1,"minecraft:damage_taken":10242229},"minecraft:killed":{"darkestsouls:gravetender_hollow_longsword":2,"minecraft:cave_spider":5,"darkestsouls:ashen_blood_beast_patient":1,"knighys_additions:stuffed_faceless":2,"minecraft:skeleton":10,"minecraft:chicken":2,"arphex:spider_lurker":1,"valarian_conquest:valarian_archer":2,"arphex:ant_arsonist":2,"alexsmobs:skelewag":1,"valarian_conquest:valarian_scout":1,"arphex:spider_larvae_tiny":3,"minecraft:salmon":21,"bwrtherain:spider_skull":5,"darkestsouls:gravetender_hollow_broken_straightsword":5,"call_of_yucutan:undead_warrior":14,"darkestsouls:skeleton_spear":8,"minecraft:zombie":18,"arphex:spider_larvae":1,"minecraft:cow":9,"darkestsouls:church_doctor":4,"darkestsouls:hollow_broken_straightsword":11,"alexsmobs:underminer":1,"the_pillager_legion_:infantryman_tpl":95,"alexsmobs:hummingbird":2,"darkestsouls:bonewheel":2,"darkestsouls:skeleton_curved_swords":7,"minecraft:spider":9,"darkestsouls:church_doctor_scythe":2,"knighys_additions:spook":1,"darkestsouls:leech":18,"world:dryad":9,"darkestsouls:church_doctor_pistol":3,"darkestsouls:beast_patient":10,"darkestsouls:hollow_longsword":5,"darkestsouls:hollow_assassin":7,"knighys_additions:cocoon":2,"minecraft:creeper":9,"minecraft:sheep":5,"gravestone:player_ghost":2,"darkestsouls:hollow_axe":9,"arphex:moth_moonchaser":2,"choups_drakvyrn_mod:brown_draklet":2,"darkestsouls:skeleton_falchion":9,"minecraft:drowned":12,"world:goblin":4,"valarian_conquest:mercenary":1,"minecraft:bat":1,"knighys_additions:colostula":1,"knighys_additions:distorted_stuffed_faceless":2,"knighys_additions:raggy":1,"the_pillager_legion_:veteran_infantryman_tpl":106,"darkestsouls:cloaked_beast_patient":16},"minecraft:dropped":{"sophisticatedbackpacks:iron_backpack":1,"call_of_yucutan:elder_bone":37,"minecraft:lapis_lazuli":11,"minecraft:diamond":2,"minecraft:crafting_table":1,"minecraft:cooked_porkchop":6,"minecraft:emerald":40,"sophisticatedbackpacks:gold_backpack":4,"minecraft:sand":12,"call_of_yucutan:red_limestone":2,"minecraft:white_wool":4,"minecraft:blue_bed":1,"minecraft:bone":2,"darkestsouls:blood_stone_fragment":7,"minecraft:stone_axe":1,"minecraft:lever":2,"minecraft:iron_nugget":3,"darkestsouls:titanite_fragment":11,"minecraft:cobbled_deepslate":13,"choups_drakvyrn_mod:draklet_horn":2,"minecraft:wheat":8,"minecraft:blue_wool":2,"minecraft:rotten_flesh":7,"minecraft:oak_planks":5,"knighys_additions:nerium":3,"minecraft:white_bed":2,"call_of_yucutan:mossy_limestone_tiles":2,"minecraft:leather_boots":1,"the_pillager_legion_:legion_cut_deep_3":36,"minecraft:acacia_sapling":1,"the_pillager_legion_:legion_deep":3,"minecraft:arms_up_pottery_sherd":2,"minecraft:painting":1,"call_of_yucutan:ancient_gold_pillar":5,"minecraft:spruce_slab":1,"minecraft:beef":23,"darkestsouls:sorcerer_staff_a":1,"world:crystal_10":4,"darkestsouls:soul_fragment":9,"minecraft:iron_ingot":3,"the_pillager_legion_:legion_armor_helmet":5,"darkestsouls:rune_fragment":26,"minecraft:wheat_seeds":9,"farmersdelight:skillet":1,"minecraft:feather":5,"minecraft:prismarine_crystals":3,"minecraft:book":9,"minecraft:apple":2,"minecraft:explorer_pottery_sherd":2,"call_of_yucutan:polished_red_limestone_stairs":1,"minecraft:coal":71,"minecraft:golden_apple":2,"minecraft:pufferfish":6,"minecraft:diamond_horse_armor":1,"darkestsouls:broken_straightsword":1,"call_of_yucutan:polished_ritual_rock":1,"minecraft:potion":2,"minecraft:heart_of_the_sea":1,"alexsmobs:ghostly_pickaxe":2,"minecraft:chipped_anvil":3,"minecraft:paper":24,"minecraft:string":4,"minecraft:gray_carpet":1,"minecraft:skull_pottery_sherd":2,"minecraft:bowl":1,"minecraft:stone_shovel":1,"the_pillager_legion_:legion_disc_blocky_world":2,"sophisticatedbackpacks:backpack":1,"minecraft:name_tag":1,"minecraft:spruce_fence":1,"call_of_yucutan:chiseled_red_limestone":1,"call_of_yucutan:flint_spear":1,"minecraft:cobblestone_slab":188,"minecraft:spruce_trapdoor":2,"choups_drakvyrn_mod:draklet_tooth":3,"the_pillager_legion_:legion_axe_tpl":4,"minecraft:spider_eye":5,"minecraft:sandstone":3,"arphex:fly_appendage":1,"minecraft:moss_block":2,"call_of_yucutan:polished_red_limestone":5,"minecraft:leather":8,"valarian_conquest:spikes":2,"minecraft:cod":1,"valarian_conquest:mercenary_spawn_block":2,"minecraft:mutton":5,"minecraft:coast_armor_trim_smithing_template":2,"minecraft:seagrass":3,"minecraft:cooked_cod":5,"the_pillager_legion_:legion_sword_tpl":4,"gravestone:obituary":116,"minecraft:acacia_door":1,"minecraft:gold_ingot":5,"minecraft:cooked_mutton":17,"darkestsouls:beast_blood_clump":2,"minecraft:gunpowder":11,"minecraft:blade_pottery_sherd":2,"minecraft:acacia_slab":2,"minecraft:chest":1,"minecraft:arrow":16,"call_of_yucutan:ritual_rocks":2,"the_pillager_legion_:legion_armor_boots":5,"minecraft:bread":26,"minecraft:oak_slab":6,"call_of_yucutan:mossy_ritual_rocks":1,"minecraft:plenty_pottery_sherd":2,"darkestsouls:firebomb":1,"valarian_conquest:mercenary_sword":4,"minecraft:copper_ingot":26,"call_of_yucutan:red_limestone_slab":1,"minecraft:diorite":1,"minecraft:torch":20,"minecraft:melon_slice":31,"valarian_conquest:command_wand":1,"minecraft:orange_bed":1,"call_of_yucutan:red_limestone_pressure_plate":1,"minecraft:raw_copper":15,"call_of_yucutan:ancient_gold":9,"valarian_conquest:valarian_spear":2,"minecraft:raw_iron":10,"call_of_yucutan:golden_torch":6,"darkestsouls:throwing_knife":2,"chiselsandbits:chisel_stone":2,"minecraft:deepslate_bricks":3,"minecraft:filled_map":6,"minecraft:shield":6,"minecraft:iron_chestplate":1,"minecraft:andesite":18,"minecraft:light_gray_bed":1,"minecraft:oak_boat":2,"choups_drakvyrn_mod:brown_draklet_scute":8,"knighys_additions:stick_grip":1,"minecraft:stone_pickaxe":2,"minecraft:wooden_pickaxe":4,"minecraft:raw_gold":6,"minecraft:light_blue_terracotta":2,"darkestsouls:beast_eye":1,"minecraft:heartbreak_pottery_sherd":2,"minecraft:brick":17},"minecraft:broken":{"minecraft:iron_boots":1,"minecraft:shield":2,"minecraft:iron_pickaxe":3,"minecraft:stone_pickaxe":4,"minecraft:stone_shovel":1},"minecraft:killed_by":{"arphex:spider_lurker":2,"minecraft:zombie":1,"darkestsouls:church_doctor_scythe":1,"call_of_yucutan:kukulkan":6,"darkestsouls:ashen_blood_beast_patient":1,"darkestsouls:hollow_assassin":1,"darkestsouls:beast_patient":4,"darkestsouls:cloaked_beast_patient":11,"knighys_additions:colostula":1,"minecraft:drowned":9,"darkestsouls:skeleton_spear":1,"bwrtherain:vapor":1,"darkestsouls:leech":29,"valarian_conquest:mercenary":2,"the_pillager_legion_:veteran_infantryman_tpl":4,"world:dryad":1,"choups_drakvyrn_mod:drave":1,"knighys_additions:schiper":1,"darkestsouls:skeleton_falchion":1,"knighys_additions:pritour":5,"call_of_yucutan:undead_warrior":3,"minecraft:player":4,"darkestsouls:skeleton_swordsman_twin_shotels":4,"darkestsouls:skeleton_curved_swords":2,"valarian_conquest:valarian_archer":1,"apollyon:the_damned":2,"minecraft:skeleton":3}},"DataVersion":3465}