{"stats":{"minecraft:broken":{"minecraft:iron_axe":2,"minecraft:stone_axe":2,"minecraft:iron_pickaxe":3,"minecraft:stone_shovel":8},"minecraft:mined":{"knighys_additions:nerium":1,"farmersdelight:rich_soil":9,"minecraft:white_bed":4,"minecraft:farmland":9,"minecraft:oak_door":1,"minecraft:orange_wool":12,"gravestone:gravestone":10,"minecraft:grass_block":156,"world:oak":19,"minecraft:spruce_leaves":2,"minecraft:blue_wool":10,"minecraft:composter":5,"minecraft:hay_block":8,"minecraft:oak_trapdoor":2,"minecraft:furnace":1,"minecraft:carrots":14,"minecraft:fire":2,"minecraft:barrel":11,"minecraft:iron_ore":21,"minecraft:fletching_table":11,"minecraft:azure_bluet":1,"minecraft:bell":2,"minecraft:cobblestone_slab":9,"minecraft:potatoes":93,"minecraft:dirt_path":15,"minecraft:oak_stairs":1,"minecraft:stripped_oak_log":1,"minecraft:stone":699,"minecraft:orange_bed":10,"minecraft:smithing_table":1,"minecraft:glass_pane":8,"minecraft:crafting_table":3,"minecraft:torch":1,"minecraft:blast_furnace":3,"minecraft:oak_wood":765,"minecraft:tall_grass":3,"minecraft:glass":1,"minecraft:cobblestone":21,"minecraft:oak_planks":4,"minecraft:wall_torch":3,"minecraft:diorite":3,"minecraft:blue_bed":8,"farmersdelight:wild_beetroots":1,"world:pfb":1,"minecraft:wheat":58,"minecraft:white_carpet":3,"minecraft:yellow_bed":2,"minecraft:grass":30,"minecraft:oak_log":134,"minecraft:coal_ore":200,"minecraft:beetroots":3,"minecraft:sand":724,"minecraft:end_rod":1,"minecraft:dirt":346,"minecraft:gravel":46,"minecraft:tripwire_hook":1,"minecraft:oak_leaves":25},"minecraft:crafted":{"minecraft:oak_door":3,"minecraft:oak_planks":3036,"minecraft:cobblestone_slab":12,"minecraft:stone_shovel":10,"minecraft:fishing_rod":1,"minecraft:loom":1,"minecraft:stone":2,"minecraft:diamond_shovel":5,"minecraft:bone_meal":6,"minecraft:flint_and_steel":2,"minecraft:glass_pane":80,"minecraft:oak_trapdoor":2,"minecraft:glass":104,"minecraft:iron_axe":8,"minecraft:stone_pickaxe":2,"minecraft:chest":2,"minecraft:oak_fence":6,"chiselsandbits:chisel_stone":2,"minecraft:wheat":81,"minecraft:emerald":184,"minecraft:crafting_table":2,"minecraft:iron_helmet":8,"minecraft:wooden_pickaxe":1,"minecraft:chainmail_chestplate":8,"minecraft:blue_bed":3,"minecraft:fletching_table":3,"minecraft:bucket":1,"minecraft:campfire":1,"minecraft:stone_axe":23,"minecraft:bread":31,"minecraft:air":0,"minecraft:oak_fence_gate":1,"minecraft:oak_boat":3,"minecraft:iron_chestplate":2,"minecraft:stick":5828,"minecraft:flint":20,"minecraft:chainmail_boots":12,"minecraft:iron_ingot":10,"minecraft:iron_pickaxe":6,"minecraft:torch":136,"minecraft:orange_bed":4},"minecraft:custom":{"minecraft:mob_kills":72,"minecraft:animals_bred":10,"minecraft:interact_with_crafting_table":48,"minecraft:open_barrel":14,"minecraft:interact_with_campfire":6,"minecraft:bell_ring":2,"minecraft:time_since_death":44557,"minecraft:climb_one_cm":956,"minecraft:sprint_one_cm":539922,"minecraft:walk_one_cm":1096527,"minecraft:damage_blocked_by_shield":220,"minecraft:drop":290,"minecraft:talked_to_villager":149,"minecraft:play_time":329700,"minecraft:deaths":10,"minecraft:sneak_time":16067,"minecraft:walk_under_water_one_cm":67688,"minecraft:boat_one_cm":191868,"minecraft:jump":3213,"minecraft:interact_with_blast_furnace":3,"minecraft:walk_on_water_one_cm":71065,"minecraft:total_world_time":329700,"minecraft:interact_with_furnace":28,"minecraft:traded_with_villager":252,"minecraft:interact_with_loom":1,"minecraft:sleep_in_bed":22,"minecraft:time_since_rest":28030,"minecraft:waystone_activated":1,"minecraft:damage_taken":10004716,"minecraft:damage_dealt":24796,"minecraft:swim_one_cm":53489,"minecraft:fly_one_cm":461176,"minecraft:open_chest":201,"minecraft:crouch_one_cm":59096,"minecraft:fish_caught":3,"minecraft:fall_one_cm":76430,"minecraft:horse_one_cm":18898},"minecraft:killed_by":{"darkestsouls:cloaked_beast_patient":3,"minecraft:iron_golem":1,"valarian_conquest:valarian_raider":3,"alexsmobs:cachalot_whale":1,"bwrtherain:vapor":1,"apollyon:the_damned":1},"minecraft:dropped":{"minecraft:iron_ingot":4,"arphex:burning_glands":1,"minecraft:wheat_seeds":4,"minecraft:diamond":1,"minecraft:iron_helmet":4,"minecraft:cobblestone":1,"minecraft:coal":4,"minecraft:cod":3,"minecraft:stick":23,"minecraft:emerald":20,"minecraft:torch":77,"gravestone:obituary":16,"minecraft:wither_rose":2,"minecraft:iron_axe":1,"minecraft:iron_pickaxe":1,"minecraft:orange_bed":3,"minecraft:string":1,"minecraft:fermented_spider_eye":1,"minecraft:fishing_rod":1,"chiselsandbits:block_bit":677,"minecraft:gold_ingot":2,"minecraft:furnace":1,"minecraft:stone_axe":21,"minecraft:bowl":1,"minecraft:blue_wool":1,"minecraft:stone_shovel":2,"minecraft:white_carpet":2,"minecraft:rotten_flesh":2,"minecraft:oak_planks":29,"minecraft:diamond_shovel":1,"minecraft:flint_and_steel":1,"minecraft:chainmail_chestplate":16,"minecraft:azure_bluet":4,"darkestsouls:throwing_knife":2,"minecraft:salmon":1,"minecraft:glass_pane":7,"chiselsandbits:chisel_stone":1,"minecraft:filled_map":2,"minecraft:cobblestone_slab":3,"minecraft:potato":115,"minecraft:oak_wood":50,"minecraft:iron_chestplate":1,"minecraft:beetroot_seeds":1,"minecraft:chainmail_boots":18,"minecraft:yellow_bed":1,"minecraft:stone_pickaxe":2,"minecraft:wooden_pickaxe":1},"minecraft:picked_up":{"minecraft:crafting_table":3,"minecraft:wheat":54,"minecraft:azure_bluet":10,"minecraft:chainmail_boots":7,"valarian_conquest:valarian_battle_axe":4,"minecraft:smithing_table":1,"minecraft:oak_stairs":1,"minecraft:wither_rose":4,"gravestone:obituary":6,"minecraft:shield":1,"darkestsouls:beast_blood_clump":12,"minecraft:string":6,"minecraft:oak_trapdoor":2,"minecraft:iron_axe":1,"minecraft:cooked_salmon":8,"minecraft:white_carpet":3,"minecraft:pufferfish":2,"minecraft:glass_pane":8,"minecraft:beetroot":3,"minecraft:oak_boat":8,"minecraft:cobblestone_slab":9,"minecraft:iron_nugget":4,"minecraft:poppy":4,"minecraft:iron_pickaxe":1,"minecraft:furnace":1,"minecraft:blue_wool":10,"minecraft:stick":1,"minecraft:raw_iron":21,"darkestsouls:soul_fragment":6,"minecraft:oak_door":1,"minecraft:composter":5,"minecraft:torch":8,"minecraft:bowl":1,"minecraft:porkchop":2,"minecraft:diorite":3,"minecraft:carrot":31,"minecraft:arrow":3,"minecraft:orange_bed":12,"minecraft:rotten_flesh":4,"minecraft:cooked_cod":21,"minecraft:beetroot_seeds":8,"minecraft:hay_block":9,"minecraft:cod":4,"minecraft:cobblestone":722,"alexsmobs:lobster_tail":1,"minecraft:stripped_oak_log":1,"farmersdelight:rich_soil":9,"minecraft:feather":2,"minecraft:tripwire_hook":1,"knighys_additions:nerium":1,"minecraft:salmon":1,"minecraft:red_mushroom":5,"minecraft:potato":287,"minecraft:filled_map":1,"minecraft:flint":6,"minecraft:chainmail_chestplate":8,"minecraft:oak_log":134,"minecraft:yellow_bed":2,"minecraft:gunpowder":2,"minecraft:dirt":560,"minecraft:blue_bed":8,"minecraft:bone":3,"chiselsandbits:chiseled_block":3,"minecraft:iron_ingot":21,"minecraft:wheat_seeds":154,"minecraft:fletching_table":11,"minecraft:bell":2,"arphex:burning_glands":1,"darkestsouls:blood_stone_fragment":2,"minecraft:oak_planks":4,"minecraft:stone_hoe":1,"world:crystal_10":1,"minecraft:cooked_porkchop":3,"world:crystal_9":1,"minecraft:poisonous_potato":1,"minecraft:gravel":40,"minecraft:sand":723,"minecraft:blast_furnace":3,"minecraft:white_bed":4,"minecraft:fermented_spider_eye":1,"minecraft:barrel":11,"minecraft:orange_wool":12,"world:oak":19,"minecraft:oak_wood":758,"minecraft:spruce_boat":3,"minecraft:iron_helmet":1,"minecraft:emerald":15,"darkestsouls:small_soul_fragment":2,"minecraft:coal":200,"darkestsouls:throwing_knife":6},"minecraft:used":{"minecraft:oak_fence":3,"minecraft:oak_trapdoor":4,"minecraft:beetroot":1,"minecraft:flint_and_steel":4,"chiselsandbits:chiseled_block":3,"minecraft:stone_shovel":1111,"minecraft:ladder":1,"minecraft:poppy":4,"knighys_additions:nerium":1,"minecraft:chest":2,"minecraft:shield":6,"minecraft:bell":2,"farmersdelight:rich_soil":9,"minecraft:cooked_salmon":3,"minecraft:stone_hoe":61,"minecraft:oak_door":4,"minecraft:orange_bed":13,"minecraft:torch":73,"minecraft:dirt":490,"minecraft:white_carpet":1,"minecraft:azure_bluet":6,"minecraft:oak_fence_gate":1,"minecraft:spruce_boat":3,"minecraft:glass":72,"alexsmobs:lobster_tail":1,"minecraft:iron_axe":964,"minecraft:oak_stairs":1,"minecraft:tripwire_hook":1,"minecraft:barrel":11,"world:oak":19,"minecraft:cooked_cod":15,"minecraft:potato":112,"minecraft:wheat_seeds":58,"minecraft:water_bucket":48,"minecraft:diorite":3,"minecraft:stone_pickaxe":108,"minecraft:oak_planks":5,"minecraft:wooden_pickaxe":3,"minecraft:composter":5,"minecraft:fletching_table":13,"minecraft:cobblestone_slab":18,"minecraft:blue_bed":11,"minecraft:loom":1,"minecraft:crafting_table":5,"minecraft:blast_furnace":3,"minecraft:campfire":1,"minecraft:white_bed":4,"minecraft:oak_log":1,"minecraft:diamond_shovel":65,"minecraft:bread":31,"minecraft:iron_pickaxe":853,"minecraft:gravel":15,"minecraft:stone_axe":180,"minecraft:fishing_rod":4,"minecraft:cobblestone":27,"minecraft:cooked_porkchop":3,"minecraft:smithing_table":1,"minecraft:bucket":49,"minecraft:glass_pane":76,"minecraft:yellow_bed":1,"alexsmobs:animal_dictionary":1,"minecraft:oak_boat":10,"minecraft:bone_meal":6},"minecraft:killed":{"darkestsouls:hollow_axe":1,"darkestsouls:ashen_blood_beast_patient":1,"minecraft:spider":1,"alexsmobs:seagull":1,"world:dryad":4,"valarian_conquest:valarian_ranger":6,"minecraft:skeleton":4,"darkestsouls:hollow_broken_straightsword":1,"arphex:hornet_harbinger":1,"valarian_conquest:valarian_archer":1,"darkestsouls:beast_patient":5,"darkestsouls:church_doctor_lantern":3,"arphex:ant_arsonist":2,"darkestsouls:hollow_longsword":1,"darkestsouls:hollow_assassin":5,"minecraft:cat":2,"world:goblin":3,"arphex:spider_larvae_tiny":1,"minecraft:pig":2,"minecraft:iron_golem":5,"darkestsouls:gravetender_hollow_broken_straightsword":1,"valarian_conquest:valarian_raider":2,"minecraft:creeper":1,"arphex:centipede_evictor_larvae":1,"minecraft:zombie":5,"darkestsouls:cloaked_beast_patient":7,"arphex:spider_larvae":1,"apollyon:the_damned":4}},"DataVersion":3465}