{"stats":{"minecraft:used":{"minecraft:diorite":20,"securitycraft:keypad_chest":2,"minecraft:stone_pickaxe":259,"minecraft:chest":1,"minecraft:wooden_shovel":32,"minecraft:iron_chestplate":1,"minecraft:torch":12,"minecraft:dirt":5,"minecraft:crafting_table":6,"minecraft:granite":1,"minecraft:iron_axe":3,"minecraft:melon_slice":19,"minecraft:iron_pickaxe":2,"minecraft:iron_boots":1,"minecraft:gravel":38,"minecraft:stone_axe":28,"minecraft:cobblestone":2,"minecraft:furnace":3,"minecraft:andesite":7},"minecraft:crafted":{"minecraft:oak_planks":76,"minecraft:wooden_shovel":1,"minecraft:crafting_table":1,"minecraft:furnace":2,"minecraft:copper_ingot":32,"minecraft:bucket":1,"minecraft:air":0,"minecraft:jungle_planks":36,"call_of_yucutan:flint_spear":1,"minecraft:iron_boots":1,"minecraft:iron_chestplate":1,"minecraft:shield":2,"minecraft:iron_axe":1,"minecraft:stick":70,"minecraft:iron_ingot":18,"minecraft:iron_pickaxe":1,"minecraft:stone_pickaxe":1,"minecraft:chest":1,"minecraft:torch":72},"minecraft:killed":{"darkestsouls:hollow_broken_straightsword":1,"darkestsouls:skeleton_falchion":2,"darkestsouls:beast_patient":1},"minecraft:dropped":{"minecraft:stone_axe":1,"minecraft:wheat_seeds":1,"call_of_yucutan:flint_spear":1,"minecraft:shield":1,"minecraft:melon_slice":31,"minecraft:stone_pickaxe":1},"minecraft:custom":{"minecraft:interact_with_furnace":35,"minecraft:mob_kills":4,"minecraft:interact_with_crafting_table":21,"minecraft:leave_game":2,"minecraft:time_since_death":19608,"minecraft:climb_one_cm":6178,"minecraft:time_since_rest":19630,"minecraft:sprint_one_cm":23981,"minecraft:damage_taken":902,"minecraft:walk_one_cm":111475,"minecraft:drop":36,"minecraft:damage_dealt":1082,"minecraft:swim_one_cm":5792,"minecraft:fly_one_cm":58624,"minecraft:open_chest":5,"minecraft:crouch_one_cm":6501,"minecraft:play_time":102080,"minecraft:deaths":2,"minecraft:sneak_time":26727,"minecraft:walk_under_water_one_cm":4171,"minecraft:jump":419,"minecraft:walk_on_water_one_cm":5248,"minecraft:total_world_time":102080,"minecraft:fall_one_cm":14040},"minecraft:killed_by":{"minecraft:skeleton":1},"minecraft:picked_up":{"minecraft:crafting_table":6,"minecraft:clay_ball":16,"minecraft:jungle_log":9,"minecraft:andesite":8,"call_of_yucutan:flint_spear":1,"minecraft:flint":4,"minecraft:tuff":2,"minecraft:oak_log":19,"darkestsouls:beast_blood_clump":2,"minecraft:dirt":32,"minecraft:raw_copper":43,"minecraft:bone":1,"minecraft:wheat_seeds":2,"minecraft:raw_gold":1,"minecraft:iron_ingot":8,"minecraft:stone_pickaxe":2,"minecraft:bamboo":85,"minecraft:melon_slice":71,"minecraft:furnace":1,"minecraft:stick":1,"minecraft:raw_iron":31,"minecraft:torch":2,"minecraft:gravel":41,"minecraft:diorite":20,"minecraft:stone_axe":2,"minecraft:granite":1,"darkestsouls:small_soul_fragment":1,"minecraft:coal":72,"minecraft:cobblestone":139},"minecraft:broken":{"minecraft:stone_pickaxe":1},"minecraft:mined":{"minecraft:jungle_leaves":4,"minecraft:clay":4,"minecraft:crafting_table":6,"minecraft:granite":4,"minecraft:grass_block":10,"minecraft:melon":14,"minecraft:jungle_log":9,"minecraft:copper_ore":11,"minecraft:diorite":20,"minecraft:wall_torch":1,"minecraft:seagrass":1,"minecraft:furnace":1,"minecraft:iron_ore":27,"minecraft:andesite":5,"minecraft:grass":11,"minecraft:coal_ore":52,"minecraft:oak_log":19,"minecraft:deepslate_iron_ore":1,"minecraft:gravel":45,"minecraft:dirt":20,"minecraft:bamboo":7,"minecraft:stone":136,"minecraft:gold_ore":1,"minecraft:oak_leaves":8,"minecraft:fern":3}},"DataVersion":3465}