{"stats":{"minecraft:mined":{"minecraft:spruce_planks":1,"minecraft:white_bed":10,"minecraft:jungle_leaves":1,"biomesoplenty:brimstone":1,"minecraft:brewing_stand":3,"biomesoplenty:burning_blossom":18,"minecraft:granite":3,"biomesoplenty:bramble":3,"minecraft:grass_block":167,"minecraft:mangrove_fence":2,"minecraft:cracked_polished_blackstone_bricks":1,"minecraft:soul_soil":41,"minecraft:coal_block":30,"minecraft:hopper":2,"minecraft:frosted_ice":8,"apotheosis:simple_reforging_table":1,"minecraft:oxeye_daisy":2,"minecraft:spawner":10,"biomesoplenty:tall_lavender":1,"minecraft:fire":23,"biomesoplenty:lavender":15,"minecraft:target":1,"minecraft:anvil":1,"minecraft:azure_bluet":3,"minecraft:iron_bars":5,"minecraft:pink_tulip":2,"minecraft:stripped_mangrove_wood":6,"minecraft:iron_block":1,"minecraft:player_head":2,"minecraft:orange_bed":1,"minecraft:cut_sandstone":3,"twilightforest:twilight_portal_miniature_structure":2,"minecraft:torch":1,"minecraft:poppy":10,"minecraft:nether_quartz_ore":2,"minecraft:grindstone":1,"minecraft:sugar_cane":2,"minecraft:damaged_anvil":3,"minecraft:wall_torch":2,"apotheosis:gem_cutting_table":1,"minecraft:seagrass":1,"minecraft:mud":4,"minecraft:nether_wart_block":1,"minecraft:birch_log":18,"minecraft:wheat":3,"biomesoplenty:hair":1,"minecraft:jukebox":1,"minecraft:tnt":3,"minecraft:wither_rose":1,"minecraft:stone_brick_stairs":1,"minecraft:grass":62,"biomesoplenty:clover":1,"minecraft:oak_log":3,"minecraft:sand":56,"minecraft:dirt":149,"minecraft:stonecutter":1,"minecraft:netherrack":487,"minecraft:oak_leaves":5,"minecraft:deepslate":2,"minecraft:red_carpet":2,"minecraft:deepslate_diamond_ore":1,"minecraft:gray_stained_glass_pane":1,"minecraft:nether_bricks":149,"biomesoplenty:bush":3,"biomesoplenty:dead_grass":2,"minecraft:hay_block":69,"minecraft:black_stained_glass_pane":5,"biomesoplenty:jacaranda_log":1,"minecraft:andesite":1,"biomesoplenty:flesh":4,"minecraft:gold_block":5,"minecraft:bookshelf":1,"minecraft:stone":71,"minecraft:smithing_table":1,"biomesoplenty:porous_flesh":14,"minecraft:dandelion":34,"minecraft:crafting_table":6,"minecraft:cornflower":4,"minecraft:emerald_ore":7,"minecraft:tall_grass":5,"biomesoplenty:sprout":1,"biomesoplenty:huge_clover_petal":1,"minecraft:diorite":1,"supplementaries:urn":6,"minecraft:spruce_stairs":3,"minecraft:trapped_chest":3,"minecraft:spruce_log":1,"minecraft:mangrove_slab":1,"minecraft:coal_ore":19,"minecraft:sunflower":1,"minecraft:gravel":8,"minecraft:stone_bricks":2,"apotheosis:salvaging_table":2,"minecraft:chipped_anvil":7,"biomesoplenty:redwood_wood":55},"minecraft:killed":{"darkestsouls:bonewheel":1,"minecraft:zombified_piglin":44,"darkestsouls:skeleton_curved_swords":2,"darkestsouls:ashen_blood_beast_patient":1,"minecraft:spider":2,"darkestsouls:church_doctor_scythe":1,"knighys_additions:spook":2,"minecraft:skeleton":24,"minecraft:chicken":1,"darkestsouls:church_doctor_pistol":1,"darkestsouls:beast_patient":8,"arphex:ant_arsonist":1,"darkestsouls:hollow_assassin":6,"darkestsouls:hollow_longsword":3,"minecraft:piglin_brute":6,"minecraft:magma_cube":16,"minecraft:piglin":16,"arphex:spider_larvae_tiny":1,"minecraft:iron_golem":2,"bwrtherain:spider_skull":1,"darkestsouls:gravetender_hollow_broken_straightsword":5,"minecraft:creeper":1,"alexsmobs:crimson_mosquito":7,"arphex:centipede_evictor_larvae":3,"minecraft:trader_llama":1,"darkestsouls:skeleton_spear":5,"minecraft:zombie":13,"minecraft:ghast":1,"arphex:spider_larvae":2,"apollyon:the_damned":15,"minecraft:blaze":32,"minecraft:cow":11,"darkestsouls:hollow_axe":5,"darkestsouls:church_doctor":4,"arphex:maggot_larvae":1,"knighys_additions:auge":1,"valarian_conquest:valarian_knight":3,"arphex:moth_moonchaser":1,"alexsmobs:sugar_glider":1,"minecraft:phantom":12,"darkestsouls:hollow_broken_straightsword":6,"arphex:hornet_harbinger":3,"arphex:centipede_stalker":1,"alexsmobs:bison":1,"darkestsouls:church_doctor_crucifix":1,"alexsmobs:flying_fish":1,"knighys_additions:labble":1,"minecraft:husk":7,"minecraft:wandering_trader":1,"minecraft:hoglin":2,"alexsmobs:crocodile":1,"darkestsouls:cloaked_beast_patient":5,"arphex:fly_festerer":1,"minecraft:wither_skeleton":47,"minecraft:enderman":4},"minecraft:used":{"minecraft:iron_shovel":493,"minecraft:poppy":6,"minecraft:chest":2,"minecraft:iron_sword":678,"minecraft:player_head":1,"minecraft:rotten_flesh":3,"supplementaries:globe":1,"minecraft:nether_bricks":36,"minecraft:carrot":4,"minecraft:azure_bluet":1,"minecraft:lava_bucket":16,"minecraft:stone_brick_stairs":1,"minecraft:furnace":2,"minecraft:cooked_cod":5,"apotheosis:salvaging_table":2,"minecraft:damaged_anvil":3,"apotheosis:simple_reforging_table":1,"minecraft:mangrove_planks":28,"biomesoplenty:lavender":13,"minecraft:sugar_cane":2,"minecraft:golden_apple":2,"minecraft:golden_hoe":16,"minecraft:sand":33,"minecraft:mushroom_stew":1,"minecraft:crossbow":9,"waystones:waystone":2,"minecraft:bread":254,"minecraft:gravel":5,"arphex:maggot_grub":2,"minecraft:smithing_table":1,"minecraft:trident":218,"minecraft:flint_and_steel":2,"biomesoplenty:redwood_planks":173,"minecraft:netherrack":396,"minecraft:torch":78,"minecraft:dirt":246,"minecraft:anvil":1,"minecraft:chipped_anvil":4,"minecraft:iron_axe":99,"slashblade:slashblade":25,"minecraft:iron_boots":1,"apotheosis:gem_cutting_table":1,"twilightforest:twilight_portal_miniature_structure":3,"minecraft:golden_carrot":3,"minecraft:soul_soil":40,"biomesoplenty:blood_bucket":94,"minecraft:trapped_chest":1,"biomesoplenty:burning_blossom":4,"minecraft:iron_leggings":1,"minecraft:water_bucket":61,"arphex:burning_glands":2,"minecraft:pink_tulip":1,"minecraft:birch_planks":2,"minecraft:birch_boat":1,"minecraft:crafting_table":10,"supplementaries:bomb":4,"minecraft:white_bed":7,"minecraft:cake":1,"minecraft:diamond_pickaxe":119,"minecraft:cornflower":2,"minecraft:oxeye_daisy":1,"minecraft:iron_pickaxe":192,"minecraft:cobblestone":43,"minecraft:potion":1,"minecraft:bucket":175,"minecraft:dandelion":24},"minecraft:crafted":{"minecraft:oak_planks":12,"minecraft:smooth_stone":13,"minecraft:birch_boat":2,"minecraft:stone":13,"sophisticatedbackpacks:anvil_upgrade":1,"sophisticatedbackpacks:crafting_upgrade":1,"minecraft:iron_boots":1,"minecraft:chest":4,"sophisticatedbackpacks:backpack":2,"minecraft:crafting_table":6,"minecraft:spruce_planks":4,"minecraft:smithing_table":1,"minecraft:copper_ingot":4,"sophisticatedbackpacks:feeding_upgrade":2,"minecraft:birch_planks":68,"sophisticatedbackpacks:upgrade_base":4,"apotheosis:gem_cutting_table":1,"sophisticatedbackpacks:diamond_backpack":4,"minecraft:stick":24,"minecraft:iron_pickaxe":2,"minecraft:iron_ingot":24,"minecraft:iron_block":6,"minecraft:gold_ingot":45,"minecraft:shears":1,"minecraft:coal":27,"minecraft:furnace":2,"apotheosis:salvaging_table":1,"minecraft:flint_and_steel":1,"minecraft:iron_axe":1,"apotheosis:simple_reforging_table":1,"minecraft:wheat":126,"sophisticatedbackpacks:iron_backpack":4,"minecraft:enchanting_table":1,"biomesoplenty:redwood_planks":200,"sophisticatedbackpacks:gold_backpack":5,"minecraft:mangrove_planks":28,"minecraft:bucket":2,"minecraft:bread":67,"minecraft:air":0,"minecraft:anvil":2,"minecraft:torch":76},"minecraft:custom":{"minecraft:interact_with_crafting_table":45,"minecraft:open_barrel":25,"minecraft:eat_cake_slice":5,"minecraft:leave_game":5,"minecraft:time_since_death":10094,"minecraft:damage_resisted":769,"minecraft:sprint_one_cm":1799307,"minecraft:drop":184,"minecraft:talked_to_villager":10,"minecraft:play_time":492217,"minecraft:deaths":10,"minecraft:jump":4181,"minecraft:walk_on_water_one_cm":59703,"minecraft:interact_with_furnace":17,"minecraft:sleep_in_bed":5,"minecraft:waystone_activated":5,"minecraft:damage_dealt":90273,"minecraft:crouch_one_cm":103537,"minecraft:inspect_dispenser":2,"minecraft:horse_one_cm":424,"minecraft:interact_with_smithing_table":3,"minecraft:mob_kills":350,"minecraft:interact_with_anvil":20,"minecraft:inspect_hopper":1,"minecraft:sword_summoned":11,"minecraft:damage_dealt_resisted":352,"minecraft:climb_one_cm":12342,"minecraft:walk_one_cm":2176349,"minecraft:damage_dealt_absorbed":601,"minecraft:sneak_time":23236,"minecraft:walk_under_water_one_cm":86315,"minecraft:boat_one_cm":228986,"minecraft:interact_with_blast_furnace":1,"minecraft:total_world_time":492217,"minecraft:tune_noteblock":1,"minecraft:time_since_rest":10182,"minecraft:damage_taken":196238,"minecraft:damage_absorbed":80,"minecraft:trigger_trapped_chest":1,"minecraft:swim_one_cm":131307,"minecraft:fly_one_cm":666693,"minecraft:open_chest":153,"minecraft:fall_one_cm":175676},"minecraft:killed_by":{"minecraft:creeper":1,"minecraft:player":3,"darkestsouls:ashen_blood_beast_patient":1},"minecraft:dropped":{"minecraft:iron_sword":1,"arphex:maggot_grub":2,"minecraft:glow_ink_sac":1,"minecraft:glass_bottle":1,"minecraft:diamond":12,"minecraft:cooked_porkchop":4,"minecraft:dark_oak_sapling":1,"sophisticatedbackpacks:gold_backpack":1,"minecraft:dirt":13,"minecraft:cornflower":4,"minecraft:pumpkin_pie":63,"minecraft:iron_pickaxe":2,"minecraft:mangrove_slab":1,"minecraft:gold_ingot":2,"minecraft:gravel":1,"minecraft:iron_nugget":3,"minecraft:azure_bluet":3,"minecraft:white_bed":1,"minecraft:carrot":1,"sophisticatedbackpacks:diamond_backpack":1,"alexsmobs:bone_serpent_tooth":1,"minecraft:mangrove_fence":2,"minecraft:poppy":3,"supplementaries:flax_seeds":1,"supplementaries:ash":1,"minecraft:turtle_helmet":4,"apotheosis:gem":4,"minecraft:chainmail_boots":1,"minecraft:iron_bars":5,"minecraft:beef":3,"slashblade:proudsoul_tiny":1,"darkestsouls:soul_fragment":5,"minecraft:bread":97,"minecraft:wheat_seeds":39,"biomesoplenty:magic_sapling":1,"biomesoplenty:lavender":2,"minecraft:feather":2,"minecraft:iron_helmet":1,"minecraft:spruce_stairs":2,"minecraft:oxeye_daisy":4,"minecraft:golden_carrot":10,"biomesoplenty:brimstone":1,"minecraft:rose_bush":1,"minecraft:iron_leggings":1,"minecraft:wither_rose":7,"minecraft:white_banner":3,"minecraft:mud":3,"minecraft:paper":1,"minecraft:string":4,"minecraft:bucket":1,"minecraft:pink_tulip":2,"alexsmobs:maggot":2,"sophisticatedbackpacks:feeding_upgrade":1,"minecraft:stone_sword":2,"farmersdelight:cabbage_seeds":1,"minecraft:iron_boots":1,"minecraft:flint_and_steel":1,"minecraft:filled_map":1,"minecraft:spruce_planks":1,"minecraft:iron_chestplate":1,"minecraft:andesite":1,"slashblade:slashblade":1,"minecraft:oak_sapling":3,"minecraft:stone_bricks":2,"minecraft:barrel":1,"minecraft:birch_boat":2,"arphex:fly_appendage":1},"minecraft:picked_up":{"minecraft:black_carpet":4,"minecraft:iron_chestplate":1,"biomesoplenty:burning_blossom":15,"minecraft:wheat":7,"minecraft:chainmail_boots":2,"minecraft:diamond_sword":1,"minecraft:wither_rose":1,"minecraft:enchanted_book":5,"minecraft:stone_brick_stairs":1,"minecraft:brewing_stand":3,"darkestsouls:beast_blood_clump":2,"minecraft:string":2,"minecraft:soul_soil":20,"minecraft:iron_leggings":1,"biomesoplenty:tall_lavender":1,"minecraft:experience_bottle":4,"darkestsouls:rune_fragment":2,"minecraft:oak_sign":5,"minecraft:cobbled_deepslate":4,"minecraft:spruce_planks":2,"minecraft:rose_bush":1,"minecraft:coal_block":11,"farmersdelight:cabbage_seeds":1,"apotheosis:gem":7,"minecraft:torch":2,"arphex:maggot_grub":1,"minecraft:rotten_flesh":6,"darkestsouls:titanite_fragment":10,"supplementaries:ash":5,"minecraft:iron_bars":5,"minecraft:cobblestone":45,"minecraft:birch_log":18,"knighys_additions:lightning_ball":1,"minecraft:leather_chestplate":1,"minecraft:feather":2,"minecraft:andesite":2,"minecraft:flint":1,"supplementaries:flax_seeds":1,"minecraft:mangrove_slab":1,"minecraft:dirt":241,"minecraft:leather_boots":1,"minecraft:bone":14,"minecraft:bow":1,"minecraft:wheat_seeds":22,"minecraft:raw_gold":6,"minecraft:diamond_helmet":1,"darkestsouls:bone_fragment":1,"minecraft:cooked_porkchop":3,"sophisticatedbackpacks:iron_backpack":2,"minecraft:trapped_chest":1,"minecraft:diamond":1,"waystones:waystone":1,"minecraft:writable_book":1,"minecraft:granite":3,"minecraft:emerald":3,"alexsmobs:maggot":2,"minecraft:oak_sapling":3,"minecraft:netherrack":432,"minecraft:mud":3,"minecraft:crafting_table":3,"minecraft:azure_bluet":1,"minecraft:turtle_helmet":1,"minecraft:gold_block":1,"minecraft:shield":1,"minecraft:item_frame":2,"knighys_additions:wither_bone":1,"supplementaries:bomb":2,"minecraft:player_head":1,"minecraft:iron_nugget":6,"minecraft:poppy":1,"minecraft:sugar_cane":2,"minecraft:phantom_membrane":2,"minecraft:dark_oak_sapling":1,"minecraft:stripped_mangrove_wood":7,"darkestsouls:soul_fragment":7,"sophisticatedbackpacks:backpack":1,"minecraft:arrow":6,"minecraft:hay_block":64,"minecraft:gold_ingot":13,"minecraft:leather":1,"minecraft:oak_log":3,"minecraft:gunpowder":3,"minecraft:white_banner":3,"minecraft:red_carpet":2,"minecraft:gray_carpet":8,"minecraft:apple":3,"minecraft:stone_bricks":2,"minecraft:iron_ingot":19,"minecraft:iron_sword":1,"minecraft:birch_boat":1,"minecraft:gravel":6,"minecraft:spruce_sapling":1,"minecraft:white_bed":5,"arphex:fly_appendage":1,"minecraft:slime_ball":6,"darkestsouls:small_soul_fragment":5,"minecraft:coal":19,"minecraft:ender_pearl":1}},"DataVersion":3465}