{"stats":{"minecraft:mined":{"minecraft:red_carpet":2,"minecraft:white_bed":5,"minecraft:deepslate_diamond_ore":1,"minecraft:jungle_leaves":1,"minecraft:brewing_stand":3,"minecraft:granite":3,"minecraft:grass_block":14,"minecraft:mangrove_fence":2,"minecraft:coal_block":30,"minecraft:frosted_ice":3,"minecraft:spawner":4,"minecraft:hay_block":53,"minecraft:black_stained_glass_pane":4,"minecraft:fire":3,"biomesoplenty:lavender":11,"minecraft:andesite":1,"minecraft:target":1,"minecraft:azure_bluet":1,"minecraft:gold_block":2,"minecraft:iron_bars":5,"minecraft:stone":51,"minecraft:stripped_mangrove_wood":6,"minecraft:player_head":1,"minecraft:orange_bed":1,"minecraft:smithing_table":1,"minecraft:crafting_table":6,"minecraft:torch":1,"minecraft:tall_grass":1,"biomesoplenty:sprout":1,"biomesoplenty:huge_clover_petal":1,"minecraft:sugar_cane":2,"minecraft:wall_torch":1,"supplementaries:urn":6,"minecraft:seagrass":1,"minecraft:trapped_chest":1,"minecraft:mud":4,"minecraft:birch_log":18,"minecraft:wheat":3,"minecraft:spruce_log":1,"minecraft:jukebox":1,"minecraft:stone_brick_stairs":1,"minecraft:grass":2,"biomesoplenty:clover":1,"minecraft:mangrove_slab":1,"minecraft:oak_log":3,"minecraft:coal_ore":19,"minecraft:sunflower":1,"minecraft:gravel":6,"minecraft:sand":42,"minecraft:dirt":22,"minecraft:stone_bricks":2,"minecraft:netherrack":19,"minecraft:chipped_anvil":2,"minecraft:oak_leaves":4,"minecraft:deepslate":2},"minecraft:killed":{"darkestsouls:bonewheel":1,"darkestsouls:church_doctor":2,"minecraft:zombified_piglin":2,"darkestsouls:skeleton_curved_swords":2,"valarian_conquest:valarian_knight":2,"alexsmobs:sugar_glider":1,"minecraft:skeleton":7,"darkestsouls:hollow_broken_straightsword":2,"arphex:hornet_harbinger":1,"minecraft:chicken":1,"darkestsouls:beast_patient":2,"darkestsouls:hollow_assassin":3,"alexsmobs:flying_fish":1,"minecraft:husk":7,"minecraft:iron_golem":1,"bwrtherain:spider_skull":1,"darkestsouls:gravetender_hollow_broken_straightsword":2,"minecraft:creeper":1,"darkestsouls:skeleton_spear":5,"minecraft:zombie":1,"darkestsouls:cloaked_beast_patient":1,"apollyon:the_damned":9},"minecraft:used":{"minecraft:trident":218,"minecraft:iron_shovel":131,"minecraft:flint_and_steel":1,"minecraft:chest":2,"minecraft:iron_sword":27,"minecraft:netherrack":19,"minecraft:torch":48,"minecraft:dirt":13,"minecraft:anvil":1,"minecraft:lava_bucket":10,"minecraft:chipped_anvil":1,"minecraft:iron_axe":34,"minecraft:iron_boots":1,"minecraft:stone_brick_stairs":1,"minecraft:trapped_chest":1,"minecraft:water_bucket":30,"minecraft:birch_planks":2,"biomesoplenty:lavender":13,"minecraft:sugar_cane":2,"minecraft:crafting_table":7,"minecraft:mushroom_stew":1,"minecraft:crossbow":1,"minecraft:white_bed":4,"minecraft:cake":1,"minecraft:bread":79,"minecraft:iron_pickaxe":84,"minecraft:gravel":5,"minecraft:cobblestone":43,"minecraft:potion":1,"minecraft:smithing_table":1,"minecraft:bucket":43},"minecraft:crafted":{"minecraft:oak_planks":12,"minecraft:coal":27,"minecraft:birch_boat":2,"minecraft:flint_and_steel":1,"minecraft:chest":2,"sophisticatedbackpacks:iron_backpack":1,"minecraft:wheat":126,"minecraft:crafting_table":2,"sophisticatedbackpacks:gold_backpack":2,"minecraft:bucket":2,"minecraft:birch_planks":36,"minecraft:bread":67,"minecraft:stick":24,"minecraft:iron_pickaxe":1,"minecraft:iron_block":3,"minecraft:gold_ingot":18,"minecraft:anvil":1,"minecraft:torch":76},"minecraft:custom":{"minecraft:interact_with_smithing_table":3,"minecraft:interact_with_anvil":5,"minecraft:mob_kills":55,"minecraft:interact_with_crafting_table":21,"minecraft:open_barrel":13,"minecraft:damage_dealt_resisted":0,"minecraft:eat_cake_slice":5,"minecraft:leave_game":2,"minecraft:time_since_death":29901,"minecraft:climb_one_cm":7166,"minecraft:damage_resisted":159,"minecraft:sprint_one_cm":806317,"minecraft:walk_one_cm":826916,"minecraft:drop":91,"minecraft:talked_to_villager":4,"minecraft:play_time":172969,"minecraft:deaths":4,"minecraft:sneak_time":3414,"minecraft:walk_under_water_one_cm":36431,"minecraft:boat_one_cm":82432,"minecraft:jump":1004,"minecraft:interact_with_blast_furnace":1,"minecraft:walk_on_water_one_cm":36299,"minecraft:total_world_time":172969,"minecraft:sleep_in_bed":5,"minecraft:time_since_rest":29926,"minecraft:waystone_activated":2,"minecraft:damage_taken":90965,"minecraft:trigger_trapped_chest":1,"minecraft:damage_dealt":20437,"minecraft:swim_one_cm":72822,"minecraft:fly_one_cm":198514,"minecraft:open_chest":59,"minecraft:crouch_one_cm":9195,"minecraft:fall_one_cm":62942,"minecraft:horse_one_cm":424},"minecraft:killed_by":{"minecraft:player":2},"minecraft:dropped":{"minecraft:wheat_seeds":35,"minecraft:glow_ink_sac":1,"minecraft:glass_bottle":1,"minecraft:diamond":1,"minecraft:dark_oak_sapling":1,"biomesoplenty:magic_sapling":1,"biomesoplenty:lavender":2,"minecraft:feather":2,"minecraft:iron_helmet":1,"sophisticatedbackpacks:gold_backpack":1,"minecraft:rose_bush":1,"minecraft:iron_leggings":1,"minecraft:wither_rose":2,"minecraft:white_banner":3,"minecraft:mud":3,"minecraft:mangrove_slab":1,"minecraft:bucket":1,"minecraft:gravel":1,"minecraft:iron_nugget":3,"minecraft:iron_boots":1,"minecraft:azure_bluet":1,"minecraft:white_bed":1,"minecraft:mangrove_fence":2,"minecraft:flint_and_steel":1,"supplementaries:flax_seeds":1,"minecraft:turtle_helmet":2,"minecraft:iron_chestplate":1,"minecraft:andesite":1,"minecraft:oak_sapling":3,"minecraft:stone_bricks":2,"minecraft:birch_boat":2,"minecraft:iron_bars":5,"slashblade:proudsoul_tiny":1,"darkestsouls:soul_fragment":5},"minecraft:picked_up":{"minecraft:mud":3,"minecraft:crafting_table":3,"minecraft:iron_chestplate":1,"minecraft:wheat":5,"minecraft:azure_bluet":1,"minecraft:turtle_helmet":1,"minecraft:diamond_sword":1,"minecraft:gold_block":1,"minecraft:enchanted_book":4,"minecraft:stone_brick_stairs":1,"minecraft:brewing_stand":3,"minecraft:iron_leggings":1,"minecraft:item_frame":2,"minecraft:experience_bottle":1,"darkestsouls:rune_fragment":2,"supplementaries:bomb":2,"minecraft:cobbled_deepslate":4,"minecraft:rose_bush":1,"minecraft:iron_nugget":6,"minecraft:coal_block":11,"minecraft:sugar_cane":2,"minecraft:dark_oak_sapling":1,"apotheosis:gem":6,"minecraft:stripped_mangrove_wood":7,"darkestsouls:soul_fragment":2,"minecraft:torch":1,"minecraft:arrow":6,"minecraft:hay_block":53,"darkestsouls:titanite_fragment":6,"minecraft:gold_ingot":5,"supplementaries:ash":3,"minecraft:iron_bars":5,"minecraft:cobblestone":45,"minecraft:birch_log":18,"minecraft:feather":2,"minecraft:andesite":1,"minecraft:flint":1,"minecraft:oak_log":3,"supplementaries:flax_seeds":1,"minecraft:gunpowder":1,"minecraft:mangrove_slab":1,"minecraft:dirt":10,"minecraft:white_banner":3,"minecraft:red_carpet":2,"minecraft:bone":14,"minecraft:apple":3,"minecraft:stone_bricks":2,"minecraft:bow":1,"minecraft:wheat_seeds":19,"minecraft:raw_gold":6,"minecraft:iron_ingot":19,"minecraft:diamond_helmet":1,"darkestsouls:bone_fragment":1,"minecraft:birch_boat":1,"minecraft:gravel":6,"minecraft:spruce_sapling":1,"sophisticatedbackpacks:iron_backpack":1,"minecraft:white_bed":5,"minecraft:trapped_chest":1,"minecraft:slime_ball":6,"minecraft:diamond":1,"minecraft:granite":3,"minecraft:emerald":1,"minecraft:oak_sapling":3,"minecraft:netherrack":19,"minecraft:coal":19,"minecraft:ender_pearl":1}},"DataVersion":3465}