{"stats":{"minecraft:used":{"call_of_yucutan:flint_spear":3,"securitycraft:keypad_chest":2,"minecraft:chest":2,"minecraft:wooden_shovel":32,"minecraft:cooked_salmon":3,"minecraft:iron_chestplate":1,"minecraft:oak_door":1,"minecraft:torch":12,"minecraft:dirt":38,"minecraft:oak_wood":5,"minecraft:granite":1,"minecraft:wooden_axe":16,"call_of_yucutan:wooden_tecpatl":32,"minecraft:iron_axe":3,"minecraft:iron_boots":1,"minecraft:golden_sword":8,"world:oak":17,"minecraft:furnace":5,"minecraft:cooked_mutton":2,"minecraft:diorite":20,"minecraft:stone_pickaxe":268,"minecraft:oak_planks":8,"minecraft:wooden_pickaxe":12,"minecraft:glow_berries":2,"minecraft:oak_slab":3,"minecraft:crafting_table":9,"minecraft:melon_slice":29,"minecraft:iron_pickaxe":2,"minecraft:gravel":38,"minecraft:stone_axe":93,"minecraft:cobblestone":6,"minecraft:andesite":7},"minecraft:crafted":{"minecraft:oak_door":3,"minecraft:oak_planks":188,"call_of_yucutan:wooden_tecpatl":2,"minecraft:furnace":3,"minecraft:cooked_mutton":2,"call_of_yucutan:flint_spear":1,"minecraft:iron_boots":1,"minecraft:iron_axe":1,"minecraft:stone_pickaxe":2,"minecraft:chest":2,"minecraft:oak_slab":6,"minecraft:wooden_shovel":1,"minecraft:crafting_table":3,"minecraft:wooden_pickaxe":1,"minecraft:cooked_salmon":7,"minecraft:copper_ingot":32,"minecraft:bucket":1,"minecraft:birch_planks":24,"minecraft:stone_axe":1,"minecraft:air":0,"minecraft:jungle_planks":36,"minecraft:iron_chestplate":1,"minecraft:shield":2,"minecraft:stick":86,"minecraft:iron_ingot":18,"minecraft:iron_pickaxe":1,"minecraft:wooden_axe":1,"minecraft:torch":72},"minecraft:killed":{"darkestsouls:church_doctor":1,"knighys_additions:stuffed_faceless":1,"darkestsouls:hollow_broken_straightsword":1,"darkestsouls:skeleton_falchion":2,"darkestsouls:beast_patient":1,"darkestsouls:hollow_longsword":1,"valarian_conquest:valarian_scout":1,"minecraft:salmon":14,"minecraft:sheep":1},"minecraft:dropped":{"minecraft:wheat_seeds":1,"minecraft:copper_ingot":26,"minecraft:melon_slice":31,"minecraft:stone_axe":1,"minecraft:raw_copper":13,"darkestsouls:beast_blood_clump":2,"call_of_yucutan:flint_spear":1,"minecraft:shield":1,"minecraft:chest":1,"minecraft:stone_pickaxe":1},"minecraft:custom":{"minecraft:mob_kills":23,"minecraft:interact_with_crafting_table":32,"minecraft:leave_game":2,"minecraft:time_since_death":3090,"minecraft:climb_one_cm":7174,"minecraft:sprint_one_cm":148577,"minecraft:walk_one_cm":230012,"minecraft:drop":40,"minecraft:damage_dealt_absorbed":209,"minecraft:play_time":150080,"minecraft:deaths":6,"minecraft:sneak_time":28224,"minecraft:walk_under_water_one_cm":24963,"minecraft:boat_one_cm":67384,"minecraft:jump":1205,"minecraft:walk_on_water_one_cm":16300,"minecraft:total_world_time":150080,"minecraft:interact_with_furnace":42,"minecraft:sleep_in_bed":1,"minecraft:time_since_rest":1503,"minecraft:damage_taken":2763,"minecraft:damage_dealt":3458,"minecraft:fly_one_cm":200361,"minecraft:swim_one_cm":70296,"minecraft:open_chest":16,"minecraft:crouch_one_cm":10622,"minecraft:fall_one_cm":38743},"minecraft:killed_by":{"darkestsouls:leech":2,"minecraft:skeleton":1,"knighys_additions:schiper":1},"minecraft:broken":{"minecraft:stone_pickaxe":1},"minecraft:picked_up":{"minecraft:wooden_axe":1,"call_of_yucutan:wooden_tecpatl":1,"minecraft:crafting_table":9,"minecraft:clay_ball":16,"minecraft:wooden_pickaxe":1,"darkestsouls:beast_blood_clump":2,"minecraft:string":1,"minecraft:raw_copper":43,"darkestsouls:rune_fragment":4,"minecraft:beef":1,"minecraft:melon_slice":71,"minecraft:chest":1,"minecraft:furnace":3,"minecraft:stick":6,"minecraft:raw_iron":31,"darkestsouls:soul_fragment":1,"minecraft:copper_ingot":26,"minecraft:torch":2,"minecraft:diorite":20,"darkestsouls:titanite_fragment":1,"minecraft:glow_berries":1,"minecraft:mutton":2,"minecraft:white_wool":2,"minecraft:cobblestone":165,"minecraft:birch_log":12,"knighys_additions:lightning_ball":1,"minecraft:andesite":8,"minecraft:jungle_log":9,"minecraft:salmon":14,"call_of_yucutan:flint_spear":1,"minecraft:birch_planks":4,"minecraft:flint":4,"minecraft:tuff":2,"minecraft:oak_log":25,"darkestsouls:firebomb":1,"minecraft:dirt":68,"minecraft:bone":1,"minecraft:wheat_seeds":3,"minecraft:raw_gold":1,"minecraft:stone_pickaxe":3,"minecraft:iron_ingot":8,"minecraft:bamboo":85,"minecraft:oak_planks":4,"minecraft:gravel":41,"world:oak":27,"minecraft:oak_wood":37,"minecraft:stone_axe":3,"minecraft:granite":1,"darkestsouls:small_soul_fragment":1,"minecraft:coal":72},"minecraft:mined":{"minecraft:jungle_leaves":5,"minecraft:granite":4,"minecraft:grass_block":25,"minecraft:jungle_log":9,"world:oak":22,"minecraft:tall_seagrass":1,"minecraft:furnace":2,"minecraft:iron_ore":27,"minecraft:andesite":5,"minecraft:deepslate_iron_ore":1,"minecraft:bamboo":7,"minecraft:stone":156,"world:leavesoak":1,"world:plantforestbig_2":1,"minecraft:clay":4,"minecraft:crafting_table":8,"minecraft:oak_wood":37,"minecraft:melon":14,"minecraft:chest":1,"minecraft:copper_ore":11,"minecraft:diorite":20,"minecraft:wall_torch":1,"minecraft:seagrass":1,"minecraft:birch_log":9,"minecraft:birch_leaves":1,"minecraft:grass":20,"minecraft:oak_log":23,"minecraft:coal_ore":52,"minecraft:end_rod":1,"minecraft:gravel":45,"minecraft:dirt":42,"minecraft:gold_ore":1,"minecraft:oak_leaves":8,"minecraft:fern":3}},"DataVersion":3465}