{"stats":{"minecraft:crafted":{"minecraft:wooden_sword":1,"minecraft:oak_planks":8,"minecraft:crafting_table":1,"minecraft:stick":4,"slashblade:slashblade":1},"minecraft:mined":{"minecraft:crafting_table":1,"minecraft:stone_brick_stairs":1,"gravestone:gravestone":2,"minecraft:grass":7,"minecraft:grass_block":3,"minecraft:oak_log":21,"minecraft:dirt":2,"minecraft:stone_bricks":2,"minecraft:oak_leaves":106,"minecraft:spruce_slab":20},"minecraft:dropped":{"minecraft:stone_brick_wall":2,"gravestone:obituary":2,"minecraft:stone_brick_stairs":1,"minecraft:item_frame":3},"minecraft:picked_up":{"minecraft:book":3,"minecraft:crafting_table":1,"apotheosis:gem":8,"minecraft:lead":1,"minecraft:stone_brick_wall":2,"minecraft:enchanted_book":1,"minecraft:stone_brick_stairs":1,"minecraft:oak_log":21,"minecraft:dirt":5,"minecraft:item_frame":3,"minecraft:stone_bricks":11,"minecraft:iron_ingot":1,"alexsmobs:banana_slug_slime":1,"minecraft:spruce_slab":18,"minecraft:oak_sapling":5,"minecraft:mutton":2,"minecraft:white_wool":1},"minecraft:used":{"slashblade:slashblade":1,"minecraft:crafting_table":2,"minecraft:chainmail_leggings":1},"minecraft:killed":{"minecraft:sheep":1},"minecraft:custom":{"minecraft:time_since_rest":5580,"minecraft:sprint_one_cm":30316,"minecraft:damage_taken":560,"minecraft:walk_one_cm":33780,"minecraft:trigger_trapped_chest":2,"minecraft:mob_kills":1,"minecraft:drop":8,"minecraft:damage_dealt":143,"minecraft:interact_with_crafting_table":2,"minecraft:fly_one_cm":55388,"minecraft:crouch_one_cm":147,"minecraft:play_time":33927,"minecraft:deaths":2,"minecraft:sneak_time":17,"minecraft:walk_under_water_one_cm":827,"minecraft:jump":177,"minecraft:leave_game":1,"minecraft:time_since_death":5553,"minecraft:walk_on_water_one_cm":817,"minecraft:total_world_time":33927,"minecraft:fall_one_cm":9151},"minecraft:killed_by":{"apollyon:the_damned":1,"minecraft:silverfish":1}},"DataVersion":3465}