{"stats":{"minecraft:used":{"call_of_yucutan:flint_spear":3,"minecraft:armor_stand":1,"securitycraft:keypad_chest":2,"knighys_additions:nerium":1,"minecraft:spruce_planks":2,"minecraft:chest":7,"minecraft:wooden_shovel":32,"minecraft:cooked_salmon":15,"minecraft:iron_chestplate":1,"minecraft:oak_door":2,"minecraft:orange_bed":7,"minecraft:torch":12,"minecraft:dirt":116,"minecraft:orange_wool":2,"minecraft:oak_wood":6,"minecraft:granite":1,"minecraft:wooden_axe":16,"call_of_yucutan:wooden_tecpatl":32,"minecraft:iron_axe":3,"minecraft:acacia_slab":105,"minecraft:iron_boots":1,"valarian_conquest:spikes":3,"minecraft:golden_sword":8,"world:oak":17,"minecraft:furnace":5,"minecraft:cooked_mutton":2,"minecraft:acacia_boat":1,"minecraft:diorite":20,"minecraft:acacia_trapdoor":6,"minecraft:stone_pickaxe":294,"minecraft:oak_planks":8,"minecraft:wooden_pickaxe":12,"minecraft:orange_carpet":2,"minecraft:glow_berries":2,"minecraft:oak_slab":4,"minecraft:crafting_table":10,"minecraft:acacia_door":2,"minecraft:melon_slice":29,"minecraft:iron_pickaxe":2,"minecraft:gravel":38,"minecraft:stone_axe":126,"minecraft:cobblestone":6,"minecraft:andesite":7},"minecraft:crafted":{"minecraft:oak_door":3,"minecraft:oak_planks":208,"call_of_yucutan:wooden_tecpatl":2,"minecraft:furnace":3,"darkestsouls:bewitched_branch":6,"minecraft:cooked_mutton":2,"call_of_yucutan:flint_spear":1,"minecraft:iron_boots":1,"minecraft:iron_axe":1,"minecraft:stone_pickaxe":2,"minecraft:chest":3,"minecraft:oak_slab":6,"minecraft:wooden_shovel":1,"darkestsouls:small_soul_fragment":45,"minecraft:crafting_table":4,"minecraft:acacia_slab":102,"minecraft:wooden_pickaxe":1,"minecraft:acacia_trapdoor":6,"minecraft:cooked_salmon":17,"minecraft:copper_ingot":32,"darkestsouls:sorcerer_staff_a":2,"minecraft:bucket":1,"minecraft:birch_planks":24,"minecraft:stone_axe":1,"minecraft:acacia_boat":1,"minecraft:air":0,"minecraft:jungle_planks":36,"darkestsouls:soul_fragment":2,"minecraft:iron_chestplate":1,"minecraft:shield":2,"minecraft:stick":86,"minecraft:iron_ingot":18,"minecraft:iron_pickaxe":1,"minecraft:wooden_axe":1,"minecraft:acacia_door":3,"minecraft:acacia_planks":84,"minecraft:orange_bed":1,"minecraft:torch":72},"minecraft:killed":{"darkestsouls:hollow_axe":4,"darkestsouls:church_doctor":1,"minecraft:spider":3,"knighys_additions:stuffed_faceless":1,"darkestsouls:leech":3,"darkestsouls:hollow_broken_straightsword":4,"darkestsouls:skeleton_falchion":2,"valarian_conquest:valarian_archer":2,"darkestsouls:beast_patient":2,"darkestsouls:hollow_assassin":1,"darkestsouls:hollow_longsword":2,"valarian_conquest:valarian_scout":1,"minecraft:salmon":19,"knighys_additions:cocoon":2,"knighys_additions:colostula":1,"knighys_additions:distorted_stuffed_faceless":1,"darkestsouls:gravetender_hollow_broken_straightsword":1,"minecraft:sheep":2,"darkestsouls:cloaked_beast_patient":3},"minecraft:dropped":{"minecraft:wheat_seeds":1,"minecraft:leather":2,"darkestsouls:firebomb":1,"minecraft:copper_ingot":26,"valarian_conquest:spikes":2,"minecraft:melon_slice":31,"minecraft:acacia_door":1,"minecraft:white_wool":1,"minecraft:stone_axe":1,"minecraft:raw_copper":13,"minecraft:oak_planks":2,"darkestsouls:beast_blood_clump":2,"minecraft:spruce_fence":1,"call_of_yucutan:flint_spear":1,"minecraft:shield":1,"minecraft:acacia_sapling":1,"minecraft:chest":1,"minecraft:spider_eye":4,"minecraft:stone_pickaxe":2,"darkestsouls:sorcerer_staff_a":1},"minecraft:custom":{"minecraft:mob_kills":60,"minecraft:interact_with_crafting_table":44,"minecraft:leave_game":3,"minecraft:time_since_death":6702,"minecraft:climb_one_cm":8348,"minecraft:sprint_one_cm":329920,"minecraft:walk_one_cm":444743,"minecraft:drop":57,"minecraft:damage_dealt_absorbed":209,"minecraft:play_time":229894,"minecraft:deaths":25,"minecraft:sneak_time":30764,"minecraft:walk_under_water_one_cm":34446,"minecraft:boat_one_cm":74899,"minecraft:jump":2371,"minecraft:walk_on_water_one_cm":25612,"minecraft:total_world_time":229894,"minecraft:interact_with_furnace":60,"minecraft:sleep_in_bed":8,"minecraft:time_since_rest":782,"minecraft:damage_taken":7861,"minecraft:damage_dealt":11891,"minecraft:player_kills":1,"minecraft:fly_one_cm":469819,"minecraft:swim_one_cm":102908,"minecraft:open_chest":73,"minecraft:crouch_one_cm":17574,"minecraft:fall_one_cm":72131},"minecraft:killed_by":{"darkestsouls:cloaked_beast_patient":1,"knighys_additions:colostula":1,"valarian_conquest:valarian_archer":1,"darkestsouls:leech":5,"minecraft:skeleton":1,"knighys_additions:schiper":1},"minecraft:broken":{"minecraft:stone_pickaxe":1},"minecraft:picked_up":{"minecraft:wooden_axe":1,"call_of_yucutan:wooden_tecpatl":2,"minecraft:crafting_table":9,"minecraft:clay_ball":16,"minecraft:wooden_pickaxe":1,"darkestsouls:beast_blood_clump":2,"darkestsouls:sorcerer_staff_a":1,"minecraft:string":7,"minecraft:raw_copper":43,"minecraft:cooked_salmon":21,"minecraft:armor_stand":1,"darkestsouls:rune_fragment":10,"knighys_additions:odd_silk":6,"minecraft:spruce_planks":2,"minecraft:beef":1,"minecraft:light_gray_wool":2,"minecraft:melon_slice":71,"minecraft:chest":5,"minecraft:furnace":3,"minecraft:stick":6,"minecraft:raw_iron":32,"minecraft:oak_door":1,"darkestsouls:soul_fragment":6,"minecraft:copper_ingot":26,"minecraft:torch":2,"minecraft:acacia_log":21,"minecraft:spruce_fence":4,"minecraft:diorite":20,"valarian_conquest:spikes":15,"minecraft:orange_bed":6,"minecraft:arrow":7,"darkestsouls:titanite_fragment":7,"valarian_conquest:valarian_spear":11,"minecraft:glow_berries":1,"minecraft:mutton":3,"minecraft:white_wool":3,"minecraft:cobblestone":190,"minecraft:birch_log":12,"knighys_additions:lightning_ball":1,"knighys_additions:nerium":1,"minecraft:andesite":8,"minecraft:jungle_log":9,"minecraft:salmon":17,"call_of_yucutan:flint_spear":1,"minecraft:leather":2,"minecraft:orange_carpet":2,"minecraft:birch_planks":4,"minecraft:flint":4,"minecraft:tuff":2,"minecraft:oak_log":29,"darkestsouls:firebomb":1,"minecraft:gunpowder":2,"minecraft:dirt":286,"minecraft:bone":1,"minecraft:acacia_planks":50,"minecraft:bow":1,"minecraft:wheat_seeds":19,"minecraft:raw_gold":1,"minecraft:stone_pickaxe":10,"minecraft:iron_ingot":8,"minecraft:bamboo":85,"minecraft:acacia_sapling":1,"minecraft:oak_planks":8,"minecraft:oak_slab":3,"minecraft:gravel":41,"minecraft:sand":3,"minecraft:spider_eye":7,"minecraft:orange_wool":5,"world:oak":27,"minecraft:oak_wood":56,"minecraft:stone_axe":15,"minecraft:granite":1,"darkestsouls:small_soul_fragment":4,"minecraft:oak_sapling":2,"minecraft:acacia_slab":3,"minecraft:coal":72},"minecraft:mined":{"knighys_additions:nerium":1,"knighys_additions:colostula_web":1,"minecraft:spruce_planks":2,"minecraft:oak_door":1,"minecraft:jungle_leaves":5,"minecraft:orange_wool":7,"minecraft:granite":4,"minecraft:spruce_fence":3,"minecraft:acacia_log":21,"minecraft:grass_block":55,"minecraft:jungle_log":9,"valarian_conquest:spikes":18,"world:oak":22,"minecraft:acacia_slab":2,"minecraft:tall_seagrass":1,"minecraft:furnace":2,"minecraft:iron_ore":28,"minecraft:andesite":5,"minecraft:deepslate_iron_ore":1,"minecraft:bamboo":7,"minecraft:stone":181,"world:leavesoak":1,"minecraft:orange_bed":6,"world:plantforestbig_2":1,"minecraft:clay":4,"minecraft:crafting_table":8,"minecraft:oak_wood":48,"minecraft:melon":14,"minecraft:chest":5,"minecraft:tall_grass":17,"minecraft:copper_ore":11,"minecraft:diorite":20,"minecraft:wall_torch":1,"minecraft:orange_carpet":2,"minecraft:seagrass":1,"minecraft:birch_log":9,"minecraft:birch_leaves":1,"minecraft:light_gray_wool":2,"minecraft:grass":107,"minecraft:oak_log":25,"minecraft:coal_ore":52,"minecraft:end_rod":1,"minecraft:sand":3,"minecraft:gravel":45,"minecraft:dirt":93,"minecraft:gold_ore":1,"minecraft:oak_leaves":8,"minecraft:fern":3}},"DataVersion":3465}