{"stats":{"minecraft:crafted":{"minecraft:oak_planks":12,"minecraft:coal":27,"minecraft:crafting_table":1,"minecraft:bucket":2,"minecraft:birch_planks":12,"minecraft:bread":67,"minecraft:flint_and_steel":1,"minecraft:stick":24,"minecraft:iron_pickaxe":1,"minecraft:chest":1,"minecraft:torch":76,"minecraft:wheat":126},"minecraft:mined":{"minecraft:white_bed":5,"minecraft:deepslate_diamond_ore":1,"minecraft:jungle_leaves":1,"minecraft:brewing_stand":1,"minecraft:crafting_table":3,"minecraft:torch":1,"minecraft:granite":3,"minecraft:grass_block":6,"minecraft:coal_block":11,"minecraft:tall_grass":1,"biomesoplenty:huge_clover_petal":1,"minecraft:sugar_cane":2,"supplementaries:urn":6,"minecraft:hay_block":53,"minecraft:trapped_chest":1,"minecraft:mud":4,"minecraft:birch_log":18,"minecraft:wheat":3,"minecraft:andesite":1,"minecraft:target":1,"minecraft:stone_brick_stairs":1,"biomesoplenty:clover":1,"minecraft:oak_log":3,"minecraft:coal_ore":19,"minecraft:iron_bars":5,"minecraft:gravel":6,"minecraft:dirt":1,"minecraft:stone_bricks":2,"minecraft:stone":46,"minecraft:netherrack":19,"minecraft:oak_leaves":4,"minecraft:deepslate":2},"minecraft:dropped":{"minecraft:gravel":1,"minecraft:wheat_seeds":35,"minecraft:iron_nugget":3,"minecraft:feather":2,"minecraft:iron_helmet":1,"minecraft:white_bed":1,"minecraft:flint_and_steel":1,"supplementaries:flax_seeds":1,"minecraft:iron_chestplate":1,"minecraft:iron_leggings":1,"minecraft:stone_bricks":2,"minecraft:iron_bars":5,"minecraft:wither_rose":1,"minecraft:white_banner":3,"minecraft:bucket":1},"minecraft:picked_up":{"minecraft:birch_log":18,"minecraft:mud":3,"minecraft:iron_chestplate":1,"minecraft:crafting_table":3,"minecraft:feather":2,"minecraft:wheat":5,"minecraft:andesite":1,"minecraft:diamond_sword":1,"minecraft:enchanted_book":4,"minecraft:flint":1,"minecraft:stone_brick_stairs":1,"minecraft:oak_log":3,"supplementaries:flax_seeds":1,"minecraft:brewing_stand":1,"minecraft:white_banner":3,"minecraft:dirt":3,"minecraft:iron_leggings":1,"darkestsouls:rune_fragment":2,"minecraft:bone":13,"minecraft:stone_bricks":2,"supplementaries:bomb":2,"minecraft:bow":1,"minecraft:wheat_seeds":19,"minecraft:cobbled_deepslate":4,"minecraft:raw_gold":6,"minecraft:iron_ingot":16,"minecraft:iron_nugget":6,"minecraft:diamond_helmet":1,"minecraft:coal_block":11,"minecraft:sugar_cane":2,"darkestsouls:bone_fragment":1,"apotheosis:gem":1,"darkestsouls:soul_fragment":2,"minecraft:torch":1,"minecraft:gravel":6,"minecraft:white_bed":5,"minecraft:trapped_chest":1,"minecraft:arrow":1,"minecraft:slime_ball":6,"minecraft:diamond":1,"minecraft:hay_block":53,"minecraft:granite":3,"darkestsouls:titanite_fragment":6,"minecraft:gold_ingot":4,"supplementaries:ash":3,"minecraft:netherrack":19,"minecraft:iron_bars":5,"minecraft:coal":19,"minecraft:cobblestone":45},"minecraft:used":{"minecraft:trident":123,"minecraft:water_bucket":5,"minecraft:iron_shovel":66,"minecraft:flint_and_steel":1,"minecraft:chest":1,"minecraft:sugar_cane":2,"minecraft:netherrack":19,"minecraft:torch":42,"minecraft:dirt":3,"minecraft:crafting_table":4,"minecraft:white_bed":3,"minecraft:lava_bucket":10,"minecraft:bread":45,"minecraft:iron_axe":19,"minecraft:iron_pickaxe":54,"minecraft:iron_boots":1,"minecraft:gravel":5,"minecraft:stone_brick_stairs":1,"minecraft:cobblestone":42,"minecraft:bucket":16,"minecraft:trapped_chest":1},"minecraft:killed":{"darkestsouls:bonewheel":1,"darkestsouls:church_doctor":1,"minecraft:zombified_piglin":1,"darkestsouls:skeleton_curved_swords":2,"minecraft:iron_golem":1,"darkestsouls:gravetender_hollow_broken_straightsword":1,"alexsmobs:sugar_glider":1,"minecraft:skeleton":1,"darkestsouls:skeleton_spear":5,"minecraft:zombie":1,"darkestsouls:hollow_broken_straightsword":1,"minecraft:chicken":1,"darkestsouls:beast_patient":2,"darkestsouls:hollow_assassin":3,"apollyon:the_damned":3},"minecraft:custom":{"minecraft:mob_kills":25,"minecraft:interact_with_crafting_table":9,"minecraft:open_barrel":2,"minecraft:damage_dealt_resisted":0,"minecraft:time_since_death":359,"minecraft:sleep_in_bed":4,"minecraft:climb_one_cm":5196,"minecraft:damage_resisted":34,"minecraft:time_since_rest":428,"minecraft:sprint_one_cm":454833,"minecraft:damage_taken":2381,"minecraft:walk_one_cm":393950,"minecraft:drop":59,"minecraft:damage_dealt":9384,"minecraft:talked_to_villager":1,"minecraft:swim_one_cm":2404,"minecraft:fly_one_cm":101550,"minecraft:open_chest":37,"minecraft:deaths":2,"minecraft:crouch_one_cm":7158,"minecraft:play_time":82764,"minecraft:sneak_time":2197,"minecraft:walk_under_water_one_cm":13712,"minecraft:jump":373,"minecraft:interact_with_blast_furnace":1,"minecraft:walk_on_water_one_cm":15153,"minecraft:total_world_time":82764,"minecraft:fall_one_cm":38917,"minecraft:horse_one_cm":424},"minecraft:killed_by":{"minecraft:player":2}},"DataVersion":3465}