{"stats":{"minecraft:broken":{"minecraft:stone_axe":1},"minecraft:mined":{"knighys_additions:nerium":1,"minecraft:oak_door":1,"minecraft:orange_wool":12,"minecraft:crafting_table":3,"gravestone:gravestone":1,"minecraft:oak_wood":71,"minecraft:grass_block":4,"world:oak":19,"minecraft:blue_wool":10,"minecraft:blue_bed":1,"minecraft:furnace":1,"minecraft:coal_ore":16,"minecraft:oak_log":9,"minecraft:dirt":45,"minecraft:stripped_oak_log":1,"minecraft:stone":90,"minecraft:oak_leaves":3,"minecraft:orange_bed":2},"minecraft:crafted":{"minecraft:oak_door":3,"minecraft:oak_planks":120,"minecraft:stone_shovel":2,"minecraft:crafting_table":1,"minecraft:wooden_pickaxe":1,"minecraft:blue_bed":3,"minecraft:stone":2,"minecraft:stone_axe":3,"minecraft:air":0,"minecraft:stick":32,"minecraft:iron_ingot":1,"minecraft:stone_pickaxe":2,"minecraft:orange_bed":4,"minecraft:torch":48,"chiselsandbits:chisel_stone":2},"minecraft:custom":{"minecraft:interact_with_furnace":10,"minecraft:mob_kills":11,"minecraft:interact_with_crafting_table":13,"minecraft:interact_with_campfire":2,"minecraft:time_since_death":0,"minecraft:sleep_in_bed":2,"minecraft:time_since_rest":407,"minecraft:sprint_one_cm":36759,"minecraft:damage_taken":10000748,"minecraft:walk_one_cm":170387,"minecraft:drop":55,"minecraft:damage_dealt":3144,"minecraft:swim_one_cm":5050,"minecraft:fly_one_cm":69177,"minecraft:open_chest":2,"minecraft:crouch_one_cm":1873,"minecraft:play_time":65700,"minecraft:deaths":3,"minecraft:sneak_time":2133,"minecraft:walk_under_water_one_cm":3969,"minecraft:boat_one_cm":13977,"minecraft:jump":622,"minecraft:walk_on_water_one_cm":8825,"minecraft:total_world_time":65700,"minecraft:fall_one_cm":13467,"minecraft:horse_one_cm":18898},"minecraft:killed_by":{"darkestsouls:cloaked_beast_patient":1,"alexsmobs:cachalot_whale":1,"bwrtherain:vapor":1},"minecraft:dropped":{"minecraft:iron_ingot":1,"minecraft:stone_axe":1,"minecraft:stone_shovel":1,"minecraft:oak_planks":29,"chiselsandbits:chisel_stone":1,"minecraft:torch":23,"minecraft:wooden_pickaxe":1,"minecraft:stone_pickaxe":1,"chiselsandbits:block_bit":677},"minecraft:picked_up":{"minecraft:stripped_oak_log":1,"minecraft:crafting_table":3,"knighys_additions:nerium":1,"minecraft:oak_log":9,"minecraft:shield":1,"darkestsouls:beast_blood_clump":7,"minecraft:blue_bed":1,"minecraft:dirt":49,"chiselsandbits:chiseled_block":3,"darkestsouls:blood_stone_fragment":1,"minecraft:iron_pickaxe":1,"minecraft:furnace":1,"minecraft:blue_wool":10,"world:crystal_10":1,"minecraft:cooked_porkchop":3,"minecraft:oak_door":1,"minecraft:porkchop":2,"minecraft:orange_wool":12,"world:oak":19,"minecraft:orange_bed":2,"minecraft:oak_wood":71,"minecraft:coal":16,"minecraft:cobblestone":90},"minecraft:used":{"chiselsandbits:chiseled_block":3,"minecraft:stone_pickaxe":106,"minecraft:stone_shovel":12,"knighys_additions:nerium":1,"minecraft:wooden_pickaxe":3,"minecraft:blue_bed":1,"minecraft:orange_bed":1,"minecraft:oak_door":4,"minecraft:torch":2,"minecraft:dirt":27,"minecraft:crafting_table":3,"minecraft:oak_log":1,"minecraft:stone_axe":137,"world:oak":19,"minecraft:cooked_porkchop":3,"alexsmobs:animal_dictionary":1},"minecraft:killed":{"world:goblin":2,"minecraft:pig":2,"darkestsouls:ashen_blood_beast_patient":1,"world:dryad":1,"valarian_conquest:valarian_archer":1,"darkestsouls:cloaked_beast_patient":2,"darkestsouls:beast_patient":2}},"DataVersion":3465}