{"stats":{"minecraft:used":{"call_of_yucutan:flint_spear":3,"minecraft:armor_stand":1,"securitycraft:keypad_chest":2,"knighys_additions:nerium":1,"minecraft:spruce_planks":2,"minecraft:chest":3,"minecraft:wooden_shovel":32,"minecraft:cooked_salmon":7,"minecraft:iron_chestplate":1,"minecraft:oak_door":1,"minecraft:orange_bed":5,"minecraft:torch":12,"minecraft:dirt":108,"minecraft:oak_wood":5,"minecraft:granite":1,"minecraft:wooden_axe":16,"call_of_yucutan:wooden_tecpatl":32,"minecraft:iron_axe":3,"minecraft:iron_boots":1,"valarian_conquest:spikes":3,"minecraft:golden_sword":8,"world:oak":17,"minecraft:furnace":5,"minecraft:cooked_mutton":2,"minecraft:diorite":20,"minecraft:acacia_trapdoor":2,"minecraft:stone_pickaxe":268,"minecraft:oak_planks":8,"minecraft:wooden_pickaxe":12,"minecraft:glow_berries":2,"minecraft:oak_slab":3,"minecraft:crafting_table":10,"minecraft:acacia_door":2,"minecraft:melon_slice":29,"minecraft:iron_pickaxe":2,"minecraft:gravel":38,"minecraft:stone_axe":103,"minecraft:cobblestone":6,"minecraft:andesite":7},"minecraft:crafted":{"minecraft:oak_door":3,"minecraft:oak_planks":204,"call_of_yucutan:wooden_tecpatl":2,"minecraft:furnace":3,"minecraft:cooked_mutton":2,"call_of_yucutan:flint_spear":1,"minecraft:iron_boots":1,"minecraft:iron_axe":1,"minecraft:stone_pickaxe":2,"minecraft:chest":3,"minecraft:oak_slab":6,"minecraft:wooden_shovel":1,"minecraft:crafting_table":4,"minecraft:wooden_pickaxe":1,"minecraft:acacia_trapdoor":2,"minecraft:cooked_salmon":13,"minecraft:copper_ingot":32,"minecraft:bucket":1,"minecraft:birch_planks":24,"minecraft:stone_axe":1,"minecraft:air":0,"minecraft:jungle_planks":36,"minecraft:iron_chestplate":1,"minecraft:shield":2,"minecraft:stick":86,"minecraft:iron_ingot":18,"minecraft:iron_pickaxe":1,"minecraft:wooden_axe":1,"minecraft:acacia_door":3,"minecraft:acacia_planks":48,"minecraft:orange_bed":1,"minecraft:torch":72},"minecraft:killed":{"darkestsouls:hollow_axe":3,"darkestsouls:church_doctor":1,"knighys_additions:stuffed_faceless":1,"darkestsouls:hollow_broken_straightsword":1,"darkestsouls:skeleton_falchion":2,"valarian_conquest:valarian_archer":2,"darkestsouls:beast_patient":1,"darkestsouls:hollow_longsword":2,"valarian_conquest:valarian_scout":1,"minecraft:salmon":19,"knighys_additions:distorted_stuffed_faceless":1,"minecraft:sheep":2},"minecraft:dropped":{"minecraft:wheat_seeds":1,"darkestsouls:firebomb":1,"minecraft:copper_ingot":26,"valarian_conquest:spikes":2,"minecraft:melon_slice":31,"minecraft:acacia_door":1,"minecraft:white_wool":1,"minecraft:stone_axe":1,"minecraft:raw_copper":13,"darkestsouls:beast_blood_clump":2,"call_of_yucutan:flint_spear":1,"minecraft:shield":1,"minecraft:chest":1,"minecraft:stone_pickaxe":1},"minecraft:custom":{"minecraft:mob_kills":37,"minecraft:interact_with_crafting_table":37,"minecraft:leave_game":2,"minecraft:time_since_death":23590,"minecraft:climb_one_cm":8145,"minecraft:sprint_one_cm":220386,"minecraft:walk_one_cm":323106,"minecraft:drop":45,"minecraft:damage_dealt_absorbed":209,"minecraft:play_time":186080,"minecraft:deaths":11,"minecraft:sneak_time":28648,"minecraft:walk_under_water_one_cm":28879,"minecraft:boat_one_cm":67384,"minecraft:jump":1666,"minecraft:walk_on_water_one_cm":18187,"minecraft:total_world_time":186080,"minecraft:interact_with_furnace":46,"minecraft:sleep_in_bed":4,"minecraft:time_since_rest":894,"minecraft:damage_taken":3951,"minecraft:damage_dealt":5762,"minecraft:fly_one_cm":290110,"minecraft:swim_one_cm":85314,"minecraft:open_chest":29,"minecraft:crouch_one_cm":10771,"minecraft:fall_one_cm":53822},"minecraft:killed_by":{"knighys_additions:colostula":1,"valarian_conquest:valarian_archer":1,"darkestsouls:leech":2,"minecraft:skeleton":1,"knighys_additions:schiper":1},"minecraft:broken":{"minecraft:stone_pickaxe":1},"minecraft:picked_up":{"minecraft:wooden_axe":1,"call_of_yucutan:wooden_tecpatl":2,"minecraft:crafting_table":9,"minecraft:clay_ball":16,"minecraft:wooden_pickaxe":1,"darkestsouls:beast_blood_clump":2,"minecraft:string":1,"minecraft:raw_copper":43,"minecraft:cooked_salmon":4,"minecraft:armor_stand":1,"darkestsouls:rune_fragment":4,"minecraft:spruce_planks":2,"minecraft:beef":1,"minecraft:light_gray_wool":2,"minecraft:melon_slice":71,"minecraft:chest":1,"minecraft:furnace":3,"minecraft:stick":6,"minecraft:raw_iron":31,"darkestsouls:soul_fragment":2,"minecraft:copper_ingot":26,"minecraft:torch":2,"minecraft:acacia_log":12,"minecraft:diorite":20,"valarian_conquest:spikes":15,"minecraft:orange_bed":4,"darkestsouls:titanite_fragment":3,"minecraft:glow_berries":1,"minecraft:mutton":3,"minecraft:white_wool":3,"minecraft:cobblestone":165,"minecraft:birch_log":12,"knighys_additions:lightning_ball":1,"knighys_additions:nerium":1,"minecraft:andesite":8,"minecraft:jungle_log":9,"minecraft:salmon":17,"call_of_yucutan:flint_spear":1,"minecraft:birch_planks":4,"minecraft:flint":4,"minecraft:tuff":2,"minecraft:oak_log":27,"darkestsouls:firebomb":1,"minecraft:gunpowder":2,"minecraft:dirt":157,"minecraft:bone":1,"minecraft:bow":1,"minecraft:wheat_seeds":5,"minecraft:raw_gold":1,"minecraft:stone_pickaxe":3,"minecraft:iron_ingot":8,"minecraft:bamboo":85,"minecraft:oak_planks":6,"minecraft:oak_slab":3,"minecraft:gravel":41,"minecraft:orange_wool":3,"world:oak":27,"minecraft:oak_wood":41,"minecraft:stone_axe":4,"minecraft:granite":1,"darkestsouls:small_soul_fragment":1,"minecraft:coal":72},"minecraft:mined":{"knighys_additions:nerium":1,"minecraft:spruce_planks":2,"minecraft:jungle_leaves":5,"minecraft:orange_wool":5,"minecraft:granite":4,"minecraft:acacia_log":12,"minecraft:grass_block":49,"minecraft:jungle_log":9,"valarian_conquest:spikes":18,"world:oak":22,"minecraft:tall_seagrass":1,"minecraft:furnace":2,"minecraft:iron_ore":27,"minecraft:andesite":5,"minecraft:deepslate_iron_ore":1,"minecraft:bamboo":7,"minecraft:stone":156,"world:leavesoak":1,"minecraft:orange_bed":4,"world:plantforestbig_2":1,"minecraft:clay":4,"minecraft:crafting_table":8,"minecraft:oak_wood":37,"minecraft:melon":14,"minecraft:chest":1,"minecraft:tall_grass":1,"minecraft:copper_ore":11,"minecraft:diorite":20,"minecraft:wall_torch":1,"minecraft:seagrass":1,"minecraft:birch_log":9,"minecraft:birch_leaves":1,"minecraft:light_gray_wool":2,"minecraft:grass":52,"minecraft:oak_log":23,"minecraft:coal_ore":52,"minecraft:end_rod":1,"minecraft:gravel":45,"minecraft:dirt":85,"minecraft:gold_ore":1,"minecraft:oak_leaves":8,"minecraft:fern":3}},"DataVersion":3465}