{"stats":{"minecraft:broken":{"minecraft:iron_boots":1,"minecraft:stone_pickaxe":4,"minecraft:stone_shovel":1,"minecraft:shield":1,"minecraft:iron_pickaxe":3},"minecraft:mined":{"call_of_yucutan:mossy_ritual_rocks":1,"minecraft:spruce_planks":2,"minecraft:white_bed":11,"call_of_yucutan:polished_red_limestone_slab":2,"minecraft:jungle_leaves":46,"minecraft:orange_wool":10,"minecraft:granite":14,"minecraft:acacia_log":21,"minecraft:grass_block":102,"sophisticatedbackpacks:iron_backpack":5,"call_of_yucutan:golden_torch_wall":5,"minecraft:jungle_log":9,"minecraft:light_gray_bed":1,"minecraft:deepslate_bricks":19,"world:oak":22,"minecraft:blue_wool":3,"minecraft:spawner":10,"minecraft:tall_seagrass":1,"minecraft:magma_block":2,"call_of_yucutan:red_limestone_slab":1,"minecraft:iron_ore":71,"minecraft:fire":7,"minecraft:cobbled_deepslate":5,"supplementaries:stick":3,"call_of_yucutan:mossy_red_limestone":2,"minecraft:orange_bed":15,"minecraft:spruce_slab":2,"call_of_yucutan:golden_torch_ground":3,"minecraft:deepslate_redstone_ore":1,"minecraft:clay":4,"minecraft:torch":2,"the_pillager_legion_:legion_deep":16,"minecraft:melon":29,"minecraft:chest":5,"minecraft:cobblestone":57,"minecraft:oak_planks":1,"call_of_yucutan:polished_red_limestone":7,"minecraft:wall_torch":3,"call_of_yucutan:mystic_vine_block":7,"minecraft:seagrass":1,"minecraft:light_blue_terracotta":2,"minecraft:birch_log":9,"call_of_yucutan:red_limestone":6,"minecraft:light_gray_wool":2,"minecraft:black_bed":4,"call_of_yucutan:ritual_rocks":2,"the_pillager_legion_:legion_cut_deep_2":1,"minecraft:grass":190,"minecraft:oak_log":30,"minecraft:sand":165,"minecraft:dirt":231,"minecraft:oak_leaves":8,"minecraft:deepslate":204,"knighys_additions:nerium":2,"knighys_additions:colostula_web":1,"minecraft:deepslate_diamond_ore":3,"minecraft:oak_door":1,"minecraft:dark_oak_log":1,"minecraft:lever":1,"gravestone:gravestone":99,"call_of_yucutan:overgrown_chest":1,"minecraft:spruce_fence":3,"call_of_yucutan:chiseled_red_limestone":1,"minecraft:decorated_pot":9,"the_pillager_legion_:legion_cut_deep_3":16,"valarian_conquest:spikes":24,"minecraft:acacia_slab":2,"minecraft:kelp":1,"minecraft:sandstone":12,"minecraft:redstone_ore":1,"minecraft:oak_trapdoor":7,"minecraft:furnace":2,"minecraft:andesite":34,"minecraft:stripped_spruce_log":4,"call_of_yucutan:ancient_gold_pillar":3,"call_of_yucutan:polished_ritual_rock":3,"minecraft:cobblestone_slab":4,"minecraft:deepslate_iron_ore":30,"minecraft:vine":1,"minecraft:rail":25,"minecraft:bamboo":7,"minecraft:stone":675,"world:leavesoak":1,"call_of_yucutan:ancient_gold":8,"world:plantforestbig_2":1,"the_pillager_legion_:legion_stone":2,"call_of_yucutan:red_limestone_tiles":27,"minecraft:oak_fence":1,"minecraft:crafting_table":14,"minecraft:oak_wood":48,"minecraft:copper_ore":20,"minecraft:tall_grass":18,"minecraft:deepslate_gold_ore":13,"minecraft:diorite":39,"minecraft:blue_bed":1,"minecraft:orange_carpet":2,"call_of_yucutan:red_limestone_pressure_plate":2,"minecraft:birch_leaves":1,"minecraft:coal_ore":141,"minecraft:end_rod":1,"call_of_yucutan:ritual_rock_pillar":2,"minecraft:gravel":45,"minecraft:gray_carpet":2,"minecraft:gold_ore":11,"minecraft:chipped_anvil":3,"minecraft:fern":16},"minecraft:crafted":{"minecraft:oak_planks":208,"minecraft:cobblestone_slab":132,"minecraft:lever":1,"minecraft:cooked_mutton":2,"minecraft:iron_boots":1,"minecraft:chest":9,"minecraft:stone_hoe":1,"chiselsandbits:chisel_stone":2,"minecraft:oak_slab":12,"minecraft:wooden_shovel":1,"sophisticatedbackpacks:backpack":1,"minecraft:crafting_table":4,"minecraft:spruce_planks":12,"minecraft:acacia_slab":102,"minecraft:wooden_pickaxe":1,"minecraft:copper_ingot":32,"darkestsouls:sorcerer_staff_a":2,"minecraft:campfire":1,"minecraft:birch_planks":24,"minecraft:iron_chestplate":1,"minecraft:shield":2,"minecraft:stick":116,"minecraft:iron_ingot":18,"minecraft:iron_pickaxe":4,"minecraft:acacia_door":3,"minecraft:gold_ingot":5,"minecraft:oak_door":3,"call_of_yucutan:wooden_tecpatl":2,"minecraft:stone_shovel":2,"minecraft:furnace":4,"darkestsouls:bewitched_branch":6,"call_of_yucutan:flint_spear":1,"minecraft:iron_axe":1,"minecraft:stone_pickaxe":3,"minecraft:cooked_beef":1,"darkestsouls:small_soul_fragment":45,"minecraft:dried_kelp":3,"minecraft:acacia_trapdoor":6,"minecraft:blue_bed":1,"minecraft:cooked_salmon":17,"sophisticatedbackpacks:gold_backpack":2,"minecraft:bucket":1,"minecraft:stone_axe":2,"minecraft:acacia_boat":1,"minecraft:bread":6,"minecraft:air":0,"minecraft:jungle_planks":36,"darkestsouls:soul_fragment":2,"minecraft:oak_boat":2,"minecraft:wooden_axe":1,"minecraft:acacia_planks":84,"minecraft:orange_bed":2,"minecraft:torch":120},"minecraft:custom":{"minecraft:interact_with_crafting_table":91,"minecraft:leave_game":21,"minecraft:time_since_death":3458,"minecraft:sprint_one_cm":1086691,"minecraft:damage_blocked_by_shield":2570,"minecraft:drop":922,"minecraft:play_time":792825,"minecraft:deaths":134,"minecraft:jump":7549,"minecraft:walk_on_water_one_cm":149855,"minecraft:interact_with_furnace":88,"minecraft:play_record":1,"minecraft:sleep_in_bed":26,"minecraft:damage_dealt":95460,"minecraft:player_kills":9,"minecraft:crouch_one_cm":60423,"minecraft:interact_with_smithing_table":1,"minecraft:inspect_dispenser":2,"minecraft:horse_one_cm":359917,"minecraft:interact_with_anvil":2,"minecraft:mob_kills":452,"minecraft:interact_with_campfire":11,"minecraft:damage_dealt_resisted":15,"minecraft:climb_one_cm":11444,"minecraft:walk_one_cm":1539313,"minecraft:damage_dealt_absorbed":1601,"minecraft:sneak_time":51566,"minecraft:walk_under_water_one_cm":244584,"minecraft:boat_one_cm":1031803,"minecraft:interact_with_blast_furnace":1,"minecraft:total_world_time":792825,"minecraft:interact_with_grindstone":1,"minecraft:time_since_rest":3480,"minecraft:damage_taken":140530,"minecraft:swim_one_cm":475589,"minecraft:fly_one_cm":1486113,"minecraft:open_chest":235,"minecraft:fish_caught":15,"minecraft:fall_one_cm":190319},"minecraft:killed_by":{"darkestsouls:cloaked_beast_patient":10,"knighys_additions:colostula":1,"minecraft:drowned":9,"darkestsouls:skeleton_spear":1,"darkestsouls:leech":29,"valarian_conquest:mercenary":2,"the_pillager_legion_:veteran_infantryman_tpl":4,"minecraft:zombie":1,"world:dryad":1,"choups_drakvyrn_mod:drave":1,"darkestsouls:church_doctor_scythe":1,"knighys_additions:schiper":1,"darkestsouls:skeleton_falchion":1,"knighys_additions:pritour":5,"minecraft:player":4,"call_of_yucutan:undead_warrior":3,"call_of_yucutan:kukulkan":6,"darkestsouls:skeleton_swordsman_twin_shotels":4,"darkestsouls:skeleton_curved_swords":2,"valarian_conquest:valarian_archer":1,"darkestsouls:ashen_blood_beast_patient":1,"apollyon:the_damned":2,"minecraft:skeleton":3,"darkestsouls:hollow_assassin":1,"darkestsouls:beast_patient":4},"minecraft:dropped":{"sophisticatedbackpacks:iron_backpack":1,"minecraft:moss_block":2,"call_of_yucutan:elder_bone":37,"minecraft:lapis_lazuli":11,"call_of_yucutan:polished_red_limestone":5,"minecraft:diamond":2,"minecraft:crafting_table":1,"minecraft:cooked_porkchop":6,"minecraft:leather":8,"sophisticatedbackpacks:gold_backpack":4,"valarian_conquest:spikes":2,"minecraft:cod":1,"minecraft:emerald":40,"valarian_conquest:mercenary_spawn_block":2,"minecraft:mutton":5,"minecraft:coast_armor_trim_smithing_template":2,"minecraft:seagrass":3,"minecraft:cooked_cod":5,"the_pillager_legion_:legion_sword_tpl":4,"gravestone:obituary":115,"minecraft:sand":12,"call_of_yucutan:red_limestone":2,"minecraft:acacia_door":1,"minecraft:white_wool":4,"minecraft:blue_bed":1,"minecraft:gold_ingot":5,"minecraft:bone":2,"minecraft:stone_axe":1,"darkestsouls:blood_stone_fragment":7,"minecraft:lever":2,"minecraft:iron_nugget":3,"darkestsouls:titanite_fragment":11,"minecraft:cobbled_deepslate":13,"minecraft:wheat":8,"minecraft:blue_wool":2,"minecraft:rotten_flesh":7,"minecraft:oak_planks":5,"knighys_additions:nerium":2,"darkestsouls:beast_blood_clump":2,"minecraft:white_bed":2,"call_of_yucutan:mossy_limestone_tiles":2,"minecraft:gunpowder":11,"minecraft:blade_pottery_sherd":2,"the_pillager_legion_:legion_cut_deep_3":36,"minecraft:acacia_slab":2,"minecraft:leather_boots":1,"minecraft:arms_up_pottery_sherd":2,"minecraft:acacia_sapling":1,"the_pillager_legion_:legion_deep":3,"minecraft:chest":1,"minecraft:painting":1,"call_of_yucutan:ancient_gold_pillar":5,"minecraft:spruce_slab":1,"minecraft:arrow":16,"minecraft:beef":23,"darkestsouls:sorcerer_staff_a":1,"world:crystal_10":4,"call_of_yucutan:ritual_rocks":2,"darkestsouls:soul_fragment":9,"the_pillager_legion_:legion_armor_helmet":4,"the_pillager_legion_:legion_armor_boots":5,"minecraft:iron_ingot":1,"minecraft:bread":26,"darkestsouls:rune_fragment":26,"minecraft:oak_slab":6,"call_of_yucutan:mossy_ritual_rocks":1,"minecraft:wheat_seeds":9,"minecraft:plenty_pottery_sherd":2,"minecraft:feather":5,"minecraft:prismarine_crystals":3,"minecraft:book":9,"minecraft:apple":2,"darkestsouls:firebomb":1,"minecraft:explorer_pottery_sherd":2,"valarian_conquest:mercenary_sword":4,"minecraft:copper_ingot":26,"call_of_yucutan:polished_red_limestone_stairs":1,"minecraft:coal":71,"minecraft:golden_apple":2,"minecraft:pufferfish":1,"call_of_yucutan:red_limestone_slab":1,"minecraft:diamond_horse_armor":1,"darkestsouls:broken_straightsword":1,"minecraft:diorite":1,"minecraft:torch":20,"call_of_yucutan:polished_ritual_rock":1,"minecraft:melon_slice":31,"minecraft:potion":2,"valarian_conquest:command_wand":1,"minecraft:heart_of_the_sea":1,"alexsmobs:ghostly_pickaxe":2,"minecraft:chipped_anvil":3,"minecraft:orange_bed":1,"minecraft:paper":24,"minecraft:string":4,"call_of_yucutan:red_limestone_pressure_plate":1,"minecraft:gray_carpet":1,"minecraft:skull_pottery_sherd":2,"minecraft:raw_copper":15,"call_of_yucutan:ancient_gold":9,"minecraft:bowl":1,"valarian_conquest:valarian_spear":1,"minecraft:raw_iron":10,"minecraft:stone_shovel":1,"sophisticatedbackpacks:backpack":1,"the_pillager_legion_:legion_disc_blocky_world":2,"minecraft:name_tag":1,"call_of_yucutan:golden_torch":6,"darkestsouls:throwing_knife":2,"minecraft:spruce_fence":1,"chiselsandbits:chisel_stone":2,"minecraft:deepslate_bricks":3,"call_of_yucutan:chiseled_red_limestone":1,"minecraft:filled_map":6,"call_of_yucutan:flint_spear":1,"minecraft:cobblestone_slab":188,"minecraft:shield":6,"minecraft:spruce_trapdoor":2,"minecraft:andesite":18,"minecraft:light_gray_bed":1,"minecraft:oak_boat":2,"the_pillager_legion_:legion_axe_tpl":4,"minecraft:spider_eye":5,"knighys_additions:stick_grip":1,"minecraft:sandstone":3,"minecraft:stone_pickaxe":2,"minecraft:wooden_pickaxe":4,"minecraft:raw_gold":6,"darkestsouls:beast_eye":1,"minecraft:light_blue_terracotta":2,"minecraft:heartbreak_pottery_sherd":2,"minecraft:brick":17},"minecraft:picked_up":{"minecraft:wooden_axe":1,"call_of_yucutan:wooden_tecpatl":2,"minecraft:seagrass":3,"minecraft:iron_chestplate":1,"minecraft:wheat":1,"choups_drakvyrn_mod:intact_geode":1,"minecraft:suspicious_stew":1,"minecraft:potion":3,"darkestsouls:beast_blood_clump":12,"minecraft:string":24,"minecraft:raw_copper":73,"minecraft:cooked_salmon":21,"minecraft:explorer_pottery_sherd":2,"minecraft:armor_stand":1,"minecraft:pufferfish":2,"darkestsouls:rune_fragment":47,"minecraft:cobbled_deepslate":227,"minecraft:spruce_planks":3,"minecraft:bucket":1,"knighys_additions:odd_silk":6,"minecraft:cobblestone_slab":190,"minecraft:melon_slice":157,"the_pillager_legion_:legion_armor_helmet":16,"minecraft:iron_boots":1,"minecraft:furnace":3,"minecraft:blue_wool":5,"minecraft:stick":15,"call_of_yucutan:mossy_limestone_tiles":2,"minecraft:oak_fence":1,"minecraft:torch":9,"minecraft:acacia_log":21,"call_of_yucutan:red_limestone":9,"minecraft:diorite":37,"knighys_additions:stick_grip":1,"darkestsouls:beast_eye":1,"minecraft:orange_bed":15,"valarian_conquest:mercenary_spawn_block":1,"minecraft:light_gray_bed":1,"minecraft:rotten_flesh":28,"the_pillager_legion_:legion_stone":2,"call_of_yucutan:mossy_red_limestone":2,"darkestsouls:titanite_fragment":21,"supplementaries:ash":1,"minecraft:cod":10,"minecraft:cobblestone":730,"minecraft:birch_log":12,"minecraft:magma_block":2,"knighys_additions:lightning_ball":1,"call_of_yucutan:chiseled_red_limestone":1,"minecraft:feather":9,"the_pillager_legion_:legion_sword_tpl":14,"minecraft:andesite":61,"knighys_additions:nerium":3,"minecraft:jungle_log":9,"minecraft:orange_carpet":2,"minecraft:black_bed":4,"minecraft:potato":6,"minecraft:flint":4,"minecraft:tuff":2,"call_of_yucutan:ritual_rock_pillar":2,"call_of_yucutan:mossy_ritual_rocks":1,"minecraft:acacia_boat":1,"minecraft:lapis_lazuli":50,"minecraft:dirt":553,"minecraft:leather_boots":1,"minecraft:bone":31,"minecraft:chipped_anvil":3,"minecraft:acacia_planks":55,"chiselsandbits:chiseled_block":3,"minecraft:bow":2,"minecraft:wheat_seeds":39,"minecraft:raw_gold":30,"call_of_yucutan:golden_torch":15,"minecraft:dark_oak_sign":2,"minecraft:bamboo":90,"minecraft:moss_block":2,"minecraft:oak_planks":11,"darkestsouls:bone_fragment":2,"minecraft:ghast_tear":1,"minecraft:cooked_porkchop":6,"minecraft:poisonous_potato":4,"call_of_yucutan:polished_red_limestone_stairs":1,"minecraft:sand":252,"minecraft:stripped_spruce_log":3,"sophisticatedbackpacks:iron_backpack":8,"minecraft:dark_oak_log":1,"call_of_yucutan:red_limestone_pressure_plate":3,"minecraft:orange_wool":8,"world:oak":27,"call_of_yucutan:elder_bone":43,"call_of_yucutan:ancient_gold":12,"call_of_yucutan:red_limestone_slab":1,"minecraft:sugar":1,"minecraft:light_blue_terracotta":2,"minecraft:diamond":1,"minecraft:lever":2,"minecraft:granite":8,"minecraft:golden_apple":3,"minecraft:bread":9,"minecraft:emerald":39,"minecraft:plenty_pottery_sherd":2,"minecraft:oak_sapling":2,"sophisticatedbackpacks:gold_backpack":3,"minecraft:crafting_table":15,"minecraft:chicken":1,"minecraft:clay_ball":16,"minecraft:wooden_pickaxe":5,"minecraft:diamond_horse_armor":2,"call_of_yucutan:ancient_gold_pillar":5,"gravestone:obituary":33,"minecraft:shield":16,"minecraft:brick":17,"minecraft:oak_trapdoor":8,"darkestsouls:sorcerer_staff_a":2,"the_pillager_legion_:legion_stairs_deep":17,"minecraft:beef":24,"minecraft:oak_boat":18,"minecraft:iron_nugget":4,"minecraft:light_gray_wool":2,"minecraft:spruce_slab":2,"minecraft:chest":5,"minecraft:spruce_trapdoor":2,"call_of_yucutan:polished_red_limestone":7,"minecraft:egg":1,"minecraft:raw_iron":109,"minecraft:sandstone":15,"minecraft:oak_door":1,"darkestsouls:soul_fragment":22,"minecraft:copper_ingot":26,"minecraft:bowl":1,"sophisticatedbackpacks:backpack":1,"minecraft:spruce_fence":4,"minecraft:skull_pottery_sherd":2,"minecraft:carrot":7,"valarian_conquest:spikes":20,"minecraft:redstone":8,"minecraft:tnt":7,"minecraft:arrow":24,"minecraft:cooked_cod":5,"minecraft:decorated_pot":2,"the_pillager_legion_:legion_disc_blocky_marsh":1,"minecraft:deepslate_bricks":19,"the_pillager_legion_:legion_disc_blocky_world":3,"minecraft:gold_ingot":11,"minecraft:saddle":4,"valarian_conquest:valarian_spear":13,"the_pillager_legion_:legion_armor_boots":19,"minecraft:glow_berries":5,"alexsmobs:ghostly_pickaxe":3,"minecraft:mutton":8,"minecraft:white_wool":6,"minecraft:rail":32,"minecraft:heartbreak_pottery_sherd":2,"the_pillager_legion_:legion_cut_deep_2":1,"minecraft:salmon":22,"call_of_yucutan:flint_spear":1,"minecraft:leather":19,"minecraft:birch_planks":4,"minecraft:filled_map":3,"call_of_yucutan:ritual_rocks":2,"minecraft:oak_log":34,"darkestsouls:firebomb":1,"minecraft:gunpowder":20,"minecraft:blue_bed":3,"minecraft:paper":7,"valarian_conquest:mercenary_shield":1,"minecraft:coast_armor_trim_smithing_template":2,"call_of_yucutan:polished_ritual_rock":3,"minecraft:kelp":1,"minecraft:gray_carpet":3,"minecraft:apple":3,"minecraft:heart_of_the_sea":3,"minecraft:iron_ingot":8,"minecraft:stone_pickaxe":13,"minecraft:blade_pottery_sherd":2,"the_pillager_legion_:legion_cut_deep_3":69,"the_pillager_legion_:legion_deep":13,"darkestsouls:blood_stone_fragment":11,"minecraft:acacia_sapling":1,"minecraft:arms_up_pottery_sherd":2,"world:crystal_10":4,"minecraft:oak_slab":9,"minecraft:dandelion":1,"minecraft:gravel":41,"minecraft:white_bed":12,"call_of_yucutan:red_limestone_tiles":30,"the_pillager_legion_:legion_axe_tpl":8,"minecraft:spider_eye":14,"darkestsouls:broken_straightsword":1,"minecraft:oak_wood":56,"minecraft:diamond_shovel":1,"minecraft:stone_axe":15,"darkestsouls:small_soul_fragment":19,"minecraft:acacia_slab":5,"minecraft:coal":162,"darkestsouls:throwing_knife":3},"minecraft:used":{"chiselsandbits:chiseled_block":3,"minecraft:spruce_slab":1,"knighys_additions:nerium":1,"minecraft:decorated_pot":2,"minecraft:chest":12,"minecraft:shield":56,"minecraft:iron_chestplate":2,"call_of_yucutan:polished_red_limestone":2,"minecraft:orange_wool":2,"call_of_yucutan:wooden_tecpatl":32,"minecraft:lava_bucket":1,"valarian_conquest:spikes":8,"minecraft:golden_sword":8,"minecraft:magma_block":1,"minecraft:furnace":6,"minecraft:cooked_cod":5,"minecraft:egg":1,"the_pillager_legion_:legion_armor_boots":1,"minecraft:diorite":20,"minecraft:acacia_trapdoor":6,"minecraft:stone_pickaxe":623,"minecraft:gray_carpet":2,"minecraft:dark_oak_sign":2,"minecraft:oak_planks":8,"minecraft:wooden_pickaxe":12,"minecraft:sandstone":7,"minecraft:blue_bed":2,"the_pillager_legion_:legion_axe_tpl":14,"minecraft:glow_berries":10,"minecraft:sand":23,"minecraft:black_bed":4,"minecraft:lever":1,"sophisticatedbackpacks:backpack":1,"minecraft:acacia_door":2,"minecraft:melon_slice":115,"minecraft:bread":13,"call_of_yucutan:polished_ritual_rock":2,"minecraft:gravel":38,"the_pillager_legion_:legion_cut_deep_3":13,"minecraft:andesite":24,"minecraft:oak_boat":17,"minecraft:oak_fence":1,"minecraft:oak_trapdoor":8,"sophisticatedbackpacks:iron_backpack":7,"call_of_yucutan:flint_spear":3,"minecraft:armor_stand":1,"minecraft:stone_shovel":131,"minecraft:dried_kelp":3,"minecraft:spruce_planks":2,"call_of_yucutan:ancient_gold":3,"minecraft:stick":3,"minecraft:wooden_shovel":32,"minecraft:cooked_salmon":15,"minecraft:orange_bed":13,"minecraft:oak_door":2,"minecraft:torch":55,"minecraft:dirt":321,"minecraft:spyglass":4,"choups_drakvyrn_mod:intact_geode":1,"minecraft:oak_wood":6,"minecraft:granite":4,"call_of_yucutan:red_limestone_pressure_plate":2,"call_of_yucutan:mossy_red_limestone":2,"minecraft:wooden_axe":16,"call_of_yucutan:red_limestone_tiles":16,"minecraft:iron_axe":3,"minecraft:acacia_slab":105,"minecraft:iron_boots":2,"the_pillager_legion_:legion_cut_deep_2":1,"alexsmobs:ghostly_pickaxe":140,"world:oak":17,"valarian_conquest:mercenary_spawn_block":1,"call_of_yucutan:red_limestone":7,"the_pillager_legion_:legion_deep":8,"minecraft:cooked_beef":7,"minecraft:cobbled_deepslate":7,"sophisticatedbackpacks:gold_backpack":4,"minecraft:cooked_mutton":2,"minecraft:acacia_boat":2,"minecraft:water_bucket":30,"the_pillager_legion_:legion_disc_blocky_world":1,"minecraft:cobblestone_slab":10,"minecraft:deepslate_bricks":9,"minecraft:rail":2,"minecraft:orange_carpet":2,"minecraft:white_bed":9,"minecraft:oak_slab":10,"minecraft:crafting_table":16,"minecraft:campfire":1,"minecraft:painting":2,"call_of_yucutan:ritual_rock_pillar":2,"minecraft:command_block":1,"minecraft:iron_pickaxe":750,"minecraft:stone_axe":130,"minecraft:fishing_rod":19,"minecraft:cobblestone":312,"minecraft:cooked_porkchop":12,"minecraft:bucket":32,"alexsmobs:animal_dictionary":3,"minecraft:dandelion":1,"minecraft:kelp":6},"minecraft:killed":{"darkestsouls:gravetender_hollow_longsword":1,"darkestsouls:bonewheel":2,"minecraft:cave_spider":5,"darkestsouls:skeleton_curved_swords":7,"darkestsouls:ashen_blood_beast_patient":1,"knighys_additions:stuffed_faceless":2,"minecraft:spider":9,"darkestsouls:church_doctor_scythe":1,"knighys_additions:spook":1,"darkestsouls:leech":18,"world:dryad":9,"minecraft:skeleton":9,"minecraft:chicken":2,"valarian_conquest:valarian_archer":2,"darkestsouls:church_doctor_pistol":1,"darkestsouls:beast_patient":8,"alexsmobs:skelewag":1,"darkestsouls:hollow_assassin":7,"darkestsouls:hollow_longsword":3,"valarian_conquest:valarian_scout":1,"minecraft:salmon":21,"knighys_additions:cocoon":2,"darkestsouls:gravetender_hollow_broken_straightsword":2,"minecraft:creeper":9,"minecraft:sheep":5,"gravestone:player_ghost":2,"call_of_yucutan:undead_warrior":14,"darkestsouls:skeleton_spear":8,"minecraft:zombie":11,"minecraft:cow":9,"darkestsouls:hollow_axe":9,"darkestsouls:church_doctor":4,"darkestsouls:hollow_broken_straightsword":9,"darkestsouls:skeleton_falchion":9,"alexsmobs:underminer":1,"minecraft:drowned":12,"world:goblin":1,"valarian_conquest:mercenary":1,"minecraft:bat":1,"knighys_additions:colostula":1,"knighys_additions:distorted_stuffed_faceless":2,"knighys_additions:raggy":1,"the_pillager_legion_:veteran_infantryman_tpl":106,"darkestsouls:cloaked_beast_patient":13,"the_pillager_legion_:infantryman_tpl":95}},"DataVersion":3465}