{"stats":{"minecraft:mined":{"minecraft:red_carpet":2,"minecraft:white_bed":5,"minecraft:deepslate_diamond_ore":1,"minecraft:jungle_leaves":1,"minecraft:gray_stained_glass_pane":1,"minecraft:brewing_stand":3,"minecraft:granite":3,"minecraft:grass_block":157,"minecraft:mangrove_fence":2,"minecraft:coal_block":30,"minecraft:frosted_ice":3,"minecraft:spawner":10,"minecraft:hay_block":69,"minecraft:black_stained_glass_pane":5,"minecraft:fire":3,"biomesoplenty:lavender":11,"minecraft:andesite":1,"minecraft:target":1,"minecraft:azure_bluet":1,"minecraft:gold_block":2,"minecraft:iron_bars":5,"minecraft:stripped_mangrove_wood":6,"minecraft:stone":51,"minecraft:player_head":1,"minecraft:orange_bed":1,"minecraft:smithing_table":1,"minecraft:cut_sandstone":3,"minecraft:crafting_table":6,"minecraft:torch":1,"minecraft:tall_grass":1,"biomesoplenty:sprout":1,"biomesoplenty:huge_clover_petal":1,"minecraft:sugar_cane":2,"minecraft:wall_torch":2,"supplementaries:urn":6,"minecraft:seagrass":1,"minecraft:trapped_chest":1,"minecraft:mud":4,"minecraft:birch_log":18,"minecraft:wheat":3,"minecraft:spruce_log":1,"minecraft:jukebox":1,"minecraft:stone_brick_stairs":1,"minecraft:grass":41,"minecraft:mangrove_slab":1,"biomesoplenty:clover":1,"minecraft:oak_log":3,"minecraft:coal_ore":19,"minecraft:sunflower":1,"minecraft:gravel":6,"minecraft:sand":42,"minecraft:dirt":146,"minecraft:stone_bricks":2,"minecraft:netherrack":19,"minecraft:chipped_anvil":3,"minecraft:oak_leaves":4,"minecraft:deepslate":2},"minecraft:used":{"minecraft:trident":218,"minecraft:iron_shovel":435,"minecraft:flint_and_steel":1,"minecraft:chest":2,"minecraft:iron_sword":224,"minecraft:netherrack":19,"minecraft:torch":73,"minecraft:dirt":246,"minecraft:anvil":1,"minecraft:lava_bucket":10,"minecraft:chipped_anvil":2,"minecraft:iron_axe":34,"minecraft:iron_boots":1,"minecraft:stone_brick_stairs":1,"minecraft:trapped_chest":1,"minecraft:water_bucket":38,"minecraft:birch_planks":2,"minecraft:mangrove_planks":28,"biomesoplenty:lavender":13,"minecraft:sugar_cane":2,"minecraft:golden_apple":1,"minecraft:golden_hoe":16,"supplementaries:bomb":4,"minecraft:mushroom_stew":1,"minecraft:crafting_table":8,"minecraft:crossbow":3,"minecraft:white_bed":4,"minecraft:cake":1,"waystones:waystone":2,"minecraft:bread":107,"minecraft:iron_pickaxe":96,"minecraft:gravel":5,"minecraft:cobblestone":43,"minecraft:potion":1,"minecraft:smithing_table":1,"minecraft:bucket":50},"minecraft:killed":{"darkestsouls:hollow_axe":4,"darkestsouls:bonewheel":1,"darkestsouls:church_doctor":3,"minecraft:zombified_piglin":2,"darkestsouls:skeleton_curved_swords":2,"darkestsouls:ashen_blood_beast_patient":1,"minecraft:spider":1,"darkestsouls:church_doctor_scythe":1,"valarian_conquest:valarian_knight":3,"arphex:moth_moonchaser":1,"alexsmobs:sugar_glider":1,"minecraft:phantom":9,"minecraft:skeleton":9,"darkestsouls:hollow_broken_straightsword":2,"arphex:hornet_harbinger":1,"minecraft:chicken":1,"darkestsouls:church_doctor_pistol":1,"darkestsouls:beast_patient":5,"darkestsouls:hollow_longsword":1,"darkestsouls:hollow_assassin":3,"alexsmobs:flying_fish":1,"minecraft:husk":7,"minecraft:iron_golem":2,"minecraft:wandering_trader":1,"bwrtherain:spider_skull":1,"minecraft:hoglin":2,"darkestsouls:gravetender_hollow_broken_straightsword":4,"minecraft:creeper":1,"darkestsouls:skeleton_spear":5,"minecraft:zombie":5,"darkestsouls:cloaked_beast_patient":1,"minecraft:wither_skeleton":28,"apollyon:the_damned":13},"minecraft:crafted":{"minecraft:oak_planks":12,"minecraft:coal":27,"minecraft:birch_boat":2,"minecraft:flint_and_steel":1,"minecraft:chest":2,"sophisticatedbackpacks:iron_backpack":2,"minecraft:wheat":126,"minecraft:crafting_table":3,"sophisticatedbackpacks:gold_backpack":3,"minecraft:mangrove_planks":28,"minecraft:bucket":2,"minecraft:birch_planks":40,"minecraft:bread":67,"sophisticatedbackpacks:diamond_backpack":2,"minecraft:stick":24,"minecraft:iron_pickaxe":1,"minecraft:iron_block":3,"minecraft:gold_ingot":18,"minecraft:anvil":1,"minecraft:torch":76},"minecraft:custom":{"minecraft:interact_with_smithing_table":3,"minecraft:interact_with_anvil":11,"minecraft:mob_kills":127,"minecraft:interact_with_crafting_table":26,"minecraft:open_barrel":24,"minecraft:damage_dealt_resisted":146,"minecraft:eat_cake_slice":5,"minecraft:leave_game":3,"minecraft:time_since_death":14958,"minecraft:climb_one_cm":9095,"minecraft:damage_resisted":313,"minecraft:sprint_one_cm":914876,"minecraft:walk_one_cm":1124924,"minecraft:drop":111,"minecraft:damage_dealt_absorbed":40,"minecraft:talked_to_villager":7,"minecraft:play_time":242186,"minecraft:deaths":6,"minecraft:sneak_time":7496,"minecraft:walk_under_water_one_cm":63007,"minecraft:boat_one_cm":82432,"minecraft:jump":1570,"minecraft:interact_with_blast_furnace":1,"minecraft:walk_on_water_one_cm":39982,"minecraft:total_world_time":242186,"minecraft:sleep_in_bed":5,"minecraft:time_since_rest":14984,"minecraft:waystone_activated":5,"minecraft:damage_taken":94362,"minecraft:damage_absorbed":40,"minecraft:trigger_trapped_chest":1,"minecraft:damage_dealt":43887,"minecraft:swim_one_cm":81736,"minecraft:fly_one_cm":277227,"minecraft:open_chest":81,"minecraft:crouch_one_cm":31150,"minecraft:inspect_dispenser":2,"minecraft:fall_one_cm":90904,"minecraft:horse_one_cm":424},"minecraft:killed_by":{"minecraft:player":2,"minecraft:creeper":1,"darkestsouls:ashen_blood_beast_patient":1},"minecraft:dropped":{"minecraft:iron_sword":1,"minecraft:wheat_seeds":39,"arphex:maggot_grub":1,"minecraft:glow_ink_sac":1,"minecraft:glass_bottle":1,"minecraft:diamond":1,"minecraft:dark_oak_sapling":1,"biomesoplenty:magic_sapling":1,"biomesoplenty:lavender":2,"minecraft:feather":2,"minecraft:iron_helmet":1,"sophisticatedbackpacks:gold_backpack":1,"minecraft:rose_bush":1,"minecraft:iron_leggings":1,"minecraft:wither_rose":3,"minecraft:white_banner":3,"minecraft:mud":3,"minecraft:string":4,"minecraft:mangrove_slab":1,"minecraft:bucket":1,"minecraft:gravel":1,"alexsmobs:maggot":2,"minecraft:iron_nugget":3,"farmersdelight:cabbage_seeds":1,"minecraft:iron_boots":1,"minecraft:azure_bluet":1,"minecraft:white_bed":1,"minecraft:flint_and_steel":1,"minecraft:mangrove_fence":2,"minecraft:poppy":1,"supplementaries:flax_seeds":1,"minecraft:turtle_helmet":4,"minecraft:iron_chestplate":1,"minecraft:andesite":1,"minecraft:chainmail_boots":1,"minecraft:oak_sapling":3,"minecraft:barrel":1,"minecraft:stone_bricks":2,"minecraft:birch_boat":2,"minecraft:iron_bars":5,"darkestsouls:soul_fragment":5,"slashblade:proudsoul_tiny":1,"arphex:fly_appendage":1},"minecraft:picked_up":{"minecraft:mud":3,"minecraft:iron_chestplate":1,"minecraft:crafting_table":3,"minecraft:wheat":7,"minecraft:azure_bluet":1,"minecraft:chainmail_boots":1,"minecraft:turtle_helmet":1,"minecraft:diamond_sword":1,"minecraft:wither_rose":1,"minecraft:gold_block":1,"minecraft:enchanted_book":5,"minecraft:stone_brick_stairs":1,"minecraft:brewing_stand":3,"darkestsouls:beast_blood_clump":2,"minecraft:string":2,"minecraft:iron_leggings":1,"minecraft:item_frame":2,"minecraft:experience_bottle":4,"darkestsouls:rune_fragment":2,"knighys_additions:wither_bone":1,"supplementaries:bomb":2,"minecraft:cobbled_deepslate":4,"minecraft:rose_bush":1,"minecraft:player_head":1,"minecraft:iron_nugget":6,"minecraft:poppy":1,"minecraft:coal_block":11,"minecraft:sugar_cane":2,"minecraft:phantom_membrane":2,"farmersdelight:cabbage_seeds":1,"minecraft:dark_oak_sapling":1,"apotheosis:gem":7,"minecraft:stripped_mangrove_wood":7,"darkestsouls:soul_fragment":6,"minecraft:torch":2,"arphex:maggot_grub":1,"sophisticatedbackpacks:backpack":1,"minecraft:arrow":6,"minecraft:rotten_flesh":6,"minecraft:hay_block":64,"darkestsouls:titanite_fragment":10,"minecraft:gold_ingot":13,"supplementaries:ash":3,"minecraft:iron_bars":5,"minecraft:cobblestone":45,"minecraft:birch_log":18,"minecraft:feather":2,"minecraft:andesite":1,"minecraft:leather":1,"minecraft:flint":1,"minecraft:oak_log":3,"supplementaries:flax_seeds":1,"minecraft:gunpowder":1,"minecraft:mangrove_slab":1,"minecraft:dirt":241,"minecraft:white_banner":3,"minecraft:red_carpet":2,"minecraft:bone":14,"minecraft:apple":3,"minecraft:stone_bricks":2,"minecraft:bow":1,"minecraft:wheat_seeds":22,"minecraft:raw_gold":6,"minecraft:iron_ingot":19,"minecraft:diamond_helmet":1,"minecraft:iron_sword":1,"darkestsouls:bone_fragment":1,"minecraft:cooked_porkchop":3,"minecraft:birch_boat":1,"minecraft:gravel":6,"minecraft:spruce_sapling":1,"sophisticatedbackpacks:iron_backpack":1,"minecraft:white_bed":5,"minecraft:trapped_chest":1,"arphex:fly_appendage":1,"minecraft:slime_ball":6,"minecraft:diamond":1,"waystones:waystone":1,"minecraft:granite":3,"minecraft:emerald":3,"darkestsouls:small_soul_fragment":5,"alexsmobs:maggot":2,"minecraft:oak_sapling":3,"minecraft:netherrack":19,"minecraft:coal":19,"minecraft:ender_pearl":1}},"DataVersion":3465}