{"stats":{"minecraft:used":{"minecraft:spruce_slab":1,"knighys_additions:nerium":1,"minecraft:decorated_pot":2,"minecraft:chest":10,"minecraft:shield":4,"minecraft:iron_chestplate":1,"call_of_yucutan:polished_red_limestone":2,"minecraft:orange_wool":2,"call_of_yucutan:wooden_tecpatl":32,"valarian_conquest:spikes":8,"minecraft:golden_sword":8,"minecraft:furnace":6,"minecraft:egg":1,"minecraft:diorite":20,"minecraft:acacia_trapdoor":6,"minecraft:stone_pickaxe":399,"minecraft:gray_carpet":2,"minecraft:dark_oak_sign":2,"minecraft:oak_planks":8,"minecraft:wooden_pickaxe":12,"minecraft:sandstone":7,"minecraft:blue_bed":1,"minecraft:glow_berries":2,"minecraft:sand":4,"minecraft:black_bed":1,"minecraft:lever":1,"sophisticatedbackpacks:backpack":1,"minecraft:acacia_door":2,"minecraft:melon_slice":102,"call_of_yucutan:polished_ritual_rock":2,"minecraft:gravel":38,"minecraft:andesite":7,"minecraft:oak_boat":13,"minecraft:oak_trapdoor":1,"sophisticatedbackpacks:iron_backpack":7,"call_of_yucutan:flint_spear":3,"minecraft:armor_stand":1,"minecraft:stone_shovel":131,"minecraft:dried_kelp":3,"minecraft:spruce_planks":2,"call_of_yucutan:ancient_gold":3,"minecraft:wooden_shovel":32,"minecraft:cooked_salmon":15,"minecraft:oak_door":2,"minecraft:orange_bed":11,"minecraft:torch":17,"minecraft:dirt":241,"minecraft:oak_wood":6,"minecraft:granite":1,"call_of_yucutan:red_limestone_pressure_plate":2,"call_of_yucutan:mossy_red_limestone":2,"minecraft:wooden_axe":16,"call_of_yucutan:red_limestone_tiles":16,"minecraft:iron_axe":3,"minecraft:acacia_slab":105,"minecraft:iron_boots":1,"world:oak":17,"call_of_yucutan:red_limestone":7,"minecraft:cooked_mutton":2,"minecraft:acacia_boat":2,"minecraft:water_bucket":16,"minecraft:orange_carpet":2,"minecraft:oak_slab":10,"minecraft:crafting_table":14,"minecraft:white_bed":7,"minecraft:campfire":1,"minecraft:painting":2,"call_of_yucutan:ritual_rock_pillar":2,"minecraft:command_block":1,"minecraft:iron_pickaxe":433,"minecraft:stone_axe":126,"minecraft:fishing_rod":19,"minecraft:cobblestone":157,"minecraft:bucket":17,"alexsmobs:animal_dictionary":3,"minecraft:dandelion":1,"minecraft:kelp":6},"minecraft:mined":{"call_of_yucutan:mossy_ritual_rocks":1,"minecraft:spruce_planks":2,"minecraft:white_bed":9,"call_of_yucutan:polished_red_limestone_slab":2,"minecraft:jungle_leaves":46,"minecraft:orange_wool":10,"minecraft:granite":4,"minecraft:acacia_log":21,"minecraft:grass_block":76,"sophisticatedbackpacks:iron_backpack":5,"call_of_yucutan:golden_torch_wall":5,"minecraft:jungle_log":9,"world:oak":22,"minecraft:blue_wool":3,"minecraft:spawner":1,"minecraft:tall_seagrass":1,"call_of_yucutan:red_limestone_slab":1,"minecraft:iron_ore":31,"minecraft:fire":7,"call_of_yucutan:mossy_red_limestone":2,"minecraft:spruce_slab":2,"minecraft:orange_bed":11,"call_of_yucutan:golden_torch_ground":3,"minecraft:clay":4,"minecraft:melon":29,"minecraft:chest":5,"minecraft:cobblestone":49,"call_of_yucutan:polished_red_limestone":7,"minecraft:wall_torch":2,"call_of_yucutan:mystic_vine_block":7,"minecraft:seagrass":1,"minecraft:light_blue_terracotta":2,"minecraft:birch_log":9,"call_of_yucutan:red_limestone":6,"minecraft:light_gray_wool":2,"minecraft:black_bed":2,"call_of_yucutan:ritual_rocks":2,"minecraft:grass":188,"minecraft:oak_log":30,"minecraft:sand":153,"minecraft:dirt":175,"minecraft:oak_leaves":8,"knighys_additions:nerium":2,"knighys_additions:colostula_web":1,"minecraft:oak_door":1,"minecraft:dark_oak_log":1,"minecraft:lever":1,"gravestone:gravestone":76,"call_of_yucutan:overgrown_chest":1,"minecraft:spruce_fence":3,"call_of_yucutan:chiseled_red_limestone":1,"minecraft:decorated_pot":9,"valarian_conquest:spikes":24,"minecraft:acacia_slab":2,"minecraft:kelp":1,"minecraft:sandstone":12,"minecraft:furnace":2,"minecraft:andesite":19,"call_of_yucutan:ancient_gold_pillar":3,"call_of_yucutan:polished_ritual_rock":3,"minecraft:vine":1,"minecraft:rail":25,"minecraft:deepslate_iron_ore":1,"minecraft:bamboo":7,"minecraft:stone":410,"world:leavesoak":1,"call_of_yucutan:ancient_gold":8,"world:plantforestbig_2":1,"call_of_yucutan:red_limestone_tiles":27,"minecraft:crafting_table":12,"minecraft:oak_wood":48,"minecraft:copper_ore":20,"minecraft:tall_grass":18,"minecraft:blue_bed":1,"minecraft:diorite":39,"minecraft:orange_carpet":2,"call_of_yucutan:red_limestone_pressure_plate":2,"minecraft:birch_leaves":1,"minecraft:coal_ore":123,"minecraft:end_rod":1,"minecraft:gravel":45,"call_of_yucutan:ritual_rock_pillar":2,"minecraft:gray_carpet":2,"minecraft:gold_ore":6,"minecraft:chipped_anvil":3,"minecraft:fern":16},"minecraft:killed_by":{"darkestsouls:cloaked_beast_patient":6,"knighys_additions:colostula":1,"minecraft:drowned":9,"darkestsouls:leech":29,"minecraft:zombie":1,"world:dryad":1,"darkestsouls:church_doctor_scythe":1,"knighys_additions:schiper":1,"knighys_additions:pritour":5,"call_of_yucutan:undead_warrior":3,"minecraft:player":4,"call_of_yucutan:kukulkan":6,"valarian_conquest:valarian_archer":1,"darkestsouls:ashen_blood_beast_patient":1,"apollyon:the_damned":1,"minecraft:skeleton":1,"darkestsouls:hollow_assassin":1,"darkestsouls:beast_patient":2},"minecraft:killed":{"darkestsouls:gravetender_hollow_longsword":1,"darkestsouls:ashen_blood_beast_patient":1,"knighys_additions:stuffed_faceless":1,"minecraft:spider":8,"darkestsouls:church_doctor_scythe":1,"knighys_additions:spook":1,"darkestsouls:leech":18,"world:dryad":9,"minecraft:skeleton":6,"minecraft:chicken":2,"valarian_conquest:valarian_archer":2,"darkestsouls:beast_patient":4,"darkestsouls:hollow_assassin":5,"darkestsouls:hollow_longsword":3,"valarian_conquest:valarian_scout":1,"minecraft:salmon":21,"knighys_additions:cocoon":2,"darkestsouls:gravetender_hollow_broken_straightsword":2,"minecraft:creeper":5,"minecraft:sheep":5,"call_of_yucutan:undead_warrior":14,"minecraft:zombie":7,"minecraft:cow":9,"darkestsouls:hollow_axe":9,"darkestsouls:church_doctor":3,"darkestsouls:hollow_broken_straightsword":9,"darkestsouls:skeleton_falchion":2,"minecraft:drowned":11,"world:goblin":1,"valarian_conquest:mercenary":1,"minecraft:bat":1,"knighys_additions:colostula":1,"knighys_additions:distorted_stuffed_faceless":1,"darkestsouls:cloaked_beast_patient":10},"minecraft:picked_up":{"minecraft:wooden_axe":1,"call_of_yucutan:wooden_tecpatl":2,"minecraft:seagrass":3,"minecraft:wheat":1,"minecraft:suspicious_stew":1,"minecraft:potion":3,"darkestsouls:beast_blood_clump":7,"minecraft:string":10,"minecraft:raw_copper":72,"minecraft:cooked_salmon":21,"minecraft:explorer_pottery_sherd":2,"minecraft:armor_stand":1,"darkestsouls:rune_fragment":45,"minecraft:pufferfish":2,"minecraft:bucket":1,"minecraft:spruce_planks":2,"knighys_additions:odd_silk":6,"minecraft:melon_slice":157,"minecraft:furnace":3,"minecraft:blue_wool":5,"minecraft:stick":8,"call_of_yucutan:mossy_limestone_tiles":2,"minecraft:torch":3,"minecraft:acacia_log":21,"call_of_yucutan:red_limestone":9,"minecraft:diorite":36,"knighys_additions:stick_grip":1,"darkestsouls:beast_eye":1,"minecraft:orange_bed":11,"valarian_conquest:mercenary_spawn_block":1,"minecraft:rotten_flesh":19,"call_of_yucutan:mossy_red_limestone":2,"darkestsouls:titanite_fragment":17,"minecraft:cod":10,"minecraft:cobblestone":460,"minecraft:birch_log":12,"knighys_additions:lightning_ball":1,"minecraft:feather":9,"knighys_additions:nerium":3,"call_of_yucutan:chiseled_red_limestone":1,"minecraft:andesite":22,"minecraft:jungle_log":9,"minecraft:orange_carpet":2,"minecraft:black_bed":2,"minecraft:potato":6,"minecraft:flint":4,"minecraft:tuff":2,"call_of_yucutan:ritual_rock_pillar":2,"call_of_yucutan:mossy_ritual_rocks":1,"minecraft:acacia_boat":1,"minecraft:lapis_lazuli":29,"minecraft:dirt":412,"minecraft:leather_boots":1,"minecraft:bone":8,"minecraft:chipped_anvil":3,"minecraft:acacia_planks":50,"minecraft:bow":1,"minecraft:wheat_seeds":39,"minecraft:raw_gold":6,"call_of_yucutan:golden_torch":15,"minecraft:dark_oak_sign":2,"minecraft:bamboo":90,"minecraft:moss_block":2,"minecraft:oak_planks":8,"minecraft:poisonous_potato":4,"call_of_yucutan:polished_red_limestone_stairs":1,"minecraft:sand":215,"sophisticatedbackpacks:iron_backpack":8,"call_of_yucutan:red_limestone_pressure_plate":3,"minecraft:dark_oak_log":1,"minecraft:orange_wool":8,"world:oak":27,"call_of_yucutan:elder_bone":43,"call_of_yucutan:ancient_gold":12,"call_of_yucutan:red_limestone_slab":1,"minecraft:light_blue_terracotta":2,"minecraft:lever":2,"minecraft:granite":1,"minecraft:plenty_pottery_sherd":2,"minecraft:oak_sapling":2,"sophisticatedbackpacks:gold_backpack":3,"minecraft:crafting_table":13,"minecraft:chicken":1,"minecraft:clay_ball":16,"minecraft:wooden_pickaxe":1,"minecraft:diamond_horse_armor":2,"call_of_yucutan:ancient_gold_pillar":5,"gravestone:obituary":27,"minecraft:brick":17,"minecraft:shield":1,"minecraft:oak_trapdoor":1,"darkestsouls:sorcerer_staff_a":2,"minecraft:beef":24,"minecraft:oak_boat":12,"minecraft:iron_nugget":4,"minecraft:light_gray_wool":2,"minecraft:spruce_slab":2,"minecraft:chest":5,"call_of_yucutan:polished_red_limestone":7,"minecraft:spruce_trapdoor":2,"minecraft:egg":1,"minecraft:raw_iron":35,"minecraft:sandstone":15,"darkestsouls:soul_fragment":15,"minecraft:oak_door":1,"minecraft:copper_ingot":26,"minecraft:bowl":1,"minecraft:spruce_fence":4,"sophisticatedbackpacks:backpack":1,"minecraft:skull_pottery_sherd":2,"minecraft:carrot":7,"valarian_conquest:spikes":20,"minecraft:arrow":15,"minecraft:cooked_cod":5,"minecraft:decorated_pot":2,"valarian_conquest:valarian_spear":13,"minecraft:saddle":3,"minecraft:gold_ingot":11,"minecraft:glow_berries":1,"minecraft:mutton":8,"minecraft:rail":30,"minecraft:white_wool":6,"minecraft:heartbreak_pottery_sherd":2,"minecraft:salmon":22,"call_of_yucutan:flint_spear":1,"minecraft:leather":19,"minecraft:filled_map":3,"minecraft:birch_planks":4,"call_of_yucutan:ritual_rocks":2,"minecraft:oak_log":34,"darkestsouls:firebomb":1,"minecraft:gunpowder":10,"minecraft:blue_bed":2,"minecraft:paper":7,"valarian_conquest:mercenary_shield":1,"minecraft:coast_armor_trim_smithing_template":2,"call_of_yucutan:polished_ritual_rock":3,"minecraft:gray_carpet":3,"minecraft:kelp":1,"minecraft:heart_of_the_sea":3,"minecraft:iron_ingot":8,"minecraft:stone_pickaxe":11,"minecraft:blade_pottery_sherd":2,"darkestsouls:blood_stone_fragment":9,"minecraft:arms_up_pottery_sherd":2,"minecraft:acacia_sapling":1,"world:crystal_10":4,"minecraft:oak_slab":9,"minecraft:dandelion":1,"minecraft:gravel":41,"minecraft:white_bed":9,"call_of_yucutan:red_limestone_tiles":30,"darkestsouls:broken_straightsword":1,"minecraft:spider_eye":12,"minecraft:oak_wood":56,"minecraft:stone_axe":15,"darkestsouls:small_soul_fragment":15,"minecraft:acacia_slab":5,"minecraft:coal":143,"darkestsouls:throwing_knife":3},"minecraft:broken":{"minecraft:stone_pickaxe":2,"minecraft:stone_shovel":1,"minecraft:iron_pickaxe":1},"minecraft:custom":{"minecraft:interact_with_crafting_table":74,"minecraft:leave_game":19,"minecraft:time_since_death":18904,"minecraft:sprint_one_cm":817957,"minecraft:damage_blocked_by_shield":340,"minecraft:drop":603,"minecraft:play_time":609065,"minecraft:deaths":109,"minecraft:jump":5688,"minecraft:walk_on_water_one_cm":107102,"minecraft:interact_with_furnace":72,"minecraft:sleep_in_bed":24,"minecraft:damage_dealt":46893,"minecraft:player_kills":9,"minecraft:crouch_one_cm":32657,"minecraft:inspect_dispenser":2,"minecraft:horse_one_cm":359917,"minecraft:mob_kills":189,"minecraft:interact_with_campfire":11,"minecraft:climb_one_cm":11444,"minecraft:walk_one_cm":1073485,"minecraft:damage_dealt_absorbed":1601,"minecraft:sneak_time":39278,"minecraft:walk_under_water_one_cm":176648,"minecraft:boat_one_cm":976768,"minecraft:total_world_time":609065,"minecraft:time_since_rest":2218,"minecraft:damage_taken":130708,"minecraft:swim_one_cm":367249,"minecraft:fly_one_cm":1230734,"minecraft:open_chest":166,"minecraft:fish_caught":15,"minecraft:fall_one_cm":152014},"minecraft:crafted":{"minecraft:oak_planks":208,"minecraft:lever":1,"minecraft:cooked_mutton":2,"minecraft:iron_boots":1,"minecraft:chest":7,"chiselsandbits:chisel_stone":2,"minecraft:oak_slab":12,"minecraft:wooden_shovel":1,"sophisticatedbackpacks:backpack":1,"minecraft:crafting_table":4,"minecraft:acacia_slab":102,"minecraft:wooden_pickaxe":1,"minecraft:copper_ingot":32,"darkestsouls:sorcerer_staff_a":2,"minecraft:birch_planks":24,"minecraft:campfire":1,"minecraft:iron_chestplate":1,"minecraft:shield":2,"minecraft:stick":112,"minecraft:iron_ingot":18,"minecraft:iron_pickaxe":3,"minecraft:acacia_door":3,"minecraft:gold_ingot":3,"minecraft:oak_door":3,"call_of_yucutan:wooden_tecpatl":2,"minecraft:stone_shovel":2,"minecraft:furnace":4,"darkestsouls:bewitched_branch":6,"call_of_yucutan:flint_spear":1,"minecraft:iron_axe":1,"minecraft:stone_pickaxe":2,"minecraft:cooked_beef":1,"darkestsouls:small_soul_fragment":45,"minecraft:dried_kelp":3,"minecraft:acacia_trapdoor":6,"minecraft:blue_bed":1,"minecraft:cooked_salmon":17,"sophisticatedbackpacks:gold_backpack":2,"minecraft:bucket":1,"minecraft:stone_axe":2,"minecraft:jungle_planks":36,"minecraft:acacia_boat":1,"minecraft:air":0,"darkestsouls:soul_fragment":2,"minecraft:oak_boat":2,"minecraft:wooden_axe":1,"minecraft:acacia_planks":84,"minecraft:orange_bed":2,"minecraft:torch":120},"minecraft:dropped":{"sophisticatedbackpacks:iron_backpack":1,"minecraft:moss_block":2,"call_of_yucutan:elder_bone":37,"minecraft:lapis_lazuli":4,"call_of_yucutan:polished_red_limestone":5,"minecraft:diamond":2,"minecraft:leather":8,"valarian_conquest:spikes":2,"minecraft:cod":1,"sophisticatedbackpacks:gold_backpack":3,"minecraft:emerald":14,"valarian_conquest:mercenary_spawn_block":2,"minecraft:mutton":5,"minecraft:coast_armor_trim_smithing_template":2,"minecraft:seagrass":3,"minecraft:cooked_cod":5,"gravestone:obituary":101,"call_of_yucutan:red_limestone":2,"minecraft:acacia_door":1,"minecraft:white_wool":4,"minecraft:blue_bed":1,"minecraft:gold_ingot":5,"minecraft:bone":2,"minecraft:stone_axe":1,"darkestsouls:blood_stone_fragment":7,"minecraft:lever":2,"minecraft:iron_nugget":3,"darkestsouls:titanite_fragment":11,"minecraft:wheat":8,"minecraft:blue_wool":2,"minecraft:rotten_flesh":7,"minecraft:oak_planks":2,"knighys_additions:nerium":2,"darkestsouls:beast_blood_clump":2,"minecraft:white_bed":1,"call_of_yucutan:mossy_limestone_tiles":2,"minecraft:gunpowder":11,"minecraft:blade_pottery_sherd":2,"minecraft:acacia_slab":2,"minecraft:acacia_sapling":1,"minecraft:arms_up_pottery_sherd":2,"minecraft:chest":1,"minecraft:painting":1,"call_of_yucutan:ancient_gold_pillar":5,"minecraft:spruce_slab":1,"minecraft:arrow":7,"minecraft:beef":23,"darkestsouls:sorcerer_staff_a":1,"world:crystal_10":4,"call_of_yucutan:ritual_rocks":2,"darkestsouls:soul_fragment":9,"minecraft:iron_ingot":1,"darkestsouls:rune_fragment":26,"minecraft:oak_slab":6,"minecraft:wheat_seeds":9,"call_of_yucutan:mossy_ritual_rocks":1,"minecraft:plenty_pottery_sherd":2,"minecraft:prismarine_crystals":3,"minecraft:feather":5,"minecraft:book":9,"darkestsouls:firebomb":1,"minecraft:explorer_pottery_sherd":2,"valarian_conquest:mercenary_sword":4,"minecraft:copper_ingot":26,"call_of_yucutan:polished_red_limestone_stairs":1,"minecraft:coal":51,"minecraft:pufferfish":1,"call_of_yucutan:red_limestone_slab":1,"minecraft:diamond_horse_armor":1,"darkestsouls:broken_straightsword":1,"minecraft:diorite":1,"call_of_yucutan:polished_ritual_rock":1,"minecraft:melon_slice":31,"minecraft:potion":2,"valarian_conquest:command_wand":1,"minecraft:heart_of_the_sea":1,"minecraft:chipped_anvil":3,"minecraft:orange_bed":1,"minecraft:paper":24,"minecraft:string":4,"call_of_yucutan:red_limestone_pressure_plate":1,"minecraft:gray_carpet":1,"minecraft:skull_pottery_sherd":2,"minecraft:raw_copper":15,"call_of_yucutan:ancient_gold":9,"minecraft:bowl":1,"valarian_conquest:valarian_spear":1,"minecraft:stone_shovel":1,"sophisticatedbackpacks:backpack":1,"minecraft:name_tag":1,"call_of_yucutan:golden_torch":6,"darkestsouls:throwing_knife":2,"minecraft:spruce_fence":1,"chiselsandbits:chisel_stone":1,"minecraft:filled_map":6,"call_of_yucutan:chiseled_red_limestone":1,"call_of_yucutan:flint_spear":1,"minecraft:shield":1,"minecraft:spruce_trapdoor":2,"minecraft:spider_eye":5,"knighys_additions:stick_grip":1,"minecraft:sandstone":3,"minecraft:stone_pickaxe":2,"darkestsouls:beast_eye":1,"minecraft:light_blue_terracotta":2,"minecraft:heartbreak_pottery_sherd":2,"minecraft:brick":17}},"DataVersion":3465}