{"stats":{"minecraft:broken":{"minecraft:stone_axe":2,"minecraft:iron_pickaxe":1,"minecraft:stone_shovel":8},"minecraft:mined":{"knighys_additions:nerium":1,"farmersdelight:rich_soil":9,"minecraft:white_bed":4,"minecraft:farmland":9,"minecraft:oak_door":1,"minecraft:orange_wool":12,"gravestone:gravestone":8,"minecraft:grass_block":133,"world:oak":19,"minecraft:spruce_leaves":2,"minecraft:blue_wool":10,"minecraft:composter":5,"minecraft:hay_block":8,"minecraft:oak_trapdoor":2,"minecraft:furnace":1,"minecraft:carrots":14,"minecraft:iron_ore":16,"minecraft:azure_bluet":1,"minecraft:bell":2,"minecraft:cobblestone_slab":8,"minecraft:potatoes":29,"minecraft:dirt_path":15,"minecraft:oak_stairs":1,"minecraft:stripped_oak_log":1,"minecraft:stone":462,"minecraft:orange_bed":10,"minecraft:smithing_table":1,"minecraft:glass_pane":7,"minecraft:crafting_table":3,"minecraft:blast_furnace":2,"minecraft:oak_wood":71,"minecraft:tall_grass":3,"minecraft:glass":1,"minecraft:cobblestone":13,"minecraft:oak_planks":4,"minecraft:wall_torch":3,"minecraft:diorite":3,"minecraft:blue_bed":8,"farmersdelight:wild_beetroots":1,"world:pfb":1,"minecraft:wheat":34,"minecraft:yellow_bed":2,"minecraft:grass":30,"minecraft:oak_log":42,"minecraft:coal_ore":85,"minecraft:beetroots":3,"minecraft:sand":724,"minecraft:end_rod":1,"minecraft:dirt":325,"minecraft:gravel":3,"minecraft:oak_leaves":3},"minecraft:crafted":{"minecraft:oak_door":3,"minecraft:oak_planks":232,"minecraft:cobblestone_slab":6,"minecraft:stone_shovel":10,"minecraft:fishing_rod":1,"minecraft:stone":2,"minecraft:bone_meal":6,"minecraft:glass_pane":80,"minecraft:oak_trapdoor":2,"minecraft:glass":104,"minecraft:stone_pickaxe":2,"minecraft:chest":2,"minecraft:oak_fence":6,"chiselsandbits:chisel_stone":2,"minecraft:wheat":81,"minecraft:crafting_table":2,"minecraft:wooden_pickaxe":1,"minecraft:blue_bed":3,"minecraft:bucket":1,"minecraft:campfire":1,"minecraft:stone_axe":3,"minecraft:bread":31,"minecraft:air":0,"minecraft:oak_fence_gate":1,"minecraft:oak_boat":3,"minecraft:stick":112,"minecraft:iron_ingot":1,"minecraft:iron_pickaxe":1,"minecraft:torch":136,"minecraft:orange_bed":4},"minecraft:custom":{"minecraft:mob_kills":59,"minecraft:animals_bred":2,"minecraft:interact_with_crafting_table":38,"minecraft:open_barrel":9,"minecraft:interact_with_campfire":6,"minecraft:bell_ring":2,"minecraft:time_since_death":44214,"minecraft:climb_one_cm":956,"minecraft:sprint_one_cm":385800,"minecraft:walk_one_cm":727737,"minecraft:damage_blocked_by_shield":180,"minecraft:drop":125,"minecraft:talked_to_villager":22,"minecraft:play_time":221700,"minecraft:deaths":8,"minecraft:sneak_time":6042,"minecraft:walk_under_water_one_cm":52563,"minecraft:boat_one_cm":181263,"minecraft:jump":2527,"minecraft:walk_on_water_one_cm":49771,"minecraft:total_world_time":221700,"minecraft:interact_with_furnace":27,"minecraft:sleep_in_bed":14,"minecraft:time_since_rest":41061,"minecraft:waystone_activated":1,"minecraft:damage_taken":10003663,"minecraft:damage_dealt":16741,"minecraft:swim_one_cm":53399,"minecraft:fly_one_cm":387702,"minecraft:open_chest":76,"minecraft:crouch_one_cm":16491,"minecraft:fish_caught":3,"minecraft:fall_one_cm":62514,"minecraft:horse_one_cm":18898},"minecraft:killed_by":{"darkestsouls:cloaked_beast_patient":3,"valarian_conquest:valarian_raider":2,"alexsmobs:cachalot_whale":1,"bwrtherain:vapor":1,"apollyon:the_damned":1},"minecraft:dropped":{"minecraft:iron_ingot":4,"arphex:burning_glands":1,"minecraft:wheat_seeds":2,"minecraft:diamond":1,"minecraft:coal":4,"minecraft:emerald":6,"minecraft:torch":77,"gravestone:obituary":10,"minecraft:wither_rose":2,"minecraft:orange_bed":3,"minecraft:fermented_spider_eye":1,"minecraft:fishing_rod":1,"chiselsandbits:block_bit":677,"minecraft:gold_ingot":2,"minecraft:furnace":1,"minecraft:stone_axe":1,"minecraft:blue_wool":1,"minecraft:stone_shovel":1,"minecraft:rotten_flesh":2,"minecraft:oak_planks":29,"minecraft:azure_bluet":1,"darkestsouls:throwing_knife":2,"minecraft:salmon":1,"minecraft:glass_pane":7,"chiselsandbits:chisel_stone":1,"minecraft:filled_map":2,"minecraft:potato":18,"minecraft:oak_wood":50,"minecraft:beetroot_seeds":1,"minecraft:yellow_bed":1,"minecraft:stone_pickaxe":2,"minecraft:wooden_pickaxe":1},"minecraft:picked_up":{"minecraft:crafting_table":3,"minecraft:wheat":32,"minecraft:azure_bluet":6,"valarian_conquest:valarian_battle_axe":1,"minecraft:smithing_table":1,"minecraft:oak_stairs":1,"minecraft:wither_rose":3,"gravestone:obituary":2,"minecraft:shield":1,"darkestsouls:beast_blood_clump":12,"minecraft:string":2,"minecraft:oak_trapdoor":2,"minecraft:iron_axe":1,"minecraft:cooked_salmon":3,"minecraft:pufferfish":2,"minecraft:glass_pane":8,"minecraft:beetroot":3,"minecraft:oak_boat":8,"minecraft:cobblestone_slab":8,"minecraft:iron_nugget":4,"minecraft:iron_pickaxe":1,"minecraft:furnace":1,"minecraft:blue_wool":10,"minecraft:raw_iron":16,"darkestsouls:soul_fragment":6,"minecraft:oak_door":1,"minecraft:composter":5,"minecraft:torch":6,"minecraft:porkchop":2,"minecraft:diorite":3,"minecraft:carrot":31,"minecraft:arrow":3,"minecraft:orange_bed":12,"minecraft:rotten_flesh":4,"minecraft:beetroot_seeds":8,"minecraft:hay_block":9,"minecraft:cod":1,"minecraft:cobblestone":467,"alexsmobs:lobster_tail":1,"minecraft:stripped_oak_log":1,"farmersdelight:rich_soil":9,"minecraft:feather":2,"knighys_additions:nerium":1,"minecraft:salmon":1,"minecraft:red_mushroom":5,"minecraft:potato":57,"minecraft:filled_map":1,"minecraft:oak_log":42,"minecraft:yellow_bed":2,"minecraft:gunpowder":2,"minecraft:dirt":516,"minecraft:blue_bed":8,"minecraft:bone":3,"chiselsandbits:chiseled_block":3,"minecraft:wheat_seeds":86,"minecraft:bell":2,"arphex:burning_glands":1,"darkestsouls:blood_stone_fragment":2,"minecraft:oak_planks":4,"minecraft:stone_hoe":1,"world:crystal_10":1,"minecraft:cooked_porkchop":3,"world:crystal_9":1,"minecraft:poisonous_potato":1,"minecraft:gravel":3,"minecraft:sand":723,"minecraft:blast_furnace":2,"minecraft:white_bed":4,"minecraft:fermented_spider_eye":1,"minecraft:orange_wool":12,"world:oak":19,"minecraft:oak_wood":71,"minecraft:spruce_boat":2,"darkestsouls:small_soul_fragment":2,"minecraft:coal":83,"darkestsouls:throwing_knife":6},"minecraft:killed":{"darkestsouls:ashen_blood_beast_patient":1,"minecraft:spider":1,"alexsmobs:seagull":1,"world:dryad":4,"valarian_conquest:valarian_ranger":5,"minecraft:skeleton":4,"darkestsouls:hollow_broken_straightsword":1,"arphex:hornet_harbinger":1,"valarian_conquest:valarian_archer":1,"darkestsouls:beast_patient":5,"darkestsouls:church_doctor_lantern":3,"arphex:ant_arsonist":2,"darkestsouls:hollow_longsword":1,"darkestsouls:hollow_assassin":5,"minecraft:cat":1,"world:goblin":3,"arphex:spider_larvae_tiny":1,"minecraft:pig":2,"darkestsouls:gravetender_hollow_broken_straightsword":1,"minecraft:creeper":1,"arphex:centipede_evictor_larvae":1,"minecraft:zombie":5,"darkestsouls:cloaked_beast_patient":7,"apollyon:the_damned":2},"minecraft:used":{"minecraft:oak_fence":3,"minecraft:oak_trapdoor":4,"minecraft:beetroot":1,"chiselsandbits:chiseled_block":3,"minecraft:stone_shovel":1111,"knighys_additions:nerium":1,"minecraft:chest":2,"minecraft:shield":5,"minecraft:bell":2,"farmersdelight:rich_soil":9,"minecraft:cooked_salmon":3,"minecraft:stone_hoe":61,"minecraft:oak_door":4,"minecraft:orange_bed":13,"minecraft:torch":48,"minecraft:dirt":385,"minecraft:azure_bluet":5,"minecraft:oak_fence_gate":1,"minecraft:spruce_boat":2,"minecraft:glass":72,"alexsmobs:lobster_tail":1,"minecraft:iron_axe":136,"minecraft:oak_stairs":1,"world:oak":19,"minecraft:cooked_cod":4,"minecraft:potato":47,"minecraft:wheat_seeds":34,"minecraft:water_bucket":37,"minecraft:diorite":3,"minecraft:stone_pickaxe":108,"minecraft:oak_planks":3,"minecraft:wooden_pickaxe":3,"minecraft:composter":5,"minecraft:cobblestone_slab":14,"minecraft:blue_bed":11,"minecraft:crafting_table":5,"minecraft:blast_furnace":1,"minecraft:campfire":1,"minecraft:white_bed":4,"minecraft:oak_log":1,"minecraft:bread":29,"minecraft:iron_pickaxe":486,"minecraft:gravel":3,"minecraft:stone_axe":180,"minecraft:fishing_rod":4,"minecraft:cobblestone":10,"minecraft:cooked_porkchop":3,"minecraft:bucket":38,"minecraft:glass_pane":73,"minecraft:yellow_bed":1,"alexsmobs:animal_dictionary":1,"minecraft:oak_boat":10,"minecraft:bone_meal":6}},"DataVersion":3465}