{"stats":{"minecraft:broken":{"minecraft:stone_axe":1},"minecraft:mined":{"minecraft:furnace":1,"minecraft:oak_door":1,"minecraft:crafting_table":2,"minecraft:oak_log":9,"minecraft:oak_wood":71,"minecraft:grass_block":4,"minecraft:coal_ore":12,"minecraft:dirt":43,"minecraft:stripped_oak_log":1,"world:oak":19,"minecraft:stone":88,"minecraft:oak_leaves":3},"minecraft:crafted":{"minecraft:oak_door":3,"minecraft:oak_planks":64,"minecraft:stone_shovel":2,"minecraft:crafting_table":1,"minecraft:stick":32,"minecraft:iron_ingot":1,"minecraft:wooden_pickaxe":1,"minecraft:stone_pickaxe":2,"minecraft:stone":2,"minecraft:torch":48,"minecraft:stone_axe":3,"minecraft:air":0,"chiselsandbits:chisel_stone":2},"minecraft:custom":{"minecraft:time_since_rest":29700,"minecraft:damage_taken":108,"minecraft:interact_with_furnace":10,"minecraft:sprint_one_cm":10967,"minecraft:walk_one_cm":89721,"minecraft:mob_kills":7,"minecraft:drop":55,"minecraft:damage_dealt":1628,"minecraft:interact_with_crafting_table":12,"minecraft:fly_one_cm":26312,"minecraft:crouch_one_cm":1873,"minecraft:play_time":29700,"minecraft:sneak_time":2130,"minecraft:jump":299,"minecraft:time_since_death":29700,"minecraft:total_world_time":29700,"minecraft:fall_one_cm":7194},"minecraft:dropped":{"minecraft:iron_ingot":1,"minecraft:stone_axe":1,"minecraft:torch":23,"minecraft:stone_shovel":1,"minecraft:oak_planks":29,"minecraft:stone_pickaxe":1,"minecraft:wooden_pickaxe":1,"chiselsandbits:chisel_stone":1,"chiselsandbits:block_bit":677},"minecraft:picked_up":{"minecraft:stripped_oak_log":1,"minecraft:crafting_table":2,"minecraft:cooked_porkchop":1,"minecraft:oak_door":1,"minecraft:porkchop":2,"minecraft:oak_log":9,"minecraft:shield":1,"darkestsouls:beast_blood_clump":7,"minecraft:dirt":47,"world:oak":19,"minecraft:oak_wood":71,"chiselsandbits:chiseled_block":3,"darkestsouls:blood_stone_fragment":1,"minecraft:iron_pickaxe":1,"minecraft:coal":12,"minecraft:cobblestone":88,"minecraft:furnace":1},"minecraft:killed":{"world:goblin":2,"minecraft:pig":2,"darkestsouls:cloaked_beast_patient":1,"darkestsouls:beast_patient":2},"minecraft:used":{"minecraft:oak_log":1,"chiselsandbits:chiseled_block":3,"minecraft:stone_shovel":12,"minecraft:stone_pickaxe":100,"minecraft:wooden_pickaxe":3,"minecraft:stone_axe":117,"minecraft:torch":2,"minecraft:oak_door":4,"world:oak":19,"minecraft:dirt":23,"minecraft:crafting_table":2,"minecraft:cooked_porkchop":1,"alexsmobs:animal_dictionary":1}},"DataVersion":3465}