{"stats":{"minecraft:used":{"minecraft:cooked_mutton":2,"call_of_yucutan:flint_spear":3,"minecraft:diorite":20,"securitycraft:keypad_chest":2,"minecraft:stone_pickaxe":268,"minecraft:chest":1,"minecraft:wooden_pickaxe":12,"minecraft:wooden_shovel":32,"minecraft:iron_chestplate":1,"minecraft:glow_berries":2,"minecraft:torch":12,"minecraft:dirt":38,"minecraft:crafting_table":8,"minecraft:granite":1,"minecraft:wooden_axe":16,"call_of_yucutan:wooden_tecpatl":5,"minecraft:iron_axe":3,"minecraft:melon_slice":29,"minecraft:iron_pickaxe":2,"minecraft:iron_boots":1,"minecraft:gravel":38,"minecraft:golden_sword":8,"minecraft:stone_axe":63,"world:oak":17,"minecraft:cobblestone":6,"minecraft:furnace":4,"minecraft:andesite":7},"minecraft:crafted":{"call_of_yucutan:wooden_tecpatl":2,"minecraft:oak_planks":80,"minecraft:wooden_shovel":1,"minecraft:crafting_table":2,"minecraft:wooden_pickaxe":1,"minecraft:furnace":3,"minecraft:copper_ingot":32,"minecraft:bucket":1,"minecraft:birch_planks":24,"minecraft:stone_axe":1,"minecraft:cooked_mutton":2,"minecraft:air":0,"minecraft:jungle_planks":36,"call_of_yucutan:flint_spear":1,"minecraft:iron_boots":1,"minecraft:iron_chestplate":1,"minecraft:shield":2,"minecraft:iron_axe":1,"minecraft:stick":86,"minecraft:iron_ingot":18,"minecraft:iron_pickaxe":1,"minecraft:stone_pickaxe":2,"minecraft:wooden_axe":1,"minecraft:chest":1,"minecraft:torch":72},"minecraft:killed":{"darkestsouls:church_doctor":1,"knighys_additions:stuffed_faceless":1,"minecraft:sheep":1,"darkestsouls:hollow_broken_straightsword":1,"darkestsouls:skeleton_falchion":2,"darkestsouls:beast_patient":1,"valarian_conquest:valarian_scout":1},"minecraft:dropped":{"minecraft:stone_axe":1,"minecraft:wheat_seeds":1,"minecraft:raw_copper":13,"darkestsouls:beast_blood_clump":2,"minecraft:copper_ingot":26,"call_of_yucutan:flint_spear":1,"minecraft:shield":1,"minecraft:melon_slice":31,"minecraft:chest":1,"minecraft:stone_pickaxe":1},"minecraft:custom":{"minecraft:interact_with_furnace":37,"minecraft:mob_kills":8,"minecraft:interact_with_crafting_table":27,"minecraft:leave_game":2,"minecraft:time_since_death":2653,"minecraft:climb_one_cm":7174,"minecraft:time_since_rest":2682,"minecraft:sprint_one_cm":117787,"minecraft:damage_taken":2268,"minecraft:walk_one_cm":192263,"minecraft:drop":40,"minecraft:damage_dealt":2717,"minecraft:damage_dealt_absorbed":209,"minecraft:swim_one_cm":42891,"minecraft:fly_one_cm":167533,"minecraft:open_chest":8,"minecraft:crouch_one_cm":10603,"minecraft:play_time":138080,"minecraft:deaths":5,"minecraft:sneak_time":28205,"minecraft:walk_under_water_one_cm":18209,"minecraft:boat_one_cm":67384,"minecraft:jump":1053,"minecraft:walk_on_water_one_cm":11074,"minecraft:total_world_time":138080,"minecraft:fall_one_cm":34202},"minecraft:killed_by":{"darkestsouls:leech":2,"minecraft:skeleton":1,"knighys_additions:schiper":1},"minecraft:picked_up":{"minecraft:birch_log":9,"knighys_additions:lightning_ball":1,"minecraft:crafting_table":8,"minecraft:clay_ball":16,"minecraft:jungle_log":9,"minecraft:andesite":8,"call_of_yucutan:flint_spear":1,"minecraft:flint":4,"minecraft:tuff":2,"minecraft:oak_log":21,"darkestsouls:beast_blood_clump":2,"minecraft:string":1,"minecraft:dirt":65,"minecraft:raw_copper":43,"darkestsouls:rune_fragment":2,"minecraft:bone":1,"minecraft:wheat_seeds":3,"minecraft:raw_gold":1,"minecraft:iron_ingot":8,"minecraft:stone_pickaxe":2,"minecraft:bamboo":85,"minecraft:melon_slice":71,"minecraft:chest":1,"minecraft:furnace":2,"minecraft:stick":2,"minecraft:raw_iron":31,"minecraft:copper_ingot":26,"minecraft:torch":2,"minecraft:gravel":41,"minecraft:diorite":20,"world:oak":22,"minecraft:oak_wood":1,"minecraft:stone_axe":2,"minecraft:granite":1,"darkestsouls:small_soul_fragment":1,"minecraft:glow_berries":1,"minecraft:mutton":2,"minecraft:coal":72,"minecraft:white_wool":1,"minecraft:cobblestone":159},"minecraft:broken":{"minecraft:stone_pickaxe":1},"minecraft:mined":{"world:plantforestbig_2":1,"minecraft:jungle_leaves":5,"minecraft:clay":4,"minecraft:crafting_table":8,"minecraft:granite":4,"minecraft:oak_wood":1,"minecraft:grass_block":21,"minecraft:melon":14,"minecraft:chest":1,"minecraft:jungle_log":9,"minecraft:copper_ore":11,"world:oak":22,"minecraft:diorite":20,"minecraft:wall_torch":1,"minecraft:seagrass":1,"minecraft:tall_seagrass":1,"minecraft:furnace":2,"minecraft:birch_log":9,"minecraft:iron_ore":27,"minecraft:birch_leaves":1,"minecraft:andesite":5,"minecraft:grass":17,"minecraft:coal_ore":52,"minecraft:oak_log":21,"minecraft:deepslate_iron_ore":1,"minecraft:end_rod":1,"minecraft:gravel":45,"minecraft:dirt":42,"minecraft:bamboo":7,"minecraft:stone":156,"world:leavesoak":1,"minecraft:gold_ore":1,"minecraft:oak_leaves":8,"minecraft:fern":3}},"DataVersion":3465}